x,y,z,vx,vy,vz,mass,metallicity,id
15.567296528961112,-3.63546884136465,-0.6152578731582983,0.0,0.0,0.0,1000000.0,0.02,0
0.15378811407371407,-1.3140247098459767,-0.1798560308771071,0.0,0.0,0.0,1000000.0,0.02,0
-5.464410041873482,-1.3102251906638953,0.1680086440747326,0.0,0.0,0.0,1000000.0,0.02,0
-4.1201692561958065,-3.1878310938809853,-0.07342377068810446,0.0,0.0,0.0,1000000.0,0.02,0
-3.823543345072829,-7.118732563632749,1.3533701321347031,0.0,0.0,0.0,1000000.0,0.02,0
-0.7089364538886584,-0.40499714593675856,0.6579676881785925,0.0,0.0,0.0,1000000.0,0.02,0
-0.36090123964029897,4.1733395672943505,0.49383063976871266,0.0,0.0,0.0,1000000.0,0.02,0
17.448984625146895,0.3330124305872211,-1.9248860480399719,0.0,0.0,0.0,1000000.0,0.02,0
5.944756743485803,-1.2319580985287948,-0.7171544321973595,0.0,0.0,0.0,1000000.0,0.02,0
20.763699025922513,3.066174188469762,-1.0939773629245408,0.0,0.0,0.0,1000000.0,0.02,0
-4.630543867882583,-2.7413537192643496,0.22216450936615484,0.0,0.0,0.0,1000000.0,0.02,0
-6.639586657594541,19.67059055206117,-0.08960976553286848,0.0,0.0,0.0,1000000.0,0.02,0
-0.47351104741608036,0.2764604356114232,0.5066293761956588,0.0,0.0,0.0,1000000.0,0.02,0
-0.02027800553853636,-0.1249334332756202,0.09459265666238625,0.0,0.0,0.0,1000000.0,0.02,0
6.2962447962616785,0.8679923583842858,0.6856753402525948,0.0,0.0,0.0,1000000.0,0.02,0
9.302987797136248,4.4099545102349476,0.1377188675966412,0.0,0.0,0.0,1000000.0,0.02,0
-10.866576513011028,2.8586014696266346,-0.48223717027373514,0.0,0.0,0.0,1000000.0,0.02,0
-0.7303982044368393,0.8524278811851785,-0.33551068247233395,0.0,0.0,0.0,1000000.0,0.02,0
-10.583246850263068,-15.181350981418735,0.02748028407806835,0.0,0.0,0.0,1000000.0,0.02,0
-1.1879650561798176,2.6591646362567594,-0.04482097104243099,0.0,0.0,0.0,1000000.0,0.02,0
-8.884236613162408,-8.280030709698522,0.22913886428473518,0.0,0.0,0.0,1000000.0,0.02,0
4.035504157436803,1.7461295816973526,0.30222879631580213,0.0,0.0,0.0,1000000.0,0.02,0
-0.07807597227071646,-0.8613802989676349,-1.16768752829217,0.0,0.0,0.0,1000000.0,0.02,0
-11.797284829796522,8.083445052519405,-0.9186679408036094,0.0,0.0,0.0,1000000.0,0.02,0
-10.893266691245406,4.523521011510754,-0.18066853257811744,0.0,0.0,0.0,1000000.0,0.02,0
-1.6863433684229978,2.86120059343015,-0.22193818127443077,0.0,0.0,0.0,1000000.0,0.02,0
14.917948327647668,9.114614487002804,1.3831198759987657,0.0,0.0,0.0,1000000.0,0.02,0
-2.319145871393774,-1.1736403451137152,0.7799708023519685,0.0,0.0,0.0,1000000.0,0.02,0
0.35090870370856475,0.6994120503153849,0.0067582044143419395,0.0,0.0,0.0,1000000.0,0.02,0
2.0965143045342067,1.9717525088422565,-1.7617155791007768,0.0,0.0,0.0,1000000.0,0.02,0
0.16706677048348073,0.4432319181768116,0.8039355791443636,0.0,0.0,0.0,1000000.0,0.02,0
10.962372549217157,-10.378277005066156,0.3018404885085637,0.0,0.0,0.0,1000000.0,0.02,0
0.595788489624716,2.9479530628622026,-0.22332110345871836,0.0,0.0,0.0,1000000.0,0.02,0
-2.3954952670178358,-12.471183847867632,-0.5788481370820504,0.0,0.0,0.0,1000000.0,0.02,0
-14.883880832728982,-1.997614830777451,-0.19969469589587696,0.0,0.0,0.0,1000000.0,0.02,0
-0.15816927711381704,-0.045124941131707154,0.40524038690315667,0.0,0.0,0.0,1000000.0,0.02,0
1.8948738517283243,0.7542632014625278,0.5869289715520916,0.0,0.0,0.0,1000000.0,0.02,0
0.6088416908375002,2.065432349031922,-0.9871978749969905,0.0,0.0,0.0,1000000.0,0.02,0
-3.402231076087884,-2.804223979304939,-0.01184094195840757,0.0,0.0,0.0,1000000.0,0.02,0
-0.7021595940232677,0.3704257784195923,1.0733507098564665,0.0,0.0,0.0,1000000.0,0.02,0
3.694950965155583,-6.708413548223759,1.9178119819666328,0.0,0.0,0.0,1000000.0,0.02,0
-12.242163771521868,6.086281189390557,1.038148828363303,0.0,0.0,0.0,1000000.0,0.02,0
-3.9034333290076697,-3.1533890664986837,-0.8165439773808414,0.0,0.0,0.0,1000000.0,0.02,0
2.34027479840791,5.072215914648231,-0.9016855347729997,0.0,0.0,0.0,1000000.0,0.02,0
-0.10265643467785482,-0.11660828569309517,0.5369183336356418,0.0,0.0,0.0,1000000.0,0.02,0
0.21366199234384636,0.10740490982612097,-0.047465036632906354,0.0,0.0,0.0,1000000.0,0.02,0
-13.317535652801414,-26.210091753589126,-0.8786903691673151,0.0,0.0,0.0,1000000.0,0.02,0
5.6722572102584925,-2.926087519177226,-0.27543163260203496,0.0,0.0,0.0,1000000.0,0.02,0
1.4649601925469624,-2.8920648391836714,-0.36965250451738907,0.0,0.0,0.0,1000000.0,0.02,0
-10.91684624410165,-8.601418454668432,0.7503010569848341,0.0,0.0,0.0,1000000.0,0.02,0
-0.8423777323568132,0.6311149221221733,1.7413151501365745,0.0,0.0,0.0,1000000.0,0.02,0
0.5072790366218196,2.4767917252887273,1.3452832646772688,0.0,0.0,0.0,1000000.0,0.02,0
-6.333905546919574,-3.3987077662245486,1.4225924083476418,0.0,0.0,0.0,1000000.0,0.02,0
-1.9917148286506667,-8.660329343761239,0.6467391599347385,0.0,0.0,0.0,1000000.0,0.02,0
4.127041596155471,0.6793287213638617,0.3717441330740856,0.0,0.0,0.0,1000000.0,0.02,0
3.626739500454651,-2.419788210420715,-0.41042330304646235,0.0,0.0,0.0,1000000.0,0.02,0
2.412132410011913,-2.2919029433410674,-1.0181493553033736,0.0,0.0,0.0,1000000.0,0.02,0
-1.4708868861272573,-2.9941910999098313,0.6567610587850714,0.0,0.0,0.0,1000000.0,0.02,0
0.6136231379788404,1.7232840392212165,0.4154801724375661,0.0,0.0,0.0,1000000.0,0.02,0
-0.573572029323648,1.4333076148311654,-0.8255139838242922,0.0,0.0,0.0,1000000.0,0.02,0
-0.8022719732346778,7.826570283511243,0.9304167808963815,0.0,0.0,0.0,1000000.0,0.02,0
2.390067846489192,-2.018913870187467,-0.9825604607427394,0.0,0.0,0.0,1000000.0,0.02,0
-2.181763670096671,1.7366076088847195,0.004345881641942384,0.0,0.0,0.0,1000000.0,0.02,0
-0.13650967105968095,-1.480679454560429,0.32567267882006945,0.0,0.0,0.0,1000000.0,0.02,0
0.4994497706118446,-4.003572857416275,-0.18236460017223965,0.0,0.0,0.0,1000000.0,0.02,0
-8.640765422933404,-1.1539752239675871,1.0271384891215094,0.0,0.0,0.0,1000000.0,0.02,0
5.172502805705625,-3.0913285378806803,-0.8956112869623505,0.0,0.0,0.0,1000000.0,0.02,0
4.245349075146785,3.040423130269305,-0.7678872235933971,0.0,0.0,0.0,1000000.0,0.02,0
1.8022793201812346,-8.048166198528328,-0.31755719739426347,0.0,0.0,0.0,1000000.0,0.02,0
-7.093145124755246,-7.7126764131325904,-0.1061637226042853,0.0,0.0,0.0,1000000.0,0.02,0
8.246671234079685,5.979498710298494,0.4473569819772756,0.0,0.0,0.0,1000000.0,0.02,0
-6.425704400885505,-2.033729997190775,-0.2741352848956966,0.0,0.0,0.0,1000000.0,0.02,0
19.52165386713635,6.473100369147208,-0.41260496835157756,0.0,0.0,0.0,1000000.0,0.02,0
5.117994094227455,1.7875353336874884,-1.1094221604049705,0.0,0.0,0.0,1000000.0,0.02,0
-9.047415475101118,12.874130331905478,-0.7802731688843609,0.0,0.0,0.0,1000000.0,0.02,0
5.5350470748588245,10.09441491564137,0.35684317968944335,0.0,0.0,0.0,1000000.0,0.02,0
1.3187646634017773,-0.5559010767464733,0.8821857478434918,0.0,0.0,0.0,1000000.0,0.02,0
-0.9182897124960758,-0.49346537626065856,1.0498634722272362,0.0,0.0,0.0,1000000.0,0.02,0
0.2222372782762645,-0.7985627102056343,-0.487759094824594,0.0,0.0,0.0,1000000.0,0.02,0
-0.438584934041323,0.37166649681963443,0.10840936670038737,0.0,0.0,0.0,1000000.0,0.02,0
3.4177903881950487,-1.8796195237129103,-0.1881398470301825,0.0,0.0,0.0,1000000.0,0.02,0
7.904797159281371,11.906813553355189,-0.7341117517818292,0.0,0.0,0.0,1000000.0,0.02,0
8.726183621166333,-22.97222509425717,-0.8052145329168434,0.0,0.0,0.0,1000000.0,0.02,0
6.323324655262758,-2.034037176498624,-0.19995513003990162,0.0,0.0,0.0,1000000.0,0.02,0
0.6409701034579525,-4.00188116465964,-1.9856356345067514,0.0,0.0,0.0,1000000.0,0.02,0
-0.1914744395497312,0.2810563310265972,-0.28444474288863475,0.0,0.0,0.0,1000000.0,0.02,0
1.3316195521276666,-4.186124885337435,0.42510431304112917,0.0,0.0,0.0,1000000.0,0.02,0
7.050593936031195,-10.829384523322648,1.2619257860219637,0.0,0.0,0.0,1000000.0,0.02,0
-2.8494384405457946,-1.7414008344125815,-1.2759319391054227,0.0,0.0,0.0,1000000.0,0.02,0
-16.691191453406727,-16.909601804199085,-1.1360564316646347,0.0,0.0,0.0,1000000.0,0.02,0
-3.7086659255575225,0.8925753900730908,1.2464000144160527,0.0,0.0,0.0,1000000.0,0.02,0
0.24186421350225873,-2.2605451773971725,0.7944266929306405,0.0,0.0,0.0,1000000.0,0.02,0
1.1866145729621995,10.404166531012986,1.2034024215830579,0.0,0.0,0.0,1000000.0,0.02,0
1.9902298560477927,5.404397249880116,-0.7873607149594157,0.0,0.0,0.0,1000000.0,0.02,0
-3.0428048678109523,1.096813094301721,-1.0329729621897394,0.0,0.0,0.0,1000000.0,0.02,0
5.384741774631485,-14.498857794666016,-1.011494540827493,0.0,0.0,0.0,1000000.0,0.02,0
-0.11698858405978335,-1.260486127479583,0.8464135708078011,0.0,0.0,0.0,1000000.0,0.02,0
-1.3954244536532585,1.5682706466425649,1.6229490866273037,0.0,0.0,0.0,1000000.0,0.02,0
-10.865893016428013,6.623420830080251,0.5568297747208506,0.0,0.0,0.0,1000000.0,0.02,0
-7.178867547844189,10.898388111934649,-1.7464643749342352,0.0,0.0,0.0,1000000.0,0.02,0
19.053038485320506,5.739283214229249,-0.23207410047380073,0.0,0.0,0.0,1000000.0,0.02,0
2.4077417150323113,-5.594184870248158,-0.22667587516043142,0.0,0.0,0.0,1000000.0,0.02,0
-0.4221508291434208,-12.024743818874049,1.9668179584430696,0.0,0.0,0.0,1000000.0,0.02,0
0.417929800070282,-1.0916249768089954,-1.8268886480228295,0.0,0.0,0.0,1000000.0,0.02,0
6.497128375728553,-0.9798962929081981,1.4245157240209982,0.0,0.0,0.0,1000000.0,0.02,0
1.2367735078932809,-4.710672604400915,-0.2627102448450005,0.0,0.0,0.0,1000000.0,0.02,0
1.423207235863969,0.46354262529182133,-0.31250584967670747,0.0,0.0,0.0,1000000.0,0.02,0
16.02114012588902,1.2307665737609128,-0.6919211197967687,0.0,0.0,0.0,1000000.0,0.02,0
-1.4549013616868376,11.447780211484485,0.02541999976664666,0.0,0.0,0.0,1000000.0,0.02,0
2.578643503295652,1.4146590803486212,0.33277199639124255,0.0,0.0,0.0,1000000.0,0.02,0
3.236810657270698,3.670630589512434,1.0692983775804334,0.0,0.0,0.0,1000000.0,0.02,0
-3.8560896915794785,-2.05418103656258,0.557575592622289,0.0,0.0,0.0,1000000.0,0.02,0
-22.660119402775013,-16.337807142370355,0.04887870646538861,0.0,0.0,0.0,1000000.0,0.02,0
-1.6177899870631782,-0.9427105790296696,1.599644309471918,0.0,0.0,0.0,1000000.0,0.02,0
1.6063923191700984,15.53150345324304,0.47774458252273266,0.0,0.0,0.0,1000000.0,0.02,0
-2.084590290349042,2.7960046007114108,-0.3635724730910139,0.0,0.0,0.0,1000000.0,0.02,0
-4.71018883231796,-3.366849885324092,0.1725585133349501,0.0,0.0,0.0,1000000.0,0.02,0
3.449048158275698,-3.340271347493899,-0.034708315672769,0.0,0.0,0.0,1000000.0,0.02,0
0.031236990315298762,-0.7618008998435281,-0.06988285828496199,0.0,0.0,0.0,1000000.0,0.02,0
-4.557573873871079,22.17739134699628,-0.039106173585564896,0.0,0.0,0.0,1000000.0,0.02,0
1.6414328256490054,-3.3019575907125396,-0.2635100817825409,0.0,0.0,0.0,1000000.0,0.02,0
-23.991670404680985,0.6587875541384096,-0.3873754047034552,0.0,0.0,0.0,1000000.0,0.02,0
5.522220212432535,0.6752005547622332,0.29533621153927037,0.0,0.0,0.0,1000000.0,0.02,0
13.748873375402473,14.986097991715166,-0.40125023454567543,0.0,0.0,0.0,1000000.0,0.02,0
12.420674613722666,-26.066682879515227,-0.4694264716585854,0.0,0.0,0.0,1000000.0,0.02,0
-8.45329575132967,9.206697422512894,-1.9214216195685037,0.0,0.0,0.0,1000000.0,0.02,0
-1.2025491807110966,-0.9965100787413007,-1.1863827321504417,0.0,0.0,0.0,1000000.0,0.02,0
-0.7348404831748385,6.203813807380014,1.020752402280169,0.0,0.0,0.0,1000000.0,0.02,0
-1.5830292942175328,5.804023154357428,-0.44530365546547657,0.0,0.0,0.0,1000000.0,0.02,0
-4.13364293893188,-4.355847940451936,0.10486344697138605,0.0,0.0,0.0,1000000.0,0.02,0
1.4979971751587846,20.33971989385483,-0.9685886247010504,0.0,0.0,0.0,1000000.0,0.02,0
-3.6912074172696485,1.0456790610040099,-0.28486670522417246,0.0,0.0,0.0,1000000.0,0.02,0
3.58606988202738,6.250115316399874,0.9831153964348331,0.0,0.0,0.0,1000000.0,0.02,0
4.369255889909685,-2.257462691766123,-0.30289813375638985,0.0,0.0,0.0,1000000.0,0.02,0
-14.561877075739103,-8.988830720258328,-0.9083951915568536,0.0,0.0,0.0,1000000.0,0.02,0
0.05928067453569438,0.008939552481712017,0.2683509369467343,0.0,0.0,0.0,1000000.0,0.02,0
2.1730669233585664,-10.932205502704939,0.5244779582972372,0.0,0.0,0.0,1000000.0,0.02,0
-1.1025627857295208,3.5081460181068542,1.3460682559464106,0.0,0.0,0.0,1000000.0,0.02,0
10.609208722577884,20.32358668371925,0.0226962479949,0.0,0.0,0.0,1000000.0,0.02,0
-0.6990793298655382,1.642451998839385,-1.4399345214492403,0.0,0.0,0.0,1000000.0,0.02,0
-2.4744344433572,-9.803896730491656,-0.8219964908664785,0.0,0.0,0.0,1000000.0,0.02,0
-0.11982086162813374,-0.14983157789640295,0.9418398521373224,0.0,0.0,0.0,1000000.0,0.02,0
-10.800149676826504,-9.898301653069801,-0.43790602665497236,0.0,0.0,0.0,1000000.0,0.02,0
-19.256894514328813,8.197344611109685,1.642462081336089,0.0,0.0,0.0,1000000.0,0.02,0
-2.4373245108929047,-9.285578307041016,0.9001434426971979,0.0,0.0,0.0,1000000.0,0.02,0
-0.08116874442791518,0.6292417410245872,0.045077494232197424,0.0,0.0,0.0,1000000.0,0.02,0
-2.3028314832968233,2.126307662659999,-0.10005622029053374,0.0,0.0,0.0,1000000.0,0.02,0
-9.129978195239696,10.518550159277037,1.2294019490517263,0.0,0.0,0.0,1000000.0,0.02,0
10.063738155021246,1.2067978502808576,0.34986990408672636,0.0,0.0,0.0,1000000.0,0.02,0
-5.626951931485749,-1.8162860364806368,-0.6360201416189488,0.0,0.0,0.0,1000000.0,0.02,0
-0.06933589753301267,4.984973009123171,-0.17477359286132454,0.0,0.0,0.0,1000000.0,0.02,0
-1.8908857668766021,-2.974448979341173,0.8886047296166852,0.0,0.0,0.0,1000000.0,0.02,0
4.210248228913748,7.603391035041501,1.8113468105810533,0.0,0.0,0.0,1000000.0,0.02,0
17.915441328114664,-11.887533453720385,-1.15723789480674,0.0,0.0,0.0,1000000.0,0.02,0
1.6790450970014181,2.328364555163915,-0.15207118782788598,0.0,0.0,0.0,1000000.0,0.02,0
-3.3875079785601128,-0.5973333414221228,-0.8636966659454055,0.0,0.0,0.0,1000000.0,0.02,0
3.4003932407682873,4.30494245389645,0.27870015433418605,0.0,0.0,0.0,1000000.0,0.02,0
3.7939559803739944,1.6482140030954853,-0.853564373708994,0.0,0.0,0.0,1000000.0,0.02,0
4.411058770574303,4.007557693351618,0.06245343631595812,0.0,0.0,0.0,1000000.0,0.02,0
0.013827473932595789,0.006168275279324274,-1.240073983258557,0.0,0.0,0.0,1000000.0,0.02,0
6.00615641034715,10.801755197507298,0.9024768417055826,0.0,0.0,0.0,1000000.0,0.02,0
0.02811234335303165,1.4990207124213173,0.6328790184334929,0.0,0.0,0.0,1000000.0,0.02,0
-6.497893347393382,9.199096627629588,0.03332741467697886,0.0,0.0,0.0,1000000.0,0.02,0
0.5601107473092715,-0.3977163058189496,-0.13747949294991546,0.0,0.0,0.0,1000000.0,0.02,0
-2.9640621742861115,-18.296827059446755,-0.17702278127590354,0.0,0.0,0.0,1000000.0,0.02,0
-7.142607683482688,-3.234361585398201,-1.7262881435692812,0.0,0.0,0.0,1000000.0,0.02,0
-3.7365631991247024,10.625144313488605,0.9762297444163313,0.0,0.0,0.0,1000000.0,0.02,0
1.9622527877488352,2.7189364263177747,-0.1648836853873057,0.0,0.0,0.0,1000000.0,0.02,0
-2.1155646063128817,2.523865841347957,-1.1845612764140068,0.0,0.0,0.0,1000000.0,0.02,0
-7.775739550140238,8.955513738066479,1.45266968888079,0.0,0.0,0.0,1000000.0,0.02,0
-3.524404714977797,-9.18281759982453,-0.7271669960957459,0.0,0.0,0.0,1000000.0,0.02,0
-1.6809910164552397,3.854036285216435,-1.65372970212134,0.0,0.0,0.0,1000000.0,0.02,0
-5.147949508041503,7.781870054014952,-1.0292183745617054,0.0,0.0,0.0,1000000.0,0.02,0
1.789827610870009,-2.486960632230813,-0.8673811209356019,0.0,0.0,0.0,1000000.0,0.02,0
4.154328253345694,3.7721427570427593,0.7073121076466444,0.0,0.0,0.0,1000000.0,0.02,0
23.30773926239256,-13.192944892218753,-0.633772403351168,0.0,0.0,0.0,1000000.0,0.02,0
13.876388988969873,-5.0448230312168825,0.15786354202536934,0.0,0.0,0.0,1000000.0,0.02,0
-0.5499416986446417,-0.42743178176955443,-0.44622495960200137,0.0,0.0,0.0,1000000.0,0.02,0
5.420215836649171,1.6807268001405278,-1.738516343506359,0.0,0.0,0.0,1000000.0,0.02,0
-4.649020252944689,5.236640942097003,0.3166186940735525,0.0,0.0,0.0,1000000.0,0.02,0
0.4655007349892853,4.548534091582868,-0.9916845215201464,0.0,0.0,0.0,1000000.0,0.02,0
6.9687783215005155,0.8082931842343742,0.008892288431935569,0.0,0.0,0.0,1000000.0,0.02,0
-6.565165272216992,0.9664247599102938,0.8818967126782464,0.0,0.0,0.0,1000000.0,0.02,0
-1.421819347256898,-1.2631152203297653,-0.4064004339761107,0.0,0.0,0.0,1000000.0,0.02,0
4.149821438277611,-4.408861585060034,0.4486456514424697,0.0,0.0,0.0,1000000.0,0.02,0
-0.8046132409278861,-3.56200829818648,1.1665418962856258,0.0,0.0,0.0,1000000.0,0.02,0
-4.725106716463604,-9.376968043662748,-0.15017225168674297,0.0,0.0,0.0,1000000.0,0.02,0
-7.047697986820787,4.292133386959078,1.6344519853996813,0.0,0.0,0.0,1000000.0,0.02,0
3.2518693296943924,-7.505021169129942,1.3565999437984848,0.0,0.0,0.0,1000000.0,0.02,0
10.397561979262608,2.510482497322175,1.6960342198573786,0.0,0.0,0.0,1000000.0,0.02,0
7.9704435159532485,4.111240507853896,-0.054343032605412844,0.0,0.0,0.0,1000000.0,0.02,0
-5.351203113539135,-5.325933904040452,0.0006613482824189276,0.0,0.0,0.0,1000000.0,0.02,0
11.945566477466599,-9.413265971018783,-0.4767620718460064,0.0,0.0,0.0,1000000.0,0.02,0
3.908800228482137,1.8333300209204764,-0.6201844808189243,0.0,0.0,0.0,1000000.0,0.02,0
-3.005262458967341,-0.6609822795282941,0.660166757989523,0.0,0.0,0.0,1000000.0,0.02,0
-17.919278014438603,-1.0034968602650853,0.32707358933928266,0.0,0.0,0.0,1000000.0,0.02,0
-0.11411838678401544,2.072084655370211,-0.19072852828147102,0.0,0.0,0.0,1000000.0,0.02,0
-0.5318986220523078,-4.106468810221132,-1.1793274062364372,0.0,0.0,0.0,1000000.0,0.02,0
7.268484687543452,0.11523610855448015,0.8406183444652511,0.0,0.0,0.0,1000000.0,0.02,0
-0.46365306891843555,2.012315956494398,-0.5298604007002403,0.0,0.0,0.0,1000000.0,0.02,0
4.139093470046638,0.22169074960333549,-0.9146783718617,0.0,0.0,0.0,1000000.0,0.02,0
5.198511656071913,-12.247195780505189,-0.5914352411750619,0.0,0.0,0.0,1000000.0,0.02,0
-2.8876098788664786,-6.92456213802092,-0.3013244428946136,0.0,0.0,0.0,1000000.0,0.02,0
-7.231470120091047,-1.8189709157538816,0.7194095864917323,0.0,0.0,0.0,1000000.0,0.02,0
6.623851036442394,2.093442779574454,1.2290145630058191,0.0,0.0,0.0,1000000.0,0.02,0
7.746983878116343,4.7524365113256986,-1.1879186579854473,0.0,0.0,0.0,1000000.0,0.02,0
-1.3203067460284568,24.148739775089222,-0.6325240705808106,0.0,0.0,0.0,1000000.0,0.02,0
-0.6290709979724796,-5.479241272863521,0.3930831375470838,0.0,0.0,0.0,1000000.0,0.02,0
-0.8960284248779331,-0.5256909018308477,-0.22157360535618942,0.0,0.0,0.0,1000000.0,0.02,0
3.1159829722052566,-4.161056913261687,0.6838575974618983,0.0,0.0,0.0,1000000.0,0.02,0
-7.245894889576413,2.1490976187588777,1.3035590978204352,0.0,0.0,0.0,1000000.0,0.02,0
5.604489111563046,4.892804877263528,-1.2345366814154337,0.0,0.0,0.0,1000000.0,0.02,0
3.9350352173297396,-2.472753824630963,-1.0314755691448898,0.0,0.0,0.0,1000000.0,0.02,0
1.2706985719255235,2.1119291520922854,1.0262802859971085,0.0,0.0,0.0,1000000.0,0.02,0
-12.322911112914635,-17.76676983948009,0.5555624626665017,0.0,0.0,0.0,1000000.0,0.02,0
1.269063605456759,0.6818833331461065,0.7176469504833092,0.0,0.0,0.0,1000000.0,0.02,0
-1.2130322558904705,8.965354385845119,-0.5584269339703889,0.0,0.0,0.0,1000000.0,0.02,0
0.05869871721761963,3.93751510400364,0.8177333367287369,0.0,0.0,0.0,1000000.0,0.02,0
-3.3112366579332746,4.454497656329862,-0.24883429969215154,0.0,0.0,0.0,1000000.0,0.02,0
16.997246664024974,-16.46534189563791,0.154540885252767,0.0,0.0,0.0,1000000.0,0.02,0
-0.6565814171055574,-0.018485122377442518,-1.3219858660777213,0.0,0.0,0.0,1000000.0,0.02,0
-3.6358145351003373,6.879848240559849,-0.6196386187389704,0.0,0.0,0.0,1000000.0,0.02,0
-12.851049112827589,8.34819571010862,-0.10868236318716917,0.0,0.0,0.0,1000000.0,0.02,0
-7.016941498801919,7.969085487202331,-0.11892943275782564,0.0,0.0,0.0,1000000.0,0.02,0
5.302335583729821,14.401770436773852,0.05193543206371931,0.0,0.0,0.0,1000000.0,0.02,0
6.361592785210054,8.200981533146328,0.6464089689203325,0.0,0.0,0.0,1000000.0,0.02,0
-9.301313838736847,-0.7223020668443527,1.1500099812978206,0.0,0.0,0.0,1000000.0,0.02,0
-0.06645410097359612,0.05775662519081491,0.7954400077840029,0.0,0.0,0.0,1000000.0,0.02,0
-1.8113109111862031,1.3282668545777838,-1.9779837978592507,0.0,0.0,0.0,1000000.0,0.02,0
3.5600929828411947,-2.7275817382783143,-0.3375161239200688,0.0,0.0,0.0,1000000.0,0.02,0
-0.654520076574821,6.244447292485343,0.5587763563900658,0.0,0.0,0.0,1000000.0,0.02,0
-2.747080068659017,-0.1796136822145903,-0.3466320701530021,0.0,0.0,0.0,1000000.0,0.02,0
7.514096842512808,7.7642012918813235,0.8222157889588209,0.0,0.0,0.0,1000000.0,0.02,0
-0.23110717757495058,2.175784369856201,1.4475607300690765,0.0,0.0,0.0,1000000.0,0.02,0
1.990333303682805,1.4719430779047147,-0.7191304214468452,0.0,0.0,0.0,1000000.0,0.02,0
-6.832454824537121,-14.271058315029334,0.23535214964331352,0.0,0.0,0.0,1000000.0,0.02,0
-8.417284576175286,3.2835802855874894,-0.47748669342497685,0.0,0.0,0.0,1000000.0,0.02,0
0.5121798693740209,0.42870677193531476,-0.34752029979464094,0.0,0.0,0.0,1000000.0,0.02,0
-4.158399084424251,3.6784211365060844,0.43480959731917235,0.0,0.0,0.0,1000000.0,0.02,0
2.562542884733701,3.2160604930360894,0.8405999414814449,0.0,0.0,0.0,1000000.0,0.02,0
0.024802397732887546,-2.1728041180602085,-1.5318583029017683,0.0,0.0,0.0,1000000.0,0.02,0
-6.307125777742181,17.191198252561133,-1.4961690531708554,0.0,0.0,0.0,1000000.0,0.02,0
-19.309061677600678,5.409276039743715,0.21575702223193982,0.0,0.0,0.0,1000000.0,0.02,0
1.9837654679358023,-2.0149661883399967,1.8193181922120614,0.0,0.0,0.0,1000000.0,0.02,0
-3.3177754984356316,-11.393364139568968,-0.22118209323698323,0.0,0.0,0.0,1000000.0,0.02,0
-0.4716206824580658,3.5143242560067205,-1.7165349020602818,0.0,0.0,0.0,1000000.0,0.02,0
2.179448565915199,-22.802127556416238,0.8770713684711229,0.0,0.0,0.0,1000000.0,0.02,0
7.752549897535571,-6.417696173019123,-0.6237750922690308,0.0,0.0,0.0,1000000.0,0.02,0
-2.8260268172821243,0.7693227923711697,-0.7640539694716217,0.0,0.0,0.0,1000000.0,0.02,0
-21.220462831941596,11.144682009330719,0.2020853151064088,0.0,0.0,0.0,1000000.0,0.02,0
2.9221777970988128,-0.6775334082692379,-0.4585513273032644,0.0,0.0,0.0,1000000.0,0.02,0
6.45897922675005,3.676732045707182,-1.6584229041389715,0.0,0.0,0.0,1000000.0,0.02,0
-2.9679138808639243,11.485533461592778,0.479963826548782,0.0,0.0,0.0,1000000.0,0.02,0
7.220657724825311,-0.10803211086499706,0.27347771653221375,0.0,0.0,0.0,1000000.0,0.02,0
4.258567551348813,-1.221165361972882,-0.3523337073203887,0.0,0.0,0.0,1000000.0,0.02,0
-10.704980880624314,10.243117094285449,-0.2934188814660841,0.0,0.0,0.0,1000000.0,0.02,0
-2.9590255820710456,-2.262690233042392,-1.1677959490471865,0.0,0.0,0.0,1000000.0,0.02,0
4.193005808126837,-0.5797137147265814,0.7908415184841813,0.0,0.0,0.0,1000000.0,0.02,0
0.25998744453119554,-0.5878635158900983,0.08423044805949509,0.0,0.0,0.0,1000000.0,0.02,0
5.940619796656564,16.666712963022718,-0.29714256987602017,0.0,0.0,0.0,1000000.0,0.02,0
-2.799959336189892,-11.272890371330774,-0.010675247197846183,0.0,0.0,0.0,1000000.0,0.02,0
-9.222167994037928,-4.307419793493925,1.2848370940138079,0.0,0.0,0.0,1000000.0,0.02,0
11.55661858454575,3.2015640988298957,-1.0703446054362926,0.0,0.0,0.0,1000000.0,0.02,0
0.42053834509328075,2.9525952006434397,-0.3751998584757761,0.0,0.0,0.0,1000000.0,0.02,0
-0.041436266875231026,-0.3262057434718892,-1.5873040968439716,0.0,0.0,0.0,1000000.0,0.02,0
2.4803532081924042,8.75021060951019,-0.587918014402991,0.0,0.0,0.0,1000000.0,0.02,0
0.5895812932934686,0.7706561235361059,1.367651441338385,0.0,0.0,0.0,1000000.0,0.02,0
0.755569977513837,1.3004699980970869,-0.5838295578596382,0.0,0.0,0.0,1000000.0,0.02,0
11.204986285660453,8.877737893959537,0.0739160567671675,0.0,0.0,0.0,1000000.0,0.02,0
-4.714325363243511,5.898132388570446,0.45555826455000403,0.0,0.0,0.0,1000000.0,0.02,0
-0.4204587340294319,5.325692684835955,-0.7827211235098197,0.0,0.0,0.0,1000000.0,0.02,0
0.8880604393433635,1.6075976586891494,-0.32594644974647125,0.0,0.0,0.0,1000000.0,0.02,0
-9.49456712849637,15.520935388045423,-1.8530785050017071,0.0,0.0,0.0,1000000.0,0.02,0
0.7056177511869691,-0.19540122490491868,1.8206051184611054,0.0,0.0,0.0,1000000.0,0.02,0
-10.259714498902108,18.415624963237182,0.6291859039779455,0.0,0.0,0.0,1000000.0,0.02,0
6.79199451948827,-6.457837352313954,1.2525628910016557,0.0,0.0,0.0,1000000.0,0.02,0
-0.057169278731551795,0.051238563928927935,0.35306131455988066,0.0,0.0,0.0,1000000.0,0.02,0
0.7375216830233771,8.978170180021262,-0.43080197573365187,0.0,0.0,0.0,1000000.0,0.02,0
4.764494324840841,4.012821510339642,0.2875482251226664,0.0,0.0,0.0,1000000.0,0.02,0
0.9641684599921766,1.6897381069819042,0.7379040188946329,0.0,0.0,0.0,1000000.0,0.02,0
-6.171026745323786,0.9310991864768278,0.8147649344294772,0.0,0.0,0.0,1000000.0,0.02,0
-1.850060558847737,-12.000352623549963,-0.21109699888481437,0.0,0.0,0.0,1000000.0,0.02,0
0.5502931332343913,-1.9998429738971422,-0.19130997151951856,0.0,0.0,0.0,1000000.0,0.02,0
13.70084001181313,1.4491199252027003,0.6842712952841792,0.0,0.0,0.0,1000000.0,0.02,0
-10.682782397334286,-7.110881194367556,-0.20482416092721056,0.0,0.0,0.0,1000000.0,0.02,0
21.97880927658936,-3.154186034225961,0.43042754115626103,0.0,0.0,0.0,1000000.0,0.02,0
2.2144247577114795,-3.339756511912064,0.04908720177738335,0.0,0.0,0.0,1000000.0,0.02,0
-1.7962937730746749,-1.07232843309098,-0.9598390244170689,0.0,0.0,0.0,1000000.0,0.02,0
-0.3838289160490118,0.148725082605198,1.6910608507861644,0.0,0.0,0.0,1000000.0,0.02,0
8.289964642836342,24.319452068172897,-0.29368675199677075,0.0,0.0,0.0,1000000.0,0.02,0
-9.511961890492973,-15.112247050731497,0.027481359784549575,0.0,0.0,0.0,1000000.0,0.02,0
10.65212288718836,5.144278372597664,0.14297396598773737,0.0,0.0,0.0,1000000.0,0.02,0
0.6860963169706423,1.8414176699740936,0.26215676088719686,0.0,0.0,0.0,1000000.0,0.02,0
4.412949259754463,-2.3257272740342914,0.32814520155486093,0.0,0.0,0.0,1000000.0,0.02,0
-3.1329101447921843,-6.465739738498541,-0.16985544300763866,0.0,0.0,0.0,1000000.0,0.02,0
4.18886798731122,-4.129749046236004,-0.1754743101170222,0.0,0.0,0.0,1000000.0,0.02,0
-4.054382124722738,-4.045239558786907,-0.5994990347917817,0.0,0.0,0.0,1000000.0,0.02,0
10.45951518972854,-0.6658121283474413,0.8135185215182625,0.0,0.0,0.0,1000000.0,0.02,0
-1.2209049522546955,1.6155119285602193,1.2446138678541852,0.0,0.0,0.0,1000000.0,0.02,0
-0.8504764539472038,-0.6121991364224766,0.3847843630742691,0.0,0.0,0.0,1000000.0,0.02,0
-6.738056647323224,-12.508749259312685,0.232441930866373,0.0,0.0,0.0,1000000.0,0.02,0
-6.710456208848092,-3.3630031625410415,-1.610820549921761,0.0,0.0,0.0,1000000.0,0.02,0
-1.0788041804144461,6.833368079725757,-0.6610267679524391,0.0,0.0,0.0,1000000.0,0.02,0
-2.6066337302110023,3.121303394346191,-0.6050858255670173,0.0,0.0,0.0,1000000.0,0.02,0
0.60462559511054,5.434812421428611,-1.6154165186207896,0.0,0.0,0.0,1000000.0,0.02,0
-9.25049737207119,-9.49168760555174,0.04682023485606468,0.0,0.0,0.0,1000000.0,0.02,0
0.10847122473267076,-0.1827233661796834,1.9411284227387329,0.0,0.0,0.0,1000000.0,0.02,0
2.53557171871938,16.12443587056042,-1.2693341865250307,0.0,0.0,0.0,1000000.0,0.02,0
8.01852458419796,3.112350899807601,-1.2106785617309805,0.0,0.0,0.0,1000000.0,0.02,0
0.7653859073692476,-6.038356147136944,-1.1923395116079165,0.0,0.0,0.0,1000000.0,0.02,0
-4.214424764288483,-21.2891425918425,-0.44738810270617435,0.0,0.0,0.0,1000000.0,0.02,0
2.5931015895492013,0.9067769772144181,1.7543205333638552,0.0,0.0,0.0,1000000.0,0.02,0
-8.878478368499822,0.4059806877675362,-0.6615695572157438,0.0,0.0,0.0,1000000.0,0.02,0
-1.1186858761767295,-1.2764277223707912,-0.05547747879279097,0.0,0.0,0.0,1000000.0,0.02,0
2.9623978053140227,-2.214393753745489,1.2997814755793264,0.0,0.0,0.0,1000000.0,0.02,0
-0.01490084297192194,0.006982181157929309,1.2812695543046289,0.0,0.0,0.0,1000000.0,0.02,0
4.003010233544458,6.332164815268975,-0.2100854611006291,0.0,0.0,0.0,1000000.0,0.02,0
14.752651080367654,-14.581331602942676,-0.45027498286373824,0.0,0.0,0.0,1000000.0,0.02,0
1.0386210586472318,-5.2634752477743705,0.3382800330633442,0.0,0.0,0.0,1000000.0,0.02,0
-1.3156792629083423,1.7918657128021405,-0.08430042705331253,0.0,0.0,0.0,1000000.0,0.02,0
15.924417812221014,0.16123515628823162,-0.6518509231949645,0.0,0.0,0.0,1000000.0,0.02,0
-0.05241299959590543,-0.2490601281160122,1.1930843501947628,0.0,0.0,0.0,1000000.0,0.02,0
-3.059432409131416,0.5597232239530413,-0.11985364739393845,0.0,0.0,0.0,1000000.0,0.02,0
-0.6804919812147937,6.2601572212749295,1.7387258829363077,0.0,0.0,0.0,1000000.0,0.02,0
2.0170098008035127,-2.3801617849872514,-1.987175786353676,0.0,0.0,0.0,1000000.0,0.02,0
-8.64431276478704,10.06981366182824,-0.25420202695997496,0.0,0.0,0.0,1000000.0,0.02,0
3.4956087940546996,1.2536010685198227,0.6249759525829317,0.0,0.0,0.0,1000000.0,0.02,0
0.7304018028468285,1.6708331802240832,-0.14332984625505318,0.0,0.0,0.0,1000000.0,0.02,0
-4.719197602520356,-0.7112394876203894,0.8630228308420076,0.0,0.0,0.0,1000000.0,0.02,0
-0.009582816048853847,0.05107530843141356,1.1218959522727925,0.0,0.0,0.0,1000000.0,0.02,0
-2.2870201593190465,-0.21927338655928863,-0.8907486519441123,0.0,0.0,0.0,1000000.0,0.02,0
-11.56588003922027,-22.124871903572114,-0.5882260631381362,0.0,0.0,0.0,1000000.0,0.02,0
-3.098307024475946,2.1822412429748335,0.5634248168932254,0.0,0.0,0.0,1000000.0,0.02,0
-3.1142828974639998,4.506480725715748,-0.48756395865185986,0.0,0.0,0.0,1000000.0,0.02,0
-0.33930522712461264,-5.0240592107542605,-1.058512415316903,0.0,0.0,0.0,1000000.0,0.02,0
-1.2770070280670223,-12.035499853748233,0.7285600135665353,0.0,0.0,0.0,1000000.0,0.02,0
-4.296752735697628,3.323293102270862,1.4819490791777064,0.0,0.0,0.0,1000000.0,0.02,0
-26.798075255153904,9.735031093738588,-0.7264870951232236,0.0,0.0,0.0,1000000.0,0.02,0
-0.45902674868642307,-1.36051895013183,-1.4126205156984968,0.0,0.0,0.0,1000000.0,0.02,0
-11.481966369822876,0.6254723485925225,0.8202479459589194,0.0,0.0,0.0,1000000.0,0.02,0
-4.806282926144347,-0.2890012998888262,0.10306095666425108,0.0,0.0,0.0,1000000.0,0.02,0
-1.6208519917920534,-2.776349911786977,-0.7334007274489531,0.0,0.0,0.0,1000000.0,0.02,0
-7.115573531018851,-0.7795605021520069,-0.04634056515718754,0.0,0.0,0.0,1000000.0,0.02,0
-21.3164032573653,9.174502902774407,-0.5479345846710544,0.0,0.0,0.0,1000000.0,0.02,0
-8.741362816264116,-13.856991030473129,0.37227340277707555,0.0,0.0,0.0,1000000.0,0.02,0
2.9042681354123574,-7.327825023961213,0.49603150616081226,0.0,0.0,0.0,1000000.0,0.02,0
1.8119225439774163,0.9993411370851052,1.7881865593466921,0.0,0.0,0.0,1000000.0,0.02,0
-0.05133969713415104,0.017820678318845186,0.3618727844531975,0.0,0.0,0.0,1000000.0,0.02,0
-2.4126720407187454,0.20236643306413515,0.4046951940871475,0.0,0.0,0.0,1000000.0,0.02,0
-7.120678330545755,-0.45119863440975627,0.3239236330349353,0.0,0.0,0.0,1000000.0,0.02,0
2.6911632013091995,-2.2699394329253217,0.11944886418477552,0.0,0.0,0.0,1000000.0,0.02,0
-13.238511717853838,-16.066210776337865,-0.35574381240171604,0.0,0.0,0.0,1000000.0,0.02,0
-18.223568966415993,-7.79772625523045,-0.7840765231243862,0.0,0.0,0.0,1000000.0,0.02,0
-14.261638394669687,-11.783887983179396,0.7909225096987678,0.0,0.0,0.0,1000000.0,0.02,0
1.9881102272309483,5.415431418802854,0.9328659738612322,0.0,0.0,0.0,1000000.0,0.02,0
-5.212277399578471,-15.758247543875958,1.3759205368738208,0.0,0.0,0.0,1000000.0,0.02,0
-22.88254953134962,-13.052903196867078,-0.9784309748018929,0.0,0.0,0.0,1000000.0,0.02,0
-2.0007129128508536,11.334757312204019,-1.5413590253822163,0.0,0.0,0.0,1000000.0,0.02,0
1.5885714039235503,-0.2849305145295755,-0.1730324652581059,0.0,0.0,0.0,1000000.0,0.02,0
1.5929978153633158,0.5926119252701275,0.9123341978005444,0.0,0.0,0.0,1000000.0,0.02,0
1.1336277583823984,1.641357819055305,-0.4607345455618175,0.0,0.0,0.0,1000000.0,0.02,0
-11.919398862687494,-4.5210904172315,-1.2189350665095917,0.0,0.0,0.0,1000000.0,0.02,0
0.49237442037812695,-3.7964486628008016,-0.2307606404171274,0.0,0.0,0.0,1000000.0,0.02,0
0.013086998278103786,3.0794308272165547,0.03303680603691017,0.0,0.0,0.0,1000000.0,0.02,0
14.822883457782318,-0.35358606747784493,0.6542865657842247,0.0,0.0,0.0,1000000.0,0.02,0
1.5736631764652782,0.4630788912686041,0.20228931930022132,0.0,0.0,0.0,1000000.0,0.02,0
-5.8659814697562584,-13.555847432765423,-0.00038075896449107915,0.0,0.0,0.0,1000000.0,0.02,0
3.3058692526268176,-1.6719974341069084,0.8467501531763331,0.0,0.0,0.0,1000000.0,0.02,0
9.360051382799362,8.486092072825237,-1.321279836581426,0.0,0.0,0.0,1000000.0,0.02,0
7.659109782684284,0.34009937794898204,0.22735944611930847,0.0,0.0,0.0,1000000.0,0.02,0
-0.5749383227403873,-0.23524860598213237,-0.16971749521067814,0.0,0.0,0.0,1000000.0,0.02,0
-11.144763295616391,-10.708932486762796,1.345681552441313,0.0,0.0,0.0,1000000.0,0.02,0
1.71791395826998,4.661964253028376,-0.8584513820835937,0.0,0.0,0.0,1000000.0,0.02,0
-19.754697858509488,15.572299806435915,1.2482350388813064,0.0,0.0,0.0,1000000.0,0.02,0
3.7722712988668117,-3.714343390705351,0.34657984019011057,0.0,0.0,0.0,1000000.0,0.02,0
-2.7346922981953226,12.907205557465637,-0.10553963124997079,0.0,0.0,0.0,1000000.0,0.02,0
-1.5321222555566132,1.410713089421623,-1.8486738469184925,0.0,0.0,0.0,1000000.0,0.02,0
-0.7512513947944989,-3.0941540883920826,0.19045768998007073,0.0,0.0,0.0,1000000.0,0.02,0
3.995562540154693,1.80152783893496,0.5208105398907028,0.0,0.0,0.0,1000000.0,0.02,0
-9.989193287131414,21.745627235479166,0.003144235659838124,0.0,0.0,0.0,1000000.0,0.02,0
-0.6774752619614707,4.6226267679885975,-0.7222686316209987,0.0,0.0,0.0,1000000.0,0.02,0
3.422794883588936,-13.14949330502744,-1.5060964192457487,0.0,0.0,0.0,1000000.0,0.02,0
2.5925542430799924,-4.001978791295677,-0.159370923116942,0.0,0.0,0.0,1000000.0,0.02,0
-1.2505189687230045,-4.146638503116069,1.0536017285049155,0.0,0.0,0.0,1000000.0,0.02,0
-10.933388144334558,-21.32977103356922,-0.36876365312715187,0.0,0.0,0.0,1000000.0,0.02,0
-7.494781416239503,-3.869351722056699,0.176246118105424,0.0,0.0,0.0,1000000.0,0.02,0
-11.283885775647132,8.335360370675906,0.5511574595777828,0.0,0.0,0.0,1000000.0,0.02,0
-0.20719881258699363,0.2264721311313676,-0.8837746611960764,0.0,0.0,0.0,1000000.0,0.02,0
-10.013401857763101,-24.444758935825007,-0.8185524312099153,0.0,0.0,0.0,1000000.0,0.02,0
3.5997847965069227,12.50739395555656,0.4253627604644299,0.0,0.0,0.0,1000000.0,0.02,0
11.733318238890744,-6.426680108031317,-0.296971330028204,0.0,0.0,0.0,1000000.0,0.02,0
1.01432907507255,2.0751071109743235,-0.004757525217309322,0.0,0.0,0.0,1000000.0,0.02,0
-7.5613650949653,2.6828126353291535,-1.0904736384516278,0.0,0.0,0.0,1000000.0,0.02,0
-14.11913191908689,2.471546308985588,0.09679234230047218,0.0,0.0,0.0,1000000.0,0.02,0
7.051090958624259,5.94550867603523,0.07767282594527725,0.0,0.0,0.0,1000000.0,0.02,0
-0.0069579684880934035,0.032363460764785516,0.05024893552515586,0.0,0.0,0.0,1000000.0,0.02,0
-16.45970461850361,-10.076504071417464,-0.22880802694636326,0.0,0.0,0.0,1000000.0,0.02,0
-21.958399183945154,1.7616819067218255,-0.03380302704034044,0.0,0.0,0.0,1000000.0,0.02,0
-13.238510002168251,1.2292781838522782,-0.24097075318739236,0.0,0.0,0.0,1000000.0,0.02,0
-4.783647564712555,-1.9862014409362934,-0.18093083406756527,0.0,0.0,0.0,1000000.0,0.02,0
0.6520033188771137,7.199530794542303,1.646613507908289,0.0,0.0,0.0,1000000.0,0.02,0
-1.5709467915341537,-0.37762700928130555,0.8002866376355016,0.0,0.0,0.0,1000000.0,0.02,0
-2.257528431821595,24.244839814511387,1.358221040834514,0.0,0.0,0.0,1000000.0,0.02,0
-0.024894411786736608,6.598051340932063,-0.10830379096042275,0.0,0.0,0.0,1000000.0,0.02,0
-2.934220932893142,0.49304019413423983,-1.2321306379237607,0.0,0.0,0.0,1000000.0,0.02,0
0.9830461722196047,1.0539143727537044,-0.6500147055900198,0.0,0.0,0.0,1000000.0,0.02,0
0.3959804453083469,3.0994790211907786,0.23814117789862088,0.0,0.0,0.0,1000000.0,0.02,0
-2.031185121790723,9.284633837565064,-0.26040446104889003,0.0,0.0,0.0,1000000.0,0.02,0
6.749961635316308,27.477670117042962,-1.9544248879378614,0.0,0.0,0.0,1000000.0,0.02,0
-1.2693161681705518,0.9663359624786941,-0.2086898162893629,0.0,0.0,0.0,1000000.0,0.02,0
1.981733147548505,2.2344117001757775,-0.9972496108851203,0.0,0.0,0.0,1000000.0,0.02,0
21.223390838726026,6.494545144722193,0.024693020409517707,0.0,0.0,0.0,1000000.0,0.02,0
-2.2189330445424673,-0.5148164665726453,-0.12090859109819974,0.0,0.0,0.0,1000000.0,0.02,0
1.0394577572960748,-1.105503894436509,-0.33405285341987057,0.0,0.0,0.0,1000000.0,0.02,0
11.10821385818749,-7.3514584446655835,-0.25999251091589404,0.0,0.0,0.0,1000000.0,0.02,0
-8.672653112374126,7.73677849107252,0.43927695077892537,0.0,0.0,0.0,1000000.0,0.02,0
15.23730309232932,-2.997219996572999,-0.228667249349904,0.0,0.0,0.0,1000000.0,0.02,0
6.181720589089168,-0.04235197351589419,-0.4257753869729841,0.0,0.0,0.0,1000000.0,0.02,0
10.059388750138735,-9.449734765881963,0.007569933483684288,0.0,0.0,0.0,1000000.0,0.02,0
-6.0673414450003476,10.727911799321394,0.5549546882390795,0.0,0.0,0.0,1000000.0,0.02,0
-13.220101948774907,-3.641083004283706,-0.5146085960725078,0.0,0.0,0.0,1000000.0,0.02,0
7.506350702955731,-4.011202728021188,0.17973882457322077,0.0,0.0,0.0,1000000.0,0.02,0
-0.04458513688075471,0.5301651917707412,0.18002103776890443,0.0,0.0,0.0,1000000.0,0.02,0
16.706410015229572,-3.2048584333289427,0.5204762707075865,0.0,0.0,0.0,1000000.0,0.02,0
1.9258817066223646,2.9964888963348226,-1.270993830847753,0.0,0.0,0.0,1000000.0,0.02,0
0.35076399505522987,-0.20448779117961055,-1.5877752848515359,0.0,0.0,0.0,1000000.0,0.02,0
3.817009155464341,1.9902437265568937,-1.0209653431924384,0.0,0.0,0.0,1000000.0,0.02,0
0.13520611079258388,0.5032925213391394,-0.19094574605010717,0.0,0.0,0.0,1000000.0,0.02,0
11.237619613226297,15.266711378477545,-0.022641542396507397,0.0,0.0,0.0,1000000.0,0.02,0
12.390143597596856,-5.422513246384551,0.8421789441029839,0.0,0.0,0.0,1000000.0,0.02,0
-3.573498451958969,-5.478553731312574,-0.661445212393259,0.0,0.0,0.0,1000000.0,0.02,0
-2.2336751702220767,-10.734712078184787,-0.2402701764191697,0.0,0.0,0.0,1000000.0,0.02,0
0.49703754468821804,0.9606880861167862,-0.6127051696993631,0.0,0.0,0.0,1000000.0,0.02,0
7.088898368906074,5.350777649542477,-0.6809068490234251,0.0,0.0,0.0,1000000.0,0.02,0
-1.1987274661587042,-1.6979058137275889,0.29736616691317863,0.0,0.0,0.0,1000000.0,0.02,0
1.3532099644287499,-3.652048535589718,-0.782039877522684,0.0,0.0,0.0,1000000.0,0.02,0
-16.007161403415317,13.898489091264082,-0.6550575007914112,0.0,0.0,0.0,1000000.0,0.02,0
-25.49597004806592,2.639678236284825,-1.1066160965760181,0.0,0.0,0.0,1000000.0,0.02,0
-5.142160985049861,-2.041473126362321,0.04824595625278327,0.0,0.0,0.0,1000000.0,0.02,0
-10.862637725873517,-2.617568591649614,0.40967764173983756,0.0,0.0,0.0,1000000.0,0.02,0
-2.7949499299051945,-1.022476153698148,-0.2707789687471198,0.0,0.0,0.0,1000000.0,0.02,0
-3.5386553410052537,1.7788190946316393,0.4682733008659685,0.0,0.0,0.0,1000000.0,0.02,0
-3.4322162496754522,1.7693897652713066,-0.06601105804461138,0.0,0.0,0.0,1000000.0,0.02,0
-0.445713703964739,12.643392222885078,1.228516979181176,0.0,0.0,0.0,1000000.0,0.02,0
0.3650053112544347,-0.16678864782928382,-1.5776333113548535,0.0,0.0,0.0,1000000.0,0.02,0
0.03811471172196818,1.1898677538087787,0.13806880246661635,0.0,0.0,0.0,1000000.0,0.02,0
8.457400153896325,-10.467911302931736,0.520157585154954,0.0,0.0,0.0,1000000.0,0.02,0
4.4871527434294745,-4.943530301801112,-1.6902233535949147,0.0,0.0,0.0,1000000.0,0.02,0
15.295466299255539,0.595315507172721,-0.7999128524436578,0.0,0.0,0.0,1000000.0,0.02,0
0.03982466857854967,-15.793297602896635,-0.05953187254255532,0.0,0.0,0.0,1000000.0,0.02,0
-2.3151370143836423,-23.384218192079164,1.1405552779317283,0.0,0.0,0.0,1000000.0,0.02,0
-17.856595781309327,-18.70597767778909,0.21169398951354168,0.0,0.0,0.0,1000000.0,0.02,0
-6.682002113468079,9.613625703970996,0.24913115083666693,0.0,0.0,0.0,1000000.0,0.02,0
9.64547152811371,-10.48340137367769,-1.4052350817929442,0.0,0.0,0.0,1000000.0,0.02,0
-4.319083291809696,-4.858006457282376,0.16005648766005987,0.0,0.0,0.0,1000000.0,0.02,0
-6.463799767125306,6.874824971616642,1.1388708300206476,0.0,0.0,0.0,1000000.0,0.02,0
-2.8684156993810506,1.1462251097564633,-0.022826944153854,0.0,0.0,0.0,1000000.0,0.02,0
7.894023890913384,3.1353790277885736,-0.8931535607886962,0.0,0.0,0.0,1000000.0,0.02,0
-7.359231814071913,13.558187781276652,-1.2206474801796858,0.0,0.0,0.0,1000000.0,0.02,0
2.669777357904487,-0.007580222067729477,-0.9297878411311755,0.0,0.0,0.0,1000000.0,0.02,0
-1.449308425728822,8.179999195915304,0.5281754997840533,0.0,0.0,0.0,1000000.0,0.02,0
5.9101019335222755,-4.878159060081689,1.6828956047074453,0.0,0.0,0.0,1000000.0,0.02,0
7.129086295157857,-1.046087514997595,-0.36850917292003693,0.0,0.0,0.0,1000000.0,0.02,0
8.088452425644162,-4.405239570397823,0.8688191351823447,0.0,0.0,0.0,1000000.0,0.02,0
16.187432121693355,17.192784888494444,1.4858496627258644,0.0,0.0,0.0,1000000.0,0.02,0
0.33829139561013466,-0.29031257438045077,1.3742740293768358,0.0,0.0,0.0,1000000.0,0.02,0
0.6757975697489186,-0.8062690321050702,1.2564836727137267,0.0,0.0,0.0,1000000.0,0.02,0
-1.711436593586826,2.6652062514782067,0.361128476109136,0.0,0.0,0.0,1000000.0,0.02,0
-3.325413064335923,2.022311766732512,-0.7564765919175196,0.0,0.0,0.0,1000000.0,0.02,0
-6.0937797474502835,5.228884198170701,-0.7398801190645621,0.0,0.0,0.0,1000000.0,0.02,0
-0.0837309430737409,5.949530461544719,-0.2460555232391668,0.0,0.0,0.0,1000000.0,0.02,0
-2.600735648191121,-1.4599232588438615,-0.2957052321884621,0.0,0.0,0.0,1000000.0,0.02,0
0.6050127339196579,0.1729520307047072,1.0879825815450408,0.0,0.0,0.0,1000000.0,0.02,0
1.7673526556664831,-1.396792894145222,-0.12168866649374621,0.0,0.0,0.0,1000000.0,0.02,0
-7.0205296158201556,-7.227161325996638,-0.13458599284551553,0.0,0.0,0.0,1000000.0,0.02,0
-5.229266879558968,1.8976954799421508,-0.19641009606722992,0.0,0.0,0.0,1000000.0,0.02,0
-0.037099766294475665,0.13158041801749215,0.3918523311698898,0.0,0.0,0.0,1000000.0,0.02,0
1.7557667486106032,-4.528632451235049,-0.8135506517408952,0.0,0.0,0.0,1000000.0,0.02,0
-0.14764522285682602,-1.762108180056109,-0.02292699942315668,0.0,0.0,0.0,1000000.0,0.02,0
-5.4720180783336705,-12.83226922173149,-0.8099812035274514,0.0,0.0,0.0,1000000.0,0.02,0
13.145509889862122,6.308792492007364,0.7951342133526929,0.0,0.0,0.0,1000000.0,0.02,0
-0.7222311993790356,2.49715805326391,-0.770906261253554,0.0,0.0,0.0,1000000.0,0.02,0
-2.5828083929248513,-13.92739420216978,-0.553789780495265,0.0,0.0,0.0,1000000.0,0.02,0
-28.00131287193853,-3.6452684151158383,-0.7505839050214425,0.0,0.0,0.0,1000000.0,0.02,0
-0.3638153205043616,-1.545073873822467,-0.6832668613240251,0.0,0.0,0.0,1000000.0,0.02,0
-20.71065776569759,-2.4429337946057625,1.84236306172203,0.0,0.0,0.0,1000000.0,0.02,0
-0.13946900664624598,0.08126311766711165,0.6834703003592706,0.0,0.0,0.0,1000000.0,0.02,0
-0.0034291627051034244,0.00873622064565419,0.2278875024603595,0.0,0.0,0.0,1000000.0,0.02,0
-1.2847031455895324,2.329959068171435,0.08505166471004788,0.0,0.0,0.0,1000000.0,0.02,0
-8.870670028463227,4.971098957122619,0.9807164847693466,0.0,0.0,0.0,1000000.0,0.02,0
-9.177945648589615,8.991754077948814,-0.19614139068081915,0.0,0.0,0.0,1000000.0,0.02,0
-11.274137820983562,0.9525187107524931,0.33562710898097237,0.0,0.0,0.0,1000000.0,0.02,0
-1.3437425940343195,4.257287528989523,0.5348653701050914,0.0,0.0,0.0,1000000.0,0.02,0
-4.440217797967378,8.791749222937826,-0.6295761577461931,0.0,0.0,0.0,1000000.0,0.02,0
-4.6772805779792375,-2.3438625231909436,-0.23626926523515568,0.0,0.0,0.0,1000000.0,0.02,0
12.121742547301446,22.874571380331147,0.3676018826904839,0.0,0.0,0.0,1000000.0,0.02,0
-0.6448809626795554,8.123406864354052,-0.8158943915196488,0.0,0.0,0.0,1000000.0,0.02,0
0.5529962661968956,8.814379563144096,-0.4783979006145511,0.0,0.0,0.0,1000000.0,0.02,0
5.466475317436209,5.0547407489827965,-0.0880467366139861,0.0,0.0,0.0,1000000.0,0.02,0
1.2092317174444898,-8.421246509287283,-1.9606286618703335,0.0,0.0,0.0,1000000.0,0.02,0
-0.9168628073052337,0.9284317142927435,0.021775800916030263,0.0,0.0,0.0,1000000.0,0.02,0
0.14372844477387103,12.011772570425574,-0.021876108266871697,0.0,0.0,0.0,1000000.0,0.02,0
0.2646970450743976,-0.6433580439461026,0.1201563282947209,0.0,0.0,0.0,1000000.0,0.02,0
-0.03484079022116244,-1.5117675812496716,0.2728323152061538,0.0,0.0,0.0,1000000.0,0.02,0
2.436344221125421,5.1667229535151415,-0.02489107313764638,0.0,0.0,0.0,1000000.0,0.02,0
2.2887845242373035,-0.8087152708262115,-0.8401471638845015,0.0,0.0,0.0,1000000.0,0.02,0
-14.306879208927906,3.714716327358925,1.4990969400045735,0.0,0.0,0.0,1000000.0,0.02,0
4.796999454117921,2.08357757703239,0.36147072517755774,0.0,0.0,0.0,1000000.0,0.02,0
-1.3876011234128327,-19.185725563408063,-0.4982177305501798,0.0,0.0,0.0,1000000.0,0.02,0
-17.594092726330345,-13.420547134344536,1.3168372678551314,0.0,0.0,0.0,1000000.0,0.02,0
-1.9047395009217396,6.699640825888224,1.5204058912912686,0.0,0.0,0.0,1000000.0,0.02,0
-1.119025327221615,3.648225403642064,1.423086641290463,0.0,0.0,0.0,1000000.0,0.02,0
-13.19542668272265,-2.3888082932113237,-0.7069350440165048,0.0,0.0,0.0,1000000.0,0.02,0
2.6191729194279323,-6.4919812987088985,0.5466466386396762,0.0,0.0,0.0,1000000.0,0.02,0
-0.9031873207786081,1.0398276076468906,-0.7231044687899395,0.0,0.0,0.0,1000000.0,0.02,0
-0.7930321845255041,0.12102049965072008,-0.6983900269092294,0.0,0.0,0.0,1000000.0,0.02,0
-0.5031936695571316,2.5236577224700203,-0.146950338924551,0.0,0.0,0.0,1000000.0,0.02,0
-0.06425627278440574,-0.14011506791910405,0.23022275043285223,0.0,0.0,0.0,1000000.0,0.02,0
1.9268357713292856,0.5079397235251445,-0.7039722141542022,0.0,0.0,0.0,1000000.0,0.02,0
-18.865517729528733,-15.483691505824458,1.6224045251536001,0.0,0.0,0.0,1000000.0,0.02,0
8.37102764941527,-1.6923991298349348,0.3449385735956332,0.0,0.0,0.0,1000000.0,0.02,0
-2.2663559991775535,-0.3321295630340697,-1.859612638128131,0.0,0.0,0.0,1000000.0,0.02,0
9.566162393302864,1.737043143557344,-0.06079005044364738,0.0,0.0,0.0,1000000.0,0.02,0
0.11884354355751164,0.013529904485743547,-0.10289784717479655,0.0,0.0,0.0,1000000.0,0.02,0
-1.3540412380992422,0.651696043630442,1.92783904526158,0.0,0.0,0.0,1000000.0,0.02,0
0.4662263998488215,0.5119458927108387,-1.1318406132513887,0.0,0.0,0.0,1000000.0,0.02,0
2.00449622511534,5.999980674718454,0.041957645438503555,0.0,0.0,0.0,1000000.0,0.02,0
1.5652435934829576,0.5676911217992007,-0.636877773471209,0.0,0.0,0.0,1000000.0,0.02,0
-12.09365989293792,-4.961664524234462,-0.8055322524515569,0.0,0.0,0.0,1000000.0,0.02,0
2.2969136184255734,-0.753956531737876,-1.7444581112372868,0.0,0.0,0.0,1000000.0,0.02,0
-6.602338099230069,-8.488371061747353,1.1464799173094802,0.0,0.0,0.0,1000000.0,0.02,0
0.005652383006024996,-0.3765542435566431,-1.6787719238616567,0.0,0.0,0.0,1000000.0,0.02,0
10.769077626340298,10.689499094867447,0.3658986818786394,0.0,0.0,0.0,1000000.0,0.02,0
3.7183764556581003,4.100944724878407,-0.8082453425737324,0.0,0.0,0.0,1000000.0,0.02,0
3.163313476762551,-0.7616137879801725,0.8672089143716244,0.0,0.0,0.0,1000000.0,0.02,0
-0.351004638721014,0.4898425743077572,0.02094441543352943,0.0,0.0,0.0,1000000.0,0.02,0
11.157054718148286,-18.19107423258405,0.9922468026237876,0.0,0.0,0.0,1000000.0,0.02,0
-7.793564980668902,-2.8115691770164397,-0.26698615876959675,0.0,0.0,0.0,1000000.0,0.02,0
-5.557691673212777,0.6878961739257337,-0.08189621960283944,0.0,0.0,0.0,1000000.0,0.02,0
-0.1346011193294471,0.41627230016461547,0.11710570950357813,0.0,0.0,0.0,1000000.0,0.02,0
-7.6011276856898125,6.9291402251292595,0.9975257054832234,0.0,0.0,0.0,1000000.0,0.02,0
9.111041689996304,-0.9031954143271875,0.015586100960192084,0.0,0.0,0.0,1000000.0,0.02,0
3.683956144671051,-4.384631303509797,-0.46492852187721034,0.0,0.0,0.0,1000000.0,0.02,0
-2.441811123861352,-4.895251942534353,-0.807896115816904,0.0,0.0,0.0,1000000.0,0.02,0
-0.9931434849003198,-1.2539111550130306,-0.13538736477355506,0.0,0.0,0.0,1000000.0,0.02,0
-4.671121396534811,-0.8805342750464672,1.2840812230099878,0.0,0.0,0.0,1000000.0,0.02,0
-10.76484535271386,-3.9911708555806915,-1.1774481754993316,0.0,0.0,0.0,1000000.0,0.02,0
0.5463907214039738,-1.4022865631688253,-1.2867104918557004,0.0,0.0,0.0,1000000.0,0.02,0
1.0453199588759894,20.955405968830938,-1.6697094794098017,0.0,0.0,0.0,1000000.0,0.02,0
-3.968487844846603,0.8916604816565011,-1.7154073716794223,0.0,0.0,0.0,1000000.0,0.02,0
2.1824767842071116,-6.904400611658868,1.5543401157303798,0.0,0.0,0.0,1000000.0,0.02,0
-15.332456135414466,1.0039593154626612,-0.1933102943399705,0.0,0.0,0.0,1000000.0,0.02,0
-1.284112975062677,0.4540590553813284,0.7336137531452209,0.0,0.0,0.0,1000000.0,0.02,0
7.087143293324889,-0.5832505033784994,-1.4355000713527106,0.0,0.0,0.0,1000000.0,0.02,0
-10.164470171937216,15.53613751063139,-0.37127671132758344,0.0,0.0,0.0,1000000.0,0.02,0
-9.636154293422674,-1.2213506003860852,-0.6589290384278872,0.0,0.0,0.0,1000000.0,0.02,0
-4.046373076040675,13.50564019647793,1.972065801341114,0.0,0.0,0.0,1000000.0,0.02,0
1.4642903555356694,1.2104835896118018,-1.3840795516335946,0.0,0.0,0.0,1000000.0,0.02,0
19.068773514781373,-3.871653311039603,0.6354483065560741,0.0,0.0,0.0,1000000.0,0.02,0
4.530568342722414,4.181173311487867,-1.3742919185585283,0.0,0.0,0.0,1000000.0,0.02,0
0.4269814834772099,3.310097231363682,0.20138569921681437,0.0,0.0,0.0,1000000.0,0.02,0
-1.7311944381455169,-4.1534090241309585,-0.050174247327125165,0.0,0.0,0.0,1000000.0,0.02,0
5.69150500039934,-11.484578919199976,-0.18654092790618026,0.0,0.0,0.0,1000000.0,0.02,0
2.594007095308887,-9.625255620836265,-0.7686959709590822,0.0,0.0,0.0,1000000.0,0.02,0
-5.64695892411348,5.622469702322978,-0.46188827822663203,0.0,0.0,0.0,1000000.0,0.02,0
-14.693475861866625,7.461562778156306,0.5061550509897073,0.0,0.0,0.0,1000000.0,0.02,0
2.6708473391622456,2.176152989570056,-0.3929487328372323,0.0,0.0,0.0,1000000.0,0.02,0
-6.888257882218692,-2.585620581417586,0.20341318717875545,0.0,0.0,0.0,1000000.0,0.02,0
-0.5903450758436112,1.161711751793942,-0.42645700425336397,0.0,0.0,0.0,1000000.0,0.02,0
22.03232260808273,16.27475435627213,0.08288524566285638,0.0,0.0,0.0,1000000.0,0.02,0
1.580850206355416,2.3657031393790127,-1.5484485219412347,0.0,0.0,0.0,1000000.0,0.02,0
4.136570563687979,-0.2941270759849875,-0.039263037129093625,0.0,0.0,0.0,1000000.0,0.02,0
14.021115570678344,-10.260041406196716,-0.2564994714379054,0.0,0.0,0.0,1000000.0,0.02,0
4.295196757044987,-0.2064789488687026,-0.6589492333420353,0.0,0.0,0.0,1000000.0,0.02,0
5.539929001140869,-5.98175675138695,-0.8328924849071839,0.0,0.0,0.0,1000000.0,0.02,0
-3.1171366459555383,-2.9966819184892928,-0.10084560755103222,0.0,0.0,0.0,1000000.0,0.02,0
1.0367949649700614,-0.2786020448205237,0.23376432106305156,0.0,0.0,0.0,1000000.0,0.02,0
-1.1073295654195536,-2.169793313984602,-1.3583751710051821,0.0,0.0,0.0,1000000.0,0.02,0
-1.6586392051597587,2.356957652373168,-0.6595325178457383,0.0,0.0,0.0,1000000.0,0.02,0
-2.4824975055319363,3.1489050351399333,-1.564585463708398,0.0,0.0,0.0,1000000.0,0.02,0
0.4247837295936397,-1.554677303800516,-1.7389821218182364,0.0,0.0,0.0,1000000.0,0.02,0
12.633156398104923,-2.2720420000007318,-0.6771095572131776,0.0,0.0,0.0,1000000.0,0.02,0
-7.593226359945162,-2.7018766197739055,-0.8451255198336476,0.0,0.0,0.0,1000000.0,0.02,0
0.09686630448255647,-4.189432686228627,0.2005207658495749,0.0,0.0,0.0,1000000.0,0.02,0
0.764531926996986,-2.132145071471904,0.29629013726866216,0.0,0.0,0.0,1000000.0,0.02,0
9.714328376630775,-0.811806092974356,-0.7898187025465857,0.0,0.0,0.0,1000000.0,0.02,0
2.6613122309469093,6.715186505885507,-0.8336785335311259,0.0,0.0,0.0,1000000.0,0.02,0
3.1252792923435058,8.444016781070609,-0.32919281343464846,0.0,0.0,0.0,1000000.0,0.02,0
0.07294048826262815,15.465209486301775,-0.05844289936651048,0.0,0.0,0.0,1000000.0,0.02,0
-6.2607457185696385,1.4611618675400417,1.1235306314841305,0.0,0.0,0.0,1000000.0,0.02,0
-3.444953211894018,-1.8174925905914292,0.0677858315071207,0.0,0.0,0.0,1000000.0,0.02,0
-0.18057556434350602,15.10460455722938,-0.503175858187709,0.0,0.0,0.0,1000000.0,0.02,0
2.6338846759011325,-3.6556973441070646,-0.6137567945540443,0.0,0.0,0.0,1000000.0,0.02,0
-1.0668965126503116,1.60872377434255,-0.9636928040271595,0.0,0.0,0.0,1000000.0,0.02,0
2.127853512790174,6.188101083078576,-1.2390449664827363,0.0,0.0,0.0,1000000.0,0.02,0
-1.4045225451892087,5.618579077253868,0.04881208958516936,0.0,0.0,0.0,1000000.0,0.02,0
-2.938838354565942,1.6327633089544855,0.08430222748383809,0.0,0.0,0.0,1000000.0,0.02,0
-7.76872908341012,15.835475751841235,1.3765727644426535,0.0,0.0,0.0,1000000.0,0.02,0
-0.6059071936784729,4.017425743969989,1.5673048492435768,0.0,0.0,0.0,1000000.0,0.02,0
0.41341629223937904,0.6826530341413446,0.6795410130097803,0.0,0.0,0.0,1000000.0,0.02,0
-2.5758544788441458,3.8344113319711575,0.2688733373261325,0.0,0.0,0.0,1000000.0,0.02,0
-21.986244529679556,-8.265612547408109,1.0134359446750452,0.0,0.0,0.0,1000000.0,0.02,0
0.33692615895983763,-1.5144957045689385,1.7571877261010815,0.0,0.0,0.0,1000000.0,0.02,0
-1.9405503359459786,-0.5975135486010744,-0.05186954872432459,0.0,0.0,0.0,1000000.0,0.02,0
-0.43696275103235566,0.839926614325097,-0.03254981390179257,0.0,0.0,0.0,1000000.0,0.02,0
0.18861172512709037,0.3046805454862086,-0.009424802803697396,0.0,0.0,0.0,1000000.0,0.02,0
0.2404676211975109,-0.0055671107981692634,0.7199006317282173,0.0,0.0,0.0,1000000.0,0.02,0
-0.6411291515292301,-0.40108111680974506,-0.3869954802070037,0.0,0.0,0.0,1000000.0,0.02,0
-4.737176802456026,3.9985824841714055,-1.862169597227803,0.0,0.0,0.0,1000000.0,0.02,0
-2.556520806589568,18.778486280017475,-1.616086718021311,0.0,0.0,0.0,1000000.0,0.02,0
0.29735856336277133,-0.1818017767007869,0.6838845311614952,0.0,0.0,0.0,1000000.0,0.02,0
4.74838355474583,0.09088360362399467,0.32411506935005363,0.0,0.0,0.0,1000000.0,0.02,0
1.415230698637621,0.4061858173279155,0.6262949354824405,0.0,0.0,0.0,1000000.0,0.02,0
-9.945287144541956,8.255480400302227,0.8188337342016414,0.0,0.0,0.0,1000000.0,0.02,0
-15.214983070162956,-23.09661439704016,1.1128275738643625,0.0,0.0,0.0,1000000.0,0.02,0
0.30904267794755974,0.6972443768219897,-0.538739330631981,0.0,0.0,0.0,1000000.0,0.02,0
20.396563966558006,1.7063936110325606,-0.09703797403545877,0.0,0.0,0.0,1000000.0,0.02,0
-5.531055507229009,-4.749207748976702,0.38317719319323373,0.0,0.0,0.0,1000000.0,0.02,0
-1.1657465416772526,-0.9051770983839758,-0.8107626677263751,0.0,0.0,0.0,1000000.0,0.02,0
-7.118402392906299,-9.49622992594118,-1.2426818596856553,0.0,0.0,0.0,1000000.0,0.02,0
-17.258662939397365,-0.846460560089755,-1.7425978213068678,0.0,0.0,0.0,1000000.0,0.02,0
-2.602587535038844,9.041982044649291,-0.6470363265422883,0.0,0.0,0.0,1000000.0,0.02,0
-4.009547565062341,-7.506674804275255,-0.8592369330827472,0.0,0.0,0.0,1000000.0,0.02,0
-0.7084888518782247,-4.906030678468236,-1.1468544650299979,0.0,0.0,0.0,1000000.0,0.02,0
-0.8941626348083319,2.7120268778427836,-0.02345251149052352,0.0,0.0,0.0,1000000.0,0.02,0
1.7933166074780382,3.3588666307102732,1.560831918590682,0.0,0.0,0.0,1000000.0,0.02,0
6.480668524586481,-2.0182591349181087,-0.7392181123195911,0.0,0.0,0.0,1000000.0,0.02,0
-11.606849484824489,3.1394157744747964,0.3661069107054358,0.0,0.0,0.0,1000000.0,0.02,0
-5.868017226813352,-4.804499076829565,-0.5261054730784158,0.0,0.0,0.0,1000000.0,0.02,0
11.46651974879735,16.00036958678013,1.305569869876078,0.0,0.0,0.0,1000000.0,0.02,0
-1.3633058446698012,-2.3752812027534382,-0.5055716969596897,0.0,0.0,0.0,1000000.0,0.02,0
10.701466870579031,3.1170076635857638,0.34747034771358365,0.0,0.0,0.0,1000000.0,0.02,0
-2.5586001003650685,3.221265312490321,0.19851022174044797,0.0,0.0,0.0,1000000.0,0.02,0
4.058159785351454,-3.1317986161581035,0.8482607160975002,0.0,0.0,0.0,1000000.0,0.02,0
-0.953932729948319,-8.055136381825093,-0.4565227590973473,0.0,0.0,0.0,1000000.0,0.02,0
-0.1796241073613398,-2.544039629001576,-0.5861421713857613,0.0,0.0,0.0,1000000.0,0.02,0
8.500898448203273,-0.9734528030539144,-1.754934989606726,0.0,0.0,0.0,1000000.0,0.02,0
-6.673141941706012,2.3105966096933717,-1.2348687991624985,0.0,0.0,0.0,1000000.0,0.02,0
4.499878688003443,-4.033101287418833,1.6819275386436994,0.0,0.0,0.0,1000000.0,0.02,0
-12.622355223725231,-21.533533587154945,1.1791862731533058,0.0,0.0,0.0,1000000.0,0.02,0
-25.02686931318325,1.6418149299050313,0.7531849188797981,0.0,0.0,0.0,1000000.0,0.02,0
5.994417847942498,-17.732201486699864,0.21141415036776934,0.0,0.0,0.0,1000000.0,0.02,0
5.152785343702323,-3.7331588141333967,-0.15278786402323874,0.0,0.0,0.0,1000000.0,0.02,0
-0.04753299336895294,21.955290755758213,-0.2873397363070982,0.0,0.0,0.0,1000000.0,0.02,0
0.1241384841948343,-2.0205030973732048,-0.10402811529064504,0.0,0.0,0.0,1000000.0,0.02,0
-18.171006303503333,-10.911825743832434,1.9314420447933633,0.0,0.0,0.0,1000000.0,0.02,0
2.915864084479967,-0.9336871501700744,-0.22837914790423586,0.0,0.0,0.0,1000000.0,0.02,0
5.628254096786509,3.1113170085609774,0.07253948774909791,0.0,0.0,0.0,1000000.0,0.02,0
24.606215524538737,-7.69009228459574,-0.26320809763812747,0.0,0.0,0.0,1000000.0,0.02,0
-13.572837397106637,2.6759409659607334,-1.1599144059974913,0.0,0.0,0.0,1000000.0,0.02,0
-0.47006987553288204,0.5220069594740618,1.3360436036167824,0.0,0.0,0.0,1000000.0,0.02,0
-10.787133929328137,6.921802806405765,-0.1948878333997639,0.0,0.0,0.0,1000000.0,0.02,0
19.54047039549333,4.707345972514007,-0.055681490813509704,0.0,0.0,0.0,1000000.0,0.02,0
4.4230137749014995,-10.721544362510771,0.017804608040176362,0.0,0.0,0.0,1000000.0,0.02,0
-14.43020239827835,-1.9261892061780144,0.9783289496970058,0.0,0.0,0.0,1000000.0,0.02,0
-6.020191152749657,11.530590485594953,0.198188375849206,0.0,0.0,0.0,1000000.0,0.02,0
0.5609843891781296,1.0193987467604035,-0.2672546591623437,0.0,0.0,0.0,1000000.0,0.02,0
-1.6770783176747495,0.33936335561384945,0.78204852392712,0.0,0.0,0.0,1000000.0,0.02,0
-1.733447450663449,-13.464142150224205,-0.6529910538244437,0.0,0.0,0.0,1000000.0,0.02,0
-8.012232953793545,16.510691729818898,-0.0799261740092696,0.0,0.0,0.0,1000000.0,0.02,0
3.0707618699691612,-10.039739296480352,-0.5619863429241789,0.0,0.0,0.0,1000000.0,0.02,0
1.6199191186569633,10.73339790863431,-0.059040256346346354,0.0,0.0,0.0,1000000.0,0.02,0
-11.120971812619706,-5.230911326303146,1.1963175800282189,0.0,0.0,0.0,1000000.0,0.02,0
0.41687769765171306,-0.1015508142441471,-0.18147503556697764,0.0,0.0,0.0,1000000.0,0.02,0
-6.153961669986769,-12.457647435673382,-1.991529559059634,0.0,0.0,0.0,1000000.0,0.02,0
11.638240649682047,-2.0848673941626705,-1.0498684542922394,0.0,0.0,0.0,1000000.0,0.02,0
-2.255604071325827,2.3671573144402043,-0.808121890030665,0.0,0.0,0.0,1000000.0,0.02,0
-14.124315477559872,11.610512728329333,0.05673094629276498,0.0,0.0,0.0,1000000.0,0.02,0
0.4567033321547142,-1.9905539237173193,0.9915595340021506,0.0,0.0,0.0,1000000.0,0.02,0
24.59027510640698,16.106054220011654,0.5086531820090503,0.0,0.0,0.0,1000000.0,0.02,0
-1.4695933663325185,20.347776766162678,0.5128054558273334,0.0,0.0,0.0,1000000.0,0.02,0
-7.7477468708753126,4.175142345440018,0.0063702295739664905,0.0,0.0,0.0,1000000.0,0.02,0
1.7776183874061666,-4.285403973184283,-0.9629399966574521,0.0,0.0,0.0,1000000.0,0.02,0
2.624458897751424,-4.345158588029508,-0.8140366349677874,0.0,0.0,0.0,1000000.0,0.02,0
-2.8827784591390992,3.4174576072682754,-1.8837371652857824,0.0,0.0,0.0,1000000.0,0.02,0
1.1471678968849397,0.6516068109005031,-0.5421568976150848,0.0,0.0,0.0,1000000.0,0.02,0
-7.605934775175744,14.182671828084946,1.6705340189917575,0.0,0.0,0.0,1000000.0,0.02,0
4.347946861781465,4.129024030022859,-1.4329132683417756,0.0,0.0,0.0,1000000.0,0.02,0
3.792200351655651,5.1605252500683205,-0.11623860881845616,0.0,0.0,0.0,1000000.0,0.02,0
1.0914440537243921,-0.9272752707799642,0.10168445553904526,0.0,0.0,0.0,1000000.0,0.02,0
5.256359947058112,-15.31787950748265,-0.02381984783591129,0.0,0.0,0.0,1000000.0,0.02,0
2.3128796376270673,2.0682805733435523,0.11383753091262161,0.0,0.0,0.0,1000000.0,0.02,0
2.1765414326143007,1.556651300548593,1.7183824648568162,0.0,0.0,0.0,1000000.0,0.02,0
2.11279331387318,1.0509278961589195,0.8708107470565176,0.0,0.0,0.0,1000000.0,0.02,0
17.413855466400417,0.4584423310024628,1.7260001063844834,0.0,0.0,0.0,1000000.0,0.02,0
0.46188241271571695,-1.3522398594709482,-0.4075852597787737,0.0,0.0,0.0,1000000.0,0.02,0
8.920486952332384,0.5414539278643284,1.0997073749664752,0.0,0.0,0.0,1000000.0,0.02,0
-6.366283598050976,7.772261740407338,-0.13482732987150658,0.0,0.0,0.0,1000000.0,0.02,0
-2.1729410825692073,-1.4480777524370134,0.8127851204080487,0.0,0.0,0.0,1000000.0,0.02,0
-23.81925200399229,-10.142191563350977,1.0176086773841009,0.0,0.0,0.0,1000000.0,0.02,0
5.78778329658188,-5.162832685573978,1.47306720314762,0.0,0.0,0.0,1000000.0,0.02,0
17.73783518567015,16.1990393686361,-1.3614420031913195,0.0,0.0,0.0,1000000.0,0.02,0
6.031086297877996,-8.923945518591793,0.3878275859656952,0.0,0.0,0.0,1000000.0,0.02,0
0.9206612009794659,-2.4839214605440403,0.23201050605578288,0.0,0.0,0.0,1000000.0,0.02,0
0.8215346918689562,-0.7625777229628501,-0.13989275120001032,0.0,0.0,0.0,1000000.0,0.02,0
10.177038874580067,-4.588210086482021,0.10156831741121586,0.0,0.0,0.0,1000000.0,0.02,0
0.9674076958543824,-1.0557264694528736,1.0849115972809038,0.0,0.0,0.0,1000000.0,0.02,0
13.656657305587096,-17.332287440407583,0.010687340052889738,0.0,0.0,0.0,1000000.0,0.02,0
-3.2019812299079886,2.968165402964528,0.5655340559206286,0.0,0.0,0.0,1000000.0,0.02,0
-0.4568206345354718,1.254930949872193,1.9947598866236556,0.0,0.0,0.0,1000000.0,0.02,0
1.1753743264552505,-0.06386789009573453,0.4155172836578691,0.0,0.0,0.0,1000000.0,0.02,0
0.13546996413617376,1.4979543147112782,1.740968223320067,0.0,0.0,0.0,1000000.0,0.02,0
-18.843287746594182,4.8799078979833315,-0.9574800367888567,0.0,0.0,0.0,1000000.0,0.02,0
7.254465126601774,-2.786278665341967,0.331825237205857,0.0,0.0,0.0,1000000.0,0.02,0
6.208082946691028,-1.2832205475751195,-1.5798456391045406,0.0,0.0,0.0,1000000.0,0.02,0
-0.8319855269146998,0.30626894473178445,0.9647279434569525,0.0,0.0,0.0,1000000.0,0.02,0
1.0617660848955173,1.6702544439829003,-0.543242494364157,0.0,0.0,0.0,1000000.0,0.02,0
4.696275934402543,-2.6285732709454654,-0.6146023978180581,0.0,0.0,0.0,1000000.0,0.02,0
-0.3853557507316634,0.025951797033803032,0.22678094178314812,0.0,0.0,0.0,1000000.0,0.02,0
6.091459978960798,1.2762541630076514,-0.4356032245715564,0.0,0.0,0.0,1000000.0,0.02,0
13.183802234927198,8.249384289880116,0.32818698350883224,0.0,0.0,0.0,1000000.0,0.02,0
5.617851868556382,-0.8034283781603868,-0.6905321969531792,0.0,0.0,0.0,1000000.0,0.02,0
-0.7504835343173054,2.267789172498623,0.010536957576019468,0.0,0.0,0.0,1000000.0,0.02,0
-8.012735720916345,-3.8154264775295226,1.2283008748488395,0.0,0.0,0.0,1000000.0,0.02,0
-0.9487499633175943,0.6889604951631954,1.1174768659944831,0.0,0.0,0.0,1000000.0,0.02,0
0.1204656679742619,0.8203705578028645,-0.6625403778619781,0.0,0.0,0.0,1000000.0,0.02,0
-16.9758135736544,-4.4118654106260005,-0.14543450005558345,0.0,0.0,0.0,1000000.0,0.02,0
8.366319378730216,-0.16545716511688102,-0.10161651380068015,0.0,0.0,0.0,1000000.0,0.02,0
-0.19611593035133773,0.5250142943852913,-1.068278035334445,0.0,0.0,0.0,1000000.0,0.02,0
7.545180293737947,-24.82816336408787,0.2701205078766957,0.0,0.0,0.0,1000000.0,0.02,0
6.660616348252413,-17.548223802930256,0.5484289171122789,0.0,0.0,0.0,1000000.0,0.02,0
-2.848393176361435,11.038498335239504,-1.9649059195360898,0.0,0.0,0.0,1000000.0,0.02,0
8.908118016430418,-15.365240022948443,1.4181489459593601,0.0,0.0,0.0,1000000.0,0.02,0
6.204542783967814,3.1762984136771184,0.1218240298532498,0.0,0.0,0.0,1000000.0,0.02,0
-2.8335642616673904,-5.379955656343789,-1.412354409165948,0.0,0.0,0.0,1000000.0,0.02,0
-3.3870342306421186,-25.203059619804353,0.33092931945349413,0.0,0.0,0.0,1000000.0,0.02,0
-0.8289572670005849,-11.065382442794691,1.6021048890700937,0.0,0.0,0.0,1000000.0,0.02,0
-0.10195505759242542,-0.36422311934077833,-1.8649294678645516,0.0,0.0,0.0,1000000.0,0.02,0
17.82390215790524,-20.954004491491173,0.6777454042682356,0.0,0.0,0.0,1000000.0,0.02,0
-13.950561913176093,-10.97452216307354,-0.5424710526490903,0.0,0.0,0.0,1000000.0,0.02,0
6.425710184475282,20.094399946366785,-1.1294759530112986,0.0,0.0,0.0,1000000.0,0.02,0
1.4039166259090232,-1.2004169718867916,0.9367129707180206,0.0,0.0,0.0,1000000.0,0.02,0
-6.873286024320101,-6.095013491953079,-0.8580759413405783,0.0,0.0,0.0,1000000.0,0.02,0
2.6871050674361774,0.23048324118558944,1.2313025116373888,0.0,0.0,0.0,1000000.0,0.02,0
-1.8855802768356944,0.5574114661286169,-0.770283143243395,0.0,0.0,0.0,1000000.0,0.02,0
-23.312678901532625,4.322991849815511,0.28021270187840663,0.0,0.0,0.0,1000000.0,0.02,0
-18.51024423035629,5.283669725572822,0.9123809635054796,0.0,0.0,0.0,1000000.0,0.02,0
0.5035629601238082,-5.258525605894431,0.5413093572164147,0.0,0.0,0.0,1000000.0,0.02,0
2.8108878175334837,-13.496162006958714,-0.7517242532216954,0.0,0.0,0.0,1000000.0,0.02,0
-6.323327917477911,0.3057353972197817,0.09440816502786564,0.0,0.0,0.0,1000000.0,0.02,0
1.9389211360267244,-2.5478255043093845,1.3639051844298757,0.0,0.0,0.0,1000000.0,0.02,0
1.2886984560077743,-0.9724065299978483,-0.06408873436067708,0.0,0.0,0.0,1000000.0,0.02,0
-3.605841721164295,-0.1340958703644108,-0.5656194241746206,0.0,0.0,0.0,1000000.0,0.02,0
-4.314097260725608,0.46552815798721187,1.031091693394659,0.0,0.0,0.0,1000000.0,0.02,0
-0.8889707432560864,-0.5871321785173857,0.3726347755128483,0.0,0.0,0.0,1000000.0,0.02,0
1.378490278556385,3.3591311429129593,0.4642105090700568,0.0,0.0,0.0,1000000.0,0.02,0
0.4223825710032918,2.3874141560466766,-0.16606658122142903,0.0,0.0,0.0,1000000.0,0.02,0
4.313422216298968,-6.599081257758381,0.9914055983277228,0.0,0.0,0.0,1000000.0,0.02,0
-5.107006978666149,-28.490382823072295,-0.6466203809435189,0.0,0.0,0.0,1000000.0,0.02,0
-0.555138968713517,20.717381737349307,-0.5848906269341239,0.0,0.0,0.0,1000000.0,0.02,0
17.60345892340939,-4.31227081160626,-0.24325931261873013,0.0,0.0,0.0,1000000.0,0.02,0
15.918641553450943,8.953798853117513,1.7795612811972825,0.0,0.0,0.0,1000000.0,0.02,0
-2.7783498494561805,1.9999964215691453,-1.0321564996551702,0.0,0.0,0.0,1000000.0,0.02,0
-6.557037507005362,-7.3804720540192275,-0.3306444829990447,0.0,0.0,0.0,1000000.0,0.02,0
7.0376743559357395,6.723236467055369,0.22519760563845637,0.0,0.0,0.0,1000000.0,0.02,0
-4.699197689848894,-6.653360505866558,-1.1248891035937358,0.0,0.0,0.0,1000000.0,0.02,0
-3.3080884830702777,-0.9475258080819083,-0.8912662624281626,0.0,0.0,0.0,1000000.0,0.02,0
0.5353583498358556,-0.35255517370029144,-0.49723273892911557,0.0,0.0,0.0,1000000.0,0.02,0
-4.686406828374472,-6.313479605037379,0.15648218712005324,0.0,0.0,0.0,1000000.0,0.02,0
0.9868717991155354,-0.045264208074328266,-0.10562606780643513,0.0,0.0,0.0,1000000.0,0.02,0
3.034896330745677,4.773406571164509,0.12474079104012858,0.0,0.0,0.0,1000000.0,0.02,0
-1.2817235383975984,-0.603665763942998,-1.540092427233155,0.0,0.0,0.0,1000000.0,0.02,0
-10.571590310224167,1.1144663509349428,-1.5103383759410276,0.0,0.0,0.0,1000000.0,0.02,0
-10.229233610146574,-21.063534275707255,0.5929791435109832,0.0,0.0,0.0,1000000.0,0.02,0
3.260441968810575,-1.0240873459331075,-0.5433992962725496,0.0,0.0,0.0,1000000.0,0.02,0
0.7962604869117142,0.42992947071617893,1.8108275275098888,0.0,0.0,0.0,1000000.0,0.02,0
0.761125957218185,10.54405898277913,0.4335308157508706,0.0,0.0,0.0,1000000.0,0.02,0
-3.173358911684694,0.8435763490665158,-0.4178545917739802,0.0,0.0,0.0,1000000.0,0.02,0
16.57288426215235,6.707282646062904,-0.20930104677514194,0.0,0.0,0.0,1000000.0,0.02,0
6.994759504092048,-22.45736180546814,1.5864012917578973,0.0,0.0,0.0,1000000.0,0.02,0
4.862868946498932,-5.241947574303935,0.8173513057534931,0.0,0.0,0.0,1000000.0,0.02,0
-10.645250608608348,10.636936704320517,0.5614248828581196,0.0,0.0,0.0,1000000.0,0.02,0
-8.397541044937352,5.346772738788432,0.09355269680596301,0.0,0.0,0.0,1000000.0,0.02,0
-13.237454842890429,-13.374844080517319,-0.7987145281355694,0.0,0.0,0.0,1000000.0,0.02,0
-8.197822478772908,-8.566147507562867,-1.5233120552157242,0.0,0.0,0.0,1000000.0,0.02,0
-1.8688779282461663,-9.696160897707797,0.971263583577259,0.0,0.0,0.0,1000000.0,0.02,0
0.8660183372136135,-0.8262860790575141,-0.41736635437943637,0.0,0.0,0.0,1000000.0,0.02,0
0.8616782496302942,-0.31966213370103724,0.6800075642692072,0.0,0.0,0.0,1000000.0,0.02,0
0.9704503512779827,0.9027791782225714,0.012416411723610743,0.0,0.0,0.0,1000000.0,0.02,0
9.799652922621037,1.2269476870304659,-1.2297069909433356,0.0,0.0,0.0,1000000.0,0.02,0
0.020580309797499016,0.18757824997802838,1.639138705844445,0.0,0.0,0.0,1000000.0,0.02,0
1.4942184796002695,1.5799181887910354,-0.5060340412019153,0.0,0.0,0.0,1000000.0,0.02,0
7.6937607711460645,-6.199560763339642,-0.41491228987799555,0.0,0.0,0.0,1000000.0,0.02,0
-1.5863812035008442,-1.5953669583501489,0.1316073754922078,0.0,0.0,0.0,1000000.0,0.02,0
-4.287833655094943,-4.354386677063177,0.913342923913727,0.0,0.0,0.0,1000000.0,0.02,0
1.8670601294492704,3.28904755490318,1.3111051934758846,0.0,0.0,0.0,1000000.0,0.02,0
-1.1838151317664003,-2.678718560136318,-0.17799794865016239,0.0,0.0,0.0,1000000.0,0.02,0
0.09543989937078823,-1.3029125442082539,0.2671313293550961,0.0,0.0,0.0,1000000.0,0.02,0
-18.427989835742366,5.2777200307750896,0.4222367333785195,0.0,0.0,0.0,1000000.0,0.02,0
-0.8690751902936454,-1.5547804087644164,-0.979160534715108,0.0,0.0,0.0,1000000.0,0.02,0
7.680342767665916,-11.731931445322255,0.0814990702662799,0.0,0.0,0.0,1000000.0,0.02,0
1.058547743960925,2.0419808826114787,-0.0547832745399921,0.0,0.0,0.0,1000000.0,0.02,0
-16.398581139996992,-4.4173616863717795,0.722152369875503,0.0,0.0,0.0,1000000.0,0.02,0
-3.7541808760148894,4.899714012348423,-0.2490498772248957,0.0,0.0,0.0,1000000.0,0.02,0
18.307136737906767,13.99096734955888,0.2890775445109188,0.0,0.0,0.0,1000000.0,0.02,0
-4.920105809584326,4.245274633329775,-0.7057369887876597,0.0,0.0,0.0,1000000.0,0.02,0
5.129279441502348,-9.013404296088272,-1.5990700142544831,0.0,0.0,0.0,1000000.0,0.02,0
-3.0639811239056067,1.5340712880328145,-1.3464336607257232,0.0,0.0,0.0,1000000.0,0.02,0
-25.290348114524082,-13.084276635436249,0.5647366146166615,0.0,0.0,0.0,1000000.0,0.02,0
-1.795147134487558,3.1561020662191295,-0.29093193408831475,0.0,0.0,0.0,1000000.0,0.02,0
9.131043954778267,-2.2068094908450417,1.4411842491691722,0.0,0.0,0.0,1000000.0,0.02,0
-19.754334975320248,-13.37443281189437,0.16967077124301255,0.0,0.0,0.0,1000000.0,0.02,0
-0.18296163222147097,-0.400671538648154,0.3823620478504761,0.0,0.0,0.0,1000000.0,0.02,0
5.170025545649419,-6.230097954033932,-0.42275891297581314,0.0,0.0,0.0,1000000.0,0.02,0
-6.83019221825706,9.526732159722634,-0.07043902614877151,0.0,0.0,0.0,1000000.0,0.02,0
-2.614125458499548,-1.4514532988712439,0.04828114018577523,0.0,0.0,0.0,1000000.0,0.02,0
0.5678051637267258,0.27040301891354757,-1.8059494861441685,0.0,0.0,0.0,1000000.0,0.02,0
11.008050304152835,-3.4132892482360493,-0.8150316434099061,0.0,0.0,0.0,1000000.0,0.02,0
0.6252954403878497,-7.2510103815309845,-1.7654153955480547,0.0,0.0,0.0,1000000.0,0.02,0
0.18626883767968805,2.419622492463577,1.1670715310291166,0.0,0.0,0.0,1000000.0,0.02,0
-2.7657573467553385,-0.41601673927998917,0.15690300677637836,0.0,0.0,0.0,1000000.0,0.02,0
-8.487418314975567,13.847820707484503,-1.1937048617008674,0.0,0.0,0.0,1000000.0,0.02,0
0.40017588599918585,-0.613359270289336,0.34622377527852954,0.0,0.0,0.0,1000000.0,0.02,0
-2.5383592357025506,-1.0306835163847659,-0.5199793374105344,0.0,0.0,0.0,1000000.0,0.02,0
-1.0603955764869721,12.131723713024062,-1.9884970902238672,0.0,0.0,0.0,1000000.0,0.02,0
-2.9289714904096567,-6.365898271994571,0.5334796540231785,0.0,0.0,0.0,1000000.0,0.02,0
-11.89416287348235,12.174227189742869,-0.21667014755887593,0.0,0.0,0.0,1000000.0,0.02,0
0.17440541649029376,1.422135860882209,1.9665712267221283,0.0,0.0,0.0,1000000.0,0.02,0
-16.700735889584365,17.700097421853172,0.07649321297414424,0.0,0.0,0.0,1000000.0,0.02,0
-9.621684705980655,2.751301546360032,-0.3261378456455821,0.0,0.0,0.0,1000000.0,0.02,0
12.87034046992561,-9.039296902771063,1.535332060918436,0.0,0.0,0.0,1000000.0,0.02,0
3.7234380774129785,-2.143543228564649,0.4867229237830397,0.0,0.0,0.0,1000000.0,0.02,0
2.813296325960324,-11.188510926590721,-0.031245267720288794,0.0,0.0,0.0,1000000.0,0.02,0
8.331215825991224,16.45552827437727,0.604006750658848,0.0,0.0,0.0,1000000.0,0.02,0
4.15897441634148,-11.163237444588724,-0.5188363333135566,0.0,0.0,0.0,1000000.0,0.02,0
3.3730174031006137,-0.027504528157637,-0.33042268391022844,0.0,0.0,0.0,1000000.0,0.02,0
-7.658641249255587,-25.783643777148303,0.47408243460144917,0.0,0.0,0.0,1000000.0,0.02,0
12.150715453891207,9.543307396135212,-0.3596996179284515,0.0,0.0,0.0,1000000.0,0.02,0
-12.559985174037967,-10.252832091627733,0.46880274899037033,0.0,0.0,0.0,1000000.0,0.02,0
5.32128472467814,14.573191378561617,-1.4392900124877288,0.0,0.0,0.0,1000000.0,0.02,0
9.520538249128958,0.6207286371191238,-0.12930798280286915,0.0,0.0,0.0,1000000.0,0.02,0
-0.6917318698154508,1.0311567123603231,-1.6603778770055193,0.0,0.0,0.0,1000000.0,0.02,0
5.142693572871097,12.43222889003694,0.40449532154630763,0.0,0.0,0.0,1000000.0,0.02,0
-1.1693804489787771,1.0687185647007322,-0.34630070386597556,0.0,0.0,0.0,1000000.0,0.02,0
-1.96349142689647,0.908596275830054,0.4033102302037257,0.0,0.0,0.0,1000000.0,0.02,0
6.6210199674379195,4.103300162420187,0.7576090142390921,0.0,0.0,0.0,1000000.0,0.02,0
-0.8321019826471734,0.25120586837673575,-1.6030960653110649,0.0,0.0,0.0,1000000.0,0.02,0
-5.712575929479822,-1.4075149310426467,1.2719323846538835,0.0,0.0,0.0,1000000.0,0.02,0
14.735934059967155,4.266458890874867,1.8478025942970682,0.0,0.0,0.0,1000000.0,0.02,0
17.582927417889508,15.403441825820547,-0.3776623662890026,0.0,0.0,0.0,1000000.0,0.02,0
0.2809290623842768,-0.24301225790008027,-0.133033671444724,0.0,0.0,0.0,1000000.0,0.02,0
-20.622952490123993,-7.144800360806596,0.16068110652111312,0.0,0.0,0.0,1000000.0,0.02,0
10.142932307126399,7.680490197628212,1.3143848753800498,0.0,0.0,0.0,1000000.0,0.02,0
-5.487412849806828,1.9656953391734262,-1.5645138597671826,0.0,0.0,0.0,1000000.0,0.02,0
8.220389989975015,-3.6116619425515566,-0.5356835430835911,0.0,0.0,0.0,1000000.0,0.02,0
-2.8771322421329493,-0.7262704707608406,-0.017715711062478157,0.0,0.0,0.0,1000000.0,0.02,0
8.681722005984989,-4.002715694288505,-0.6061060779252934,0.0,0.0,0.0,1000000.0,0.02,0
3.604154236553152,3.9586017881110256,-0.24471623602848602,0.0,0.0,0.0,1000000.0,0.02,0
3.1037563289231294,-3.1120914960076353,1.3788778152949366,0.0,0.0,0.0,1000000.0,0.02,0
0.4884943346271066,-3.6726122101381926,0.6327072886984446,0.0,0.0,0.0,1000000.0,0.02,0
-12.093427348660985,-5.78518937930404,-1.6534895394091524,0.0,0.0,0.0,1000000.0,0.02,0
1.1377439691775577,-0.2790062969302236,-0.8505139908057222,0.0,0.0,0.0,1000000.0,0.02,0
-2.3483309973258675,-1.7007848237408243,-0.03364603004147071,0.0,0.0,0.0,1000000.0,0.02,0
0.5323712313658893,0.3876519655425699,-0.801867253451479,0.0,0.0,0.0,1000000.0,0.02,0
10.488556397785919,-14.61285768273231,0.07046734604388227,0.0,0.0,0.0,1000000.0,0.02,0
17.91290486732858,-2.3154220332387943,-0.009070414712200048,0.0,0.0,0.0,1000000.0,0.02,0
4.098725392678101,4.808100686327187,0.01560953481105365,0.0,0.0,0.0,1000000.0,0.02,0
0.3814027952205758,7.669955213417519,1.3374139917688836,0.0,0.0,0.0,1000000.0,0.02,0
0.6209103323338144,14.000236740543423,0.0874960366403501,0.0,0.0,0.0,1000000.0,0.02,0
-2.9358627401844544,-6.050285926288897,0.09040278769999599,0.0,0.0,0.0,1000000.0,0.02,0
-1.9742075430518389,-1.69663641085461,0.6789717651919629,0.0,0.0,0.0,1000000.0,0.02,0
0.3780726715851507,-15.711987737345055,-0.042319980002336166,0.0,0.0,0.0,1000000.0,0.02,0
2.431153469580938,-0.6423252341953971,-0.4081408348355522,0.0,0.0,0.0,1000000.0,0.02,0
-6.158136717714501,-8.578828968043602,0.35224688233691825,0.0,0.0,0.0,1000000.0,0.02,0
-3.326263393335215,-7.066224294237935,-0.4267722155037177,0.0,0.0,0.0,1000000.0,0.02,0
-6.515385801347759,10.248882208197825,0.6329313664547858,0.0,0.0,0.0,1000000.0,0.02,0
-16.423567672864106,6.9574624511824315,-0.5936745202623266,0.0,0.0,0.0,1000000.0,0.02,0
-5.722083351456702,-3.742550988448515,1.5220152853585285,0.0,0.0,0.0,1000000.0,0.02,0
4.409725473275109,-2.572637480548711,-0.7438844515823542,0.0,0.0,0.0,1000000.0,0.02,0
13.607651341944404,-9.673498581984816,-1.8152580178309963,0.0,0.0,0.0,1000000.0,0.02,0
2.6923308574630167,2.1316990206056734,1.8413515507738376,0.0,0.0,0.0,1000000.0,0.02,0
3.6654264350064163,-4.538045706376904,-0.7646315836089128,0.0,0.0,0.0,1000000.0,0.02,0
-0.4240036456766836,2.086849600679104,-0.4220526806854723,0.0,0.0,0.0,1000000.0,0.02,0
-25.197652895330695,-10.11396987992824,0.14214630125356642,0.0,0.0,0.0,1000000.0,0.02,0
-1.869256704739222,-5.365477855603828,0.34436233878525435,0.0,0.0,0.0,1000000.0,0.02,0
11.673481122690543,-13.678038403636506,-0.5466305739299742,0.0,0.0,0.0,1000000.0,0.02,0
4.72090570348674,-9.22881237527951,-1.035511118075605,0.0,0.0,0.0,1000000.0,0.02,0
1.600898353847207,-1.0927808162313304,0.15606813198795688,0.0,0.0,0.0,1000000.0,0.02,0
-0.18240385237911128,0.2543083212219292,1.4819605346687323,0.0,0.0,0.0,1000000.0,0.02,0
-2.35662941202772,14.941695167884054,0.312198554829747,0.0,0.0,0.0,1000000.0,0.02,0
11.381935526137902,7.495841611928461,-1.6925110090322946,0.0,0.0,0.0,1000000.0,0.02,0
-0.20427717612475615,-3.1676271025232983,0.19613919343244923,0.0,0.0,0.0,1000000.0,0.02,0
-1.7952475084212676,-0.2787872838811619,-1.5874642833306183,0.0,0.0,0.0,1000000.0,0.02,0
8.830181594390481,-7.51822792264351,-0.5075218436261633,0.0,0.0,0.0,1000000.0,0.02,0
-0.31144842087012664,-0.27208513099935205,-0.4066017577783505,0.0,0.0,0.0,1000000.0,0.02,0
2.144634987226129,-2.301447382312113,0.6444644978098193,0.0,0.0,0.0,1000000.0,0.02,0
-13.76662481577886,1.2593341839202945,-0.12298287388559181,0.0,0.0,0.0,1000000.0,0.02,0
-7.980867169094727,-19.83894098114618,-0.09447156719562688,0.0,0.0,0.0,1000000.0,0.02,0
-2.987828269734355,14.871350296929576,0.7235182453581404,0.0,0.0,0.0,1000000.0,0.02,0
3.821822724845739,-8.57548065036057,-0.8687972358681666,0.0,0.0,0.0,1000000.0,0.02,0
-0.9116688789704098,-0.8954109972431021,0.34721136489799864,0.0,0.0,0.0,1000000.0,0.02,0
0.6036667364395873,1.623079356995386,0.03579944099322496,0.0,0.0,0.0,1000000.0,0.02,0
-2.130553798457251,-2.404106415167415,0.5412963131698971,0.0,0.0,0.0,1000000.0,0.02,0
1.374710809384744,5.648997267415099,0.01044685654144839,0.0,0.0,0.0,1000000.0,0.02,0
-6.512051486619198,-5.405852265095467,-0.399107758724357,0.0,0.0,0.0,1000000.0,0.02,0
0.7083221348108468,0.25403097375568434,1.2961404171187425,0.0,0.0,0.0,1000000.0,0.02,0
11.548180616903746,9.130182921148354,0.1228154384255129,0.0,0.0,0.0,1000000.0,0.02,0
13.528318833398359,1.173792176187303,-0.3038704635646319,0.0,0.0,0.0,1000000.0,0.02,0
-3.8760144182490883,-1.9515046902083206,-1.444499625387743,0.0,0.0,0.0,1000000.0,0.02,0
1.3926844136249523,11.247023542589748,-0.14580438004385243,0.0,0.0,0.0,1000000.0,0.02,0
-6.915151540349248,-4.721551539125521,-0.3055666582782015,0.0,0.0,0.0,1000000.0,0.02,0
0.0061028306445411705,12.238219653054113,-0.28438950722479994,0.0,0.0,0.0,1000000.0,0.02,0
-0.31869512505195835,1.1638294764821682,1.0790654867359537,0.0,0.0,0.0,1000000.0,0.02,0
0.8309894130121381,1.8226493233148373,0.08655770551636,0.0,0.0,0.0,1000000.0,0.02,0
15.792452983204532,-1.5116498502367173,-0.9458821305899807,0.0,0.0,0.0,1000000.0,0.02,0
0.0006728887761808505,0.00008217301161760166,0.18924563188006616,0.0,0.0,0.0,1000000.0,0.02,0
8.130612659698539,-2.859704818609334,-1.0340703689131203,0.0,0.0,0.0,1000000.0,0.02,0
-15.223811026571555,-6.113272182695749,0.32175937959028733,0.0,0.0,0.0,1000000.0,0.02,0
-7.54260631597125,-0.32595452315520723,-0.8893915335272515,0.0,0.0,0.0,1000000.0,0.02,0
4.966006608210868,-3.3933376634011623,-0.3779796666857269,0.0,0.0,0.0,1000000.0,0.02,0
5.8861573334302175,1.4639067276527153,-0.0963188410535114,0.0,0.0,0.0,1000000.0,0.02,0
-0.6675694377148859,-0.1377897253277797,0.004910242628281658,0.0,0.0,0.0,1000000.0,0.02,0
5.850891860469112,5.735811602992746,-0.4309627742075124,0.0,0.0,0.0,1000000.0,0.02,0
-0.15672720200317536,-0.8622917531584027,0.24522127817507666,0.0,0.0,0.0,1000000.0,0.02,0
-0.4599359477955104,0.006068313243917147,-0.43875308306533967,0.0,0.0,0.0,1000000.0,0.02,0
-3.878393904444429,0.21905496611637454,1.0192980252917776,0.0,0.0,0.0,1000000.0,0.02,0
9.422538331598844,-1.6771837231682598,0.14665892486973764,0.0,0.0,0.0,1000000.0,0.02,0
-6.151685755870901,0.053648258477985114,0.20813551937411567,0.0,0.0,0.0,1000000.0,0.02,0
8.593139597294286,1.9160831454134364,-0.20341715322273668,0.0,0.0,0.0,1000000.0,0.02,0
-17.10719873864126,-13.766288710821,1.6358214970297613,0.0,0.0,0.0,1000000.0,0.02,0
6.767615374043114,-0.9142568009699237,-0.17901668012076666,0.0,0.0,0.0,1000000.0,0.02,0
8.729802396214529,10.352201994050898,-1.2564250988486076,0.0,0.0,0.0,1000000.0,0.02,0
9.253594528139544,-15.20168421750398,-1.5265256893770234,0.0,0.0,0.0,1000000.0,0.02,0
1.0908494137456048,1.0923087075897313,0.1637026860021411,0.0,0.0,0.0,1000000.0,0.02,0
-2.612271393491458,1.0517360737559527,-0.3558956162886808,0.0,0.0,0.0,1000000.0,0.02,0
-0.7651770391992663,-0.6174789922626905,-0.17350091634783205,0.0,0.0,0.0,1000000.0,0.02,0
-8.269969014899948,12.463741211999405,-0.10569486294240882,0.0,0.0,0.0,1000000.0,0.02,0
14.831516453269673,2.6536250517463893,-0.03798527083752212,0.0,0.0,0.0,1000000.0,0.02,0
-8.58111896388229,-6.349846139395087,0.49401950594615585,0.0,0.0,0.0,1000000.0,0.02,0
-2.462451690670084,5.132943074764956,-0.10285210065674555,0.0,0.0,0.0,1000000.0,0.02,0
-5.679239220175001,14.794178057309077,-0.00853731055018514,0.0,0.0,0.0,1000000.0,0.02,0
-1.1367166078062592,-0.09828977679458377,0.01848223396621851,0.0,0.0,0.0,1000000.0,0.02,0
-23.796769442153646,0.5502915585644244,0.7939369254481763,0.0,0.0,0.0,1000000.0,0.02,0
3.1481538762743915,-8.147797026129862,0.13480343308939968,0.0,0.0,0.0,1000000.0,0.02,0
0.6733815919671464,1.3088582502803292,1.5516476092616118,0.0,0.0,0.0,1000000.0,0.02,0
-3.603885483985848,7.017050076594472,-0.01376860019889925,0.0,0.0,0.0,1000000.0,0.02,0
-3.859051486051117,-7.493723063758019,1.5786763918901796,0.0,0.0,0.0,1000000.0,0.02,0
-0.06169913863162619,-7.854449793068949,1.1748637975878191,0.0,0.0,0.0,1000000.0,0.02,0
-9.57801509469085,1.1342012287662704,-0.9859264428223726,0.0,0.0,0.0,1000000.0,0.02,0
4.833017234389653,13.379801974936289,-0.35015355574908824,0.0,0.0,0.0,1000000.0,0.02,0
0.034628427561563375,-1.043215521112584,1.61968593390658,0.0,0.0,0.0,1000000.0,0.02,0
22.22522155079078,-17.037765888756738,-0.08613750169278855,0.0,0.0,0.0,1000000.0,0.02,0
0.8097000948273955,2.127479957648825,-1.163544953119315,0.0,0.0,0.0,1000000.0,0.02,0
-11.612664555175614,11.699216333878306,-1.9153771365240209,0.0,0.0,0.0,1000000.0,0.02,0
11.168854357284472,-19.372359387393246,0.690435663139616,0.0,0.0,0.0,1000000.0,0.02,0
-14.931471221479534,19.218155282397447,-0.06787137416571465,0.0,0.0,0.0,1000000.0,0.02,0
-13.343920652982552,10.431127957603564,0.11914909071388369,0.0,0.0,0.0,1000000.0,0.02,0
-1.5871029974926605,-0.5276735943634717,-0.8241308976282022,0.0,0.0,0.0,1000000.0,0.02,0
4.109291754395716,11.214715763454352,0.7135058590143073,0.0,0.0,0.0,1000000.0,0.02,0
-0.7702078788582484,0.09696356353963827,-0.876439458707873,0.0,0.0,0.0,1000000.0,0.02,0
-0.06921977671713567,-0.7208412729174418,-0.05313742668165844,0.0,0.0,0.0,1000000.0,0.02,0
-0.08710971091964584,-0.4321160264624727,0.03794960442474249,0.0,0.0,0.0,1000000.0,0.02,0
-1.7182661890950954,2.6623288256485615,-0.3214417427090206,0.0,0.0,0.0,1000000.0,0.02,0
0.8066366652287671,0.06453268743761176,1.5159029564954771,0.0,0.0,0.0,1000000.0,0.02,0
-5.636135107433095,-0.6391109936714119,0.15474883216473057,0.0,0.0,0.0,1000000.0,0.02,0
-1.1597599393582667,-2.1731211949425173,-0.15998043439196952,0.0,0.0,0.0,1000000.0,0.02,0
-1.47408112640859,2.2423901833542015,0.9208118088643262,0.0,0.0,0.0,1000000.0,0.02,0
-7.746761126232384,-3.6053595455188887,0.21063939433837842,0.0,0.0,0.0,1000000.0,0.02,0
4.643818077280515,-0.7190131371024173,0.14384992259030316,0.0,0.0,0.0,1000000.0,0.02,0
0.009542178866131026,0.18697755350208436,1.576977334087152,0.0,0.0,0.0,1000000.0,0.02,0
-11.959243353215344,18.95897367916343,1.5605509661429728,0.0,0.0,0.0,1000000.0,0.02,0
-1.8400563441266007,2.4205667998575704,-0.7176693324964338,0.0,0.0,0.0,1000000.0,0.02,0
-3.940283766091686,6.810391593642377,0.06464548876042642,0.0,0.0,0.0,1000000.0,0.02,0
7.733358189152143,-6.741946627116029,-0.08390159505841766,0.0,0.0,0.0,1000000.0,0.02,0
5.084364931816683,-3.998701503319657,-1.3258264961355017,0.0,0.0,0.0,1000000.0,0.02,0
-2.8441750919494355,4.257591332642283,-0.2458321039511393,0.0,0.0,0.0,1000000.0,0.02,0
2.252109030118705,11.247791325722085,-0.9520307995173614,0.0,0.0,0.0,1000000.0,0.02,0
7.120803352966015,-2.888775721972945,0.18183648885578219,0.0,0.0,0.0,1000000.0,0.02,0
0.01935938896088064,-4.354537937244757,-0.09825172945074012,0.0,0.0,0.0,1000000.0,0.02,0
0.2773692254048765,-0.7067114281574444,1.193545674320573,0.0,0.0,0.0,1000000.0,0.02,0
-15.700095104723966,11.019885323478894,-0.17415291454164006,0.0,0.0,0.0,1000000.0,0.02,0
-0.37873381854133525,-0.08373405519749089,-0.058300319490205865,0.0,0.0,0.0,1000000.0,0.02,0
-2.089438923367029,-1.3220798481134595,-0.8494901483657431,0.0,0.0,0.0,1000000.0,0.02,0
3.091733464942865,-2.7538335871403956,-1.9051325430774249,0.0,0.0,0.0,1000000.0,0.02,0
-0.5638583078016484,-2.737348231758092,1.9238693046175657,0.0,0.0,0.0,1000000.0,0.02,0
2.9637399765588635,1.8090469262741329,-0.05857835255545396,0.0,0.0,0.0,1000000.0,0.02,0
4.635596385825286,-4.028948505262931,-1.2475971273388735,0.0,0.0,0.0,1000000.0,0.02,0
-4.985234420360761,6.224418051069359,1.3145643636578672,0.0,0.0,0.0,1000000.0,0.02,0
-1.7948781814902808,-7.560650518684201,0.7901206577442244,0.0,0.0,0.0,1000000.0,0.02,0
0.3702064810258691,-2.220356864422159,-1.3618363548604906,0.0,0.0,0.0,1000000.0,0.02,0
11.737517380376385,-3.239615335795876,1.8255759764465083,0.0,0.0,0.0,1000000.0,0.02,0
-0.36529532251549285,14.760282023341336,0.6289466762133733,0.0,0.0,0.0,1000000.0,0.02,0
12.90500088095917,6.8383431171562234,-1.3290407259052461,0.0,0.0,0.0,1000000.0,0.02,0
-13.842743277612763,8.318846003609158,1.3695028137175358,0.0,0.0,0.0,1000000.0,0.02,0
-11.666167505573522,-17.45939775482914,-1.0943297227069602,0.0,0.0,0.0,1000000.0,0.02,0
2.70805448448475,-0.8237066123354951,-0.5463761625609127,0.0,0.0,0.0,1000000.0,0.02,0
0.9474087730989467,-0.6920308135400723,-0.8810711123170911,0.0,0.0,0.0,1000000.0,0.02,0
12.273502209825388,-22.080136100545918,0.1757365420463337,0.0,0.0,0.0,1000000.0,0.02,0
1.4410726978341486,1.8876006500936833,0.03378029374036995,0.0,0.0,0.0,1000000.0,0.02,0
-7.348433176635554,-0.7633368787995917,0.5844830870301889,0.0,0.0,0.0,1000000.0,0.02,0
-0.1016815686831715,0.11655245376908409,-0.4226957420317632,0.0,0.0,0.0,1000000.0,0.02,0
-1.5607440496204104,-1.6247105695567396,-0.53780561280555,0.0,0.0,0.0,1000000.0,0.02,0
0.47375697388891685,-5.598868878047922,1.8610627268362787,0.0,0.0,0.0,1000000.0,0.02,0
-0.1412279920003603,0.0394281601321311,-0.6317791409410134,0.0,0.0,0.0,1000000.0,0.02,0
-0.6579334228675146,-0.2711754936967615,1.0747678647188987,0.0,0.0,0.0,1000000.0,0.02,0
-18.313639141930317,-0.8394782433493954,-0.8164911588594137,0.0,0.0,0.0,1000000.0,0.02,0
0.0946102806288359,-2.789721874171109,0.13505307003897737,0.0,0.0,0.0,1000000.0,0.02,0
-8.861696664324088,4.6099098061170025,-1.40790216622708,0.0,0.0,0.0,1000000.0,0.02,0
5.919228821988713,-18.907836295379003,-0.7953436956806774,0.0,0.0,0.0,1000000.0,0.02,0
12.856777332150003,-8.346262645808032,0.48934270220102594,0.0,0.0,0.0,1000000.0,0.02,0
-11.82899279338287,-3.823678374280727,0.4600714299182238,0.0,0.0,0.0,1000000.0,0.02,0
-5.390058474192721,-4.180932233089001,1.0760944155661702,0.0,0.0,0.0,1000000.0,0.02,0
6.5777596409090595,5.098157505303322,-0.16818466682664113,0.0,0.0,0.0,1000000.0,0.02,0
0.0829050089201301,12.232611222861465,-0.8326775205486898,0.0,0.0,0.0,1000000.0,0.02,0
2.10111822984589,-25.723064044626803,0.17971702196152428,0.0,0.0,0.0,1000000.0,0.02,0
-0.07752133468272723,-0.15301812993240027,-1.7283450314604787,0.0,0.0,0.0,1000000.0,0.02,0
1.7652605379139699,0.7377995310374502,1.128336234630746,0.0,0.0,0.0,1000000.0,0.02,0
-16.462710149640944,1.658221114468944,1.7025432288531812,0.0,0.0,0.0,1000000.0,0.02,0
-2.5822136032783165,-2.5829882080113147,-1.0098998289640546,0.0,0.0,0.0,1000000.0,0.02,0
18.780836087265325,9.880677850536824,0.8282384347016425,0.0,0.0,0.0,1000000.0,0.02,0
-1.5736339754826878,11.218806365627456,0.2659256305793667,0.0,0.0,0.0,1000000.0,0.02,0
-0.5754508886527224,0.006437245795087924,0.795888795741627,0.0,0.0,0.0,1000000.0,0.02,0
-2.9041988855099437,0.08816176911188661,0.7778593416386936,0.0,0.0,0.0,1000000.0,0.02,0
-0.8845017392565301,3.1451824259228656,1.552764808900255,0.0,0.0,0.0,1000000.0,0.02,0
0.9140609471031801,2.7810725825188456,0.3864795983568703,0.0,0.0,0.0,1000000.0,0.02,0
-7.615934031272461,-2.469628264127025,-1.2319793894317677,0.0,0.0,0.0,1000000.0,0.02,0
-0.06542958665886646,-0.014349008276842152,-1.7705887165690113,0.0,0.0,0.0,1000000.0,0.02,0
13.274954767703099,1.4654576226446168,0.8005824635109553,0.0,0.0,0.0,1000000.0,0.02,0
-2.292841821776913,1.9795600096308181,0.21026083945574747,0.0,0.0,0.0,1000000.0,0.02,0
-1.9926274380197493,9.638012444973779,-0.2831721888750627,0.0,0.0,0.0,1000000.0,0.02,0
-14.825203451842523,16.700276570982364,-0.7945083399964865,0.0,0.0,0.0,1000000.0,0.02,0
2.6822012264857342,-2.361104975660684,-0.0730626352827839,0.0,0.0,0.0,1000000.0,0.02,0
-3.5710876072885993,-4.412302411814026,-0.09234923321984478,0.0,0.0,0.0,1000000.0,0.02,0
9.324063974779017,-2.169801545456177,0.11004959614794618,0.0,0.0,0.0,1000000.0,0.02,0
-4.495391461549744,-1.5038832364050445,-0.015515963982511316,0.0,0.0,0.0,1000000.0,0.02,0
5.363436283601838,2.0618922863615934,-0.6000090493332264,0.0,0.0,0.0,1000000.0,0.02,0
2.41191760488983,-3.9531525632710345,-0.008480336513527753,0.0,0.0,0.0,1000000.0,0.02,0
-4.849257527516537,3.581623562793152,0.5197395467833781,0.0,0.0,0.0,1000000.0,0.02,0
0.12038054912946006,-0.07854874056504331,-1.1404147771435547,0.0,0.0,0.0,1000000.0,0.02,0
0.9031146922342691,-7.395764684491743,0.8115305272316338,0.0,0.0,0.0,1000000.0,0.02,0
0.04299517317754121,0.09444185331174357,1.8829737104528936,0.0,0.0,0.0,1000000.0,0.02,0
-17.608163121466326,10.489909817422086,-0.7458507163184782,0.0,0.0,0.0,1000000.0,0.02,0
2.71009912027171,-0.31224806475076644,-0.32948517672266586,0.0,0.0,0.0,1000000.0,0.02,0
-15.617461476981468,-5.638190917568094,1.2986070729873758,0.0,0.0,0.0,1000000.0,0.02,0
3.050680391482472,2.24073193696641,1.3823208924882744,0.0,0.0,0.0,1000000.0,0.02,0
3.788977847083265,-3.3350620634014922,-0.03741188373447635,0.0,0.0,0.0,1000000.0,0.02,0
3.322535246811283,3.288442827934301,-0.06264059735774552,0.0,0.0,0.0,1000000.0,0.02,0
2.6153370011570276,2.643745326139845,-0.8226389504297078,0.0,0.0,0.0,1000000.0,0.02,0
-4.509164222112465,-2.870579528785667,0.23734314565877845,0.0,0.0,0.0,1000000.0,0.02,0
-1.6201757000986787,1.008571156681968,0.4577145449702291,0.0,0.0,0.0,1000000.0,0.02,0
-1.7944483381156195,-1.08132294425685,1.3143199765886715,0.0,0.0,0.0,1000000.0,0.02,0
11.855032642721405,0.09025662215024928,-0.6229805787268656,0.0,0.0,0.0,1000000.0,0.02,0
-0.37262371808712846,-6.3136117688882045,0.23526751969121307,0.0,0.0,0.0,1000000.0,0.02,0
-1.3349074582102765,-6.723234690043808,-0.47113998100068244,0.0,0.0,0.0,1000000.0,0.02,0
-13.875461604876335,7.895938876727523,0.9275519009150557,0.0,0.0,0.0,1000000.0,0.02,0
-6.447080515330515,1.7475824310776609,-0.21956242229936063,0.0,0.0,0.0,1000000.0,0.02,0
2.997735548854757,-2.364170801352499,0.6403841581587413,0.0,0.0,0.0,1000000.0,0.02,0
-1.9367958145800448,0.8084042769000526,1.6572670647621939,0.0,0.0,0.0,1000000.0,0.02,0
-3.868683074920177,-3.2541301475603244,-0.7478578526327277,0.0,0.0,0.0,1000000.0,0.02,0
15.360693553029927,0.09579151382278595,0.6298361012442202,0.0,0.0,0.0,1000000.0,0.02,0
2.930593996156244,-3.858964422154869,-1.6015436293527792,0.0,0.0,0.0,1000000.0,0.02,0
2.4377295551106886,2.425693898052459,-0.3984479594514374,0.0,0.0,0.0,1000000.0,0.02,0
1.4522933727397223,0.3415377544660127,0.13021171805303133,0.0,0.0,0.0,1000000.0,0.02,0
-0.3841010159608871,1.9208670434070503,0.73096528727514,0.0,0.0,0.0,1000000.0,0.02,0
-0.5063341124573923,-0.7103470366758275,-0.2832107697769457,0.0,0.0,0.0,1000000.0,0.02,0
-2.6993631449694133,28.406429114417364,-1.6312526581144677,0.0,0.0,0.0,1000000.0,0.02,0
-2.9759898210692852,-2.606346263006219,0.16054504393736213,0.0,0.0,0.0,1000000.0,0.02,0
-13.311589023861123,-2.6774725157921253,-0.3599795670691792,0.0,0.0,0.0,1000000.0,0.02,0
-4.736850989613336,-5.6056906685761065,0.057312509118566446,0.0,0.0,0.0,1000000.0,0.02,0
2.775991801458737,-4.320391354460785,-1.7186506096443992,0.0,0.0,0.0,1000000.0,0.02,0
-0.9807710378006775,-0.8955195365113917,-0.05664419783947139,0.0,0.0,0.0,1000000.0,0.02,0
2.758239270358908,0.27908055453785774,-0.24634443386517457,0.0,0.0,0.0,1000000.0,0.02,0
7.1675572145426045,0.5207418610401451,-0.2638496866756359,0.0,0.0,0.0,1000000.0,0.02,0
-5.4720683323775585,2.313776011116191,-0.37999215439784617,0.0,0.0,0.0,1000000.0,0.02,0
-2.433477610105943,-0.04212034347700178,0.2314498683397117,0.0,0.0,0.0,1000000.0,0.02,0
0.21953632146370458,-3.090092216985943,-0.1731057570227854,0.0,0.0,0.0,1000000.0,0.02,0
10.960902753515137,17.737617178219523,1.2568603831674974,0.0,0.0,0.0,1000000.0,0.02,0
-8.564406253076815,-6.7045383834665495,-1.8323968214500992,0.0,0.0,0.0,1000000.0,0.02,0
10.214641957779124,2.3311824774213683,-0.223759612382481,0.0,0.0,0.0,1000000.0,0.02,0
-8.951657211954952,-2.5044372340879018,0.4176850772772456,0.0,0.0,0.0,1000000.0,0.02,0
-13.33499933110849,5.754501737063665,-0.5757094414038679,0.0,0.0,0.0,1000000.0,0.02,0
5.943444345106952,-6.1498271225792,-0.26290232105892297,0.0,0.0,0.0,1000000.0,0.02,0
-18.875388239968032,-0.8408360418363677,0.3974931032676414,0.0,0.0,0.0,1000000.0,0.02,0
-0.8381372874997567,-3.8364279296348163,-0.20228652143028025,0.0,0.0,0.0,1000000.0,0.02,0
-1.7826349227491458,0.937452740492301,1.4816686142365763,0.0,0.0,0.0,1000000.0,0.02,0
0.30241283414923403,-0.22690137969027124,1.0455714550222526,0.0,0.0,0.0,1000000.0,0.02,0
-3.6898941595806836,0.955366780658974,0.43750192808764066,0.0,0.0,0.0,1000000.0,0.02,0
-0.046453791473938744,-0.1542548314976783,1.0044548856663065,0.0,0.0,0.0,1000000.0,0.02,0
-0.6443985901075119,-0.09775052578458476,0.3073218406654199,0.0,0.0,0.0,1000000.0,0.02,0
-0.5772875901887067,2.656022027040568,-0.40201390633481093,0.0,0.0,0.0,1000000.0,0.02,0
-1.1803036527245119,-11.654351020959847,0.08618643262238468,0.0,0.0,0.0,1000000.0,0.02,0
14.382856001513641,-8.914037525401092,0.2715284255863679,0.0,0.0,0.0,1000000.0,0.02,0
-3.293502360450878,-13.83018259942507,0.6520568442017405,0.0,0.0,0.0,1000000.0,0.02,0
11.025686790180641,-3.1884861123947923,-0.26497578463116866,0.0,0.0,0.0,1000000.0,0.02,0
-12.148250338905152,-4.6366557552243455,-0.20498700136353953,0.0,0.0,0.0,1000000.0,0.02,0
-10.29921594815192,-11.596047098389798,-1.4749368109247643,0.0,0.0,0.0,1000000.0,0.02,0
-7.765982686795007,-5.299515989380018,-0.07492601632037577,0.0,0.0,0.0,1000000.0,0.02,0
-0.6758404186779096,-1.4800661960537829,-1.722454416460141,0.0,0.0,0.0,1000000.0,0.02,0
2.2877759981032644,27.802563474932867,-0.10877187382570064,0.0,0.0,0.0,1000000.0,0.02,0
-8.125512949777153,5.380037020449102,1.517439779737587,0.0,0.0,0.0,1000000.0,0.02,0
6.533839555895496,-11.865285211561488,0.1563867087667692,0.0,0.0,0.0,1000000.0,0.02,0
-0.9841503339265893,17.82061669191957,-0.019300789673180496,0.0,0.0,0.0,1000000.0,0.02,0
0.39302420308532976,0.6247263578762405,-1.7935727969975082,0.0,0.0,0.0,1000000.0,0.02,0
3.1379682241419657,0.689456692786769,-0.2483670389827699,0.0,0.0,0.0,1000000.0,0.02,0
3.7647378137418266,-0.4756920425031901,0.46300448123016924,0.0,0.0,0.0,1000000.0,0.02,0
-3.463351296055666,-7.764673822305943,-0.11193975072711204,0.0,0.0,0.0,1000000.0,0.02,0
8.545617459407346,-20.259228118328025,-0.5032645651346952,0.0,0.0,0.0,1000000.0,0.02,0
-10.906555926174503,11.960604853479895,-1.2563287766920883,0.0,0.0,0.0,1000000.0,0.02,0
1.4376520716714458,-0.15030273730973068,0.7518543665903543,0.0,0.0,0.0,1000000.0,0.02,0
-0.019164410219593087,0.41339573779538125,-0.7410959554508887,0.0,0.0,0.0,1000000.0,0.02,0
-26.50649550649793,-1.1329016473053968,-1.210240480981149,0.0,0.0,0.0,1000000.0,0.02,0
-1.7675014000711673,-4.188430123681167,0.24174070726153207,0.0,0.0,0.0,1000000.0,0.02,0
-0.5887767607626606,0.08589496566475824,-1.8064448264071808,0.0,0.0,0.0,1000000.0,0.02,0
9.703054850266037,-13.423923350460612,1.2967525583765287,0.0,0.0,0.0,1000000.0,0.02,0
1.1022277564909013,-3.33572925787195,1.6155467702004191,0.0,0.0,0.0,1000000.0,0.02,0
7.528927447809234,-1.9098669838195272,-1.0117467340675956,0.0,0.0,0.0,1000000.0,0.02,0
12.384414487396667,-6.351450499358597,1.1013302698801937,0.0,0.0,0.0,1000000.0,0.02,0
3.564536833973198,1.6323867053810257,-0.29207472147742486,0.0,0.0,0.0,1000000.0,0.02,0
-0.4816390736933698,13.122634569377212,-0.8777377361810776,0.0,0.0,0.0,1000000.0,0.02,0
-2.0889219078926407,-18.230047739467576,0.24812515666838753,0.0,0.0,0.0,1000000.0,0.02,0
0.2765361407373751,-0.09348511828326442,1.729684500941672,0.0,0.0,0.0,1000000.0,0.02,0
4.937953019673916,-4.17851996438293,-0.9263517641680705,0.0,0.0,0.0,1000000.0,0.02,0
1.0116788163130996,-11.870155770728061,0.7143566379093498,0.0,0.0,0.0,1000000.0,0.02,0
1.1987202123996588,-3.2951402567508112,0.47759287144766116,0.0,0.0,0.0,1000000.0,0.02,0
-4.0447483494599465,0.3251649745463127,-0.04706106531928356,0.0,0.0,0.0,1000000.0,0.02,0
1.6504385784212958,0.37095842197311846,-0.16135460165369686,0.0,0.0,0.0,1000000.0,0.02,0
2.837525379959116,-10.481123022708529,-0.4515883297024841,0.0,0.0,0.0,1000000.0,0.02,0
-8.742425529828235,1.2778804206781011,-0.9916677444980531,0.0,0.0,0.0,1000000.0,0.02,0
0.5908651123830958,0.45579878945344005,0.2072940387687252,0.0,0.0,0.0,1000000.0,0.02,0
1.4795091900723594,-1.365654720756553,1.0514644689345607,0.0,0.0,0.0,1000000.0,0.02,0
-4.140382933758503,-4.950960476317732,1.4798049907773123,0.0,0.0,0.0,1000000.0,0.02,0
1.529566270071067,3.685571417964005,0.8179818194764961,0.0,0.0,0.0,1000000.0,0.02,0
-5.924450029682555,-4.7929804802436635,-1.1458593571902895,0.0,0.0,0.0,1000000.0,0.02,0
-0.8080526925401178,-0.7602672781571095,-1.62581179033908,0.0,0.0,0.0,1000000.0,0.02,0
12.153997844521502,5.140092720669637,-0.20576076975382485,0.0,0.0,0.0,1000000.0,0.02,0
-9.610209345509093,21.827388926643327,1.7929524815865712,0.0,0.0,0.0,1000000.0,0.02,0
3.5894574281204297,-5.405700425013218,0.26846296337362574,0.0,0.0,0.0,1000000.0,0.02,0
-15.998404099187242,17.454516893794683,-0.351208700186997,0.0,0.0,0.0,1000000.0,0.02,0
3.1358131509191574,-4.765096362622556,-0.7737589672013057,0.0,0.0,0.0,1000000.0,0.02,0
15.69342692841878,4.98288722508361,-0.2794737927599966,0.0,0.0,0.0,1000000.0,0.02,0
6.234371718976671,-10.03403393133523,-0.8268118067394035,0.0,0.0,0.0,1000000.0,0.02,0
-0.5323747910794895,-1.036991402744981,-0.8896844295497273,0.0,0.0,0.0,1000000.0,0.02,0
0.18204128655686,0.45324237867201345,0.78479890845525,0.0,0.0,0.0,1000000.0,0.02,0
-0.9184033321012118,1.1371122176293686,0.4045185993422784,0.0,0.0,0.0,1000000.0,0.02,0
-6.705198458335292,-5.313172940841031,-0.3354795258888892,0.0,0.0,0.0,1000000.0,0.02,0
-8.566075600027654,-0.09102168066761702,0.5928623646797035,0.0,0.0,0.0,1000000.0,0.02,0
-2.129640813646191,-17.73006794363249,-1.2364220476732237,0.0,0.0,0.0,1000000.0,0.02,0
-15.41207488075276,3.5760936893444977,-0.08962497717036388,0.0,0.0,0.0,1000000.0,0.02,0
0.11620326265975794,0.5133799183020078,1.3733714987720678,0.0,0.0,0.0,1000000.0,0.02,0
6.897961342608717,4.229038873265101,-1.6884852114007343,0.0,0.0,0.0,1000000.0,0.02,0
-0.02774612750546415,-0.016746665104458876,0.9449307488096128,0.0,0.0,0.0,1000000.0,0.02,0
-1.6544333215669622,10.45648383608824,0.19586552163847948,0.0,0.0,0.0,1000000.0,0.02,0
-1.6388620750466973,6.130231830992011,-0.06419313080284539,0.0,0.0,0.0,1000000.0,0.02,0
0.19930811285174058,-1.2706877474231046,-0.5526589344310073,0.0,0.0,0.0,1000000.0,0.02,0
-0.6854298545656002,9.542182309681088,-0.597034596106246,0.0,0.0,0.0,1000000.0,0.02,0
-4.879410029299378,7.5641331970199435,1.0424060685908625,0.0,0.0,0.0,1000000.0,0.02,0
0.9758193899668138,0.00765382324946762,-0.6562241147772587,0.0,0.0,0.0,1000000.0,0.02,0
8.358721475602739,10.151213359123734,-0.9758264791748923,0.0,0.0,0.0,1000000.0,0.02,0
15.90756149904155,-9.66807287309011,-0.19114821760665812,0.0,0.0,0.0,1000000.0,0.02,0
2.303800247858049,1.5887853430637997,0.21207112798859917,0.0,0.0,0.0,1000000.0,0.02,0
-5.3152913038431215,-6.032417620878705,-0.11184033699731621,0.0,0.0,0.0,1000000.0,0.02,0
-0.11731174530350012,-0.026786405072594027,-1.4934306422480388,0.0,0.0,0.0,1000000.0,0.02,0
-1.8719265329316042,-7.317406488588202,0.8493319229298626,0.0,0.0,0.0,1000000.0,0.02,0
1.8987780075753389,4.028824813156458,-0.10258625633402918,0.0,0.0,0.0,1000000.0,0.02,0
2.3546940150806726,-0.34279452764439833,-0.34080278045647905,0.0,0.0,0.0,1000000.0,0.02,0
0.37389893152261433,-16.120842879130553,0.7244038051353368,0.0,0.0,0.0,1000000.0,0.02,0
-0.3198374638825837,2.009142328387503,-0.5699886402520784,0.0,0.0,0.0,1000000.0,0.02,0
1.02092455195525,1.5269300369046042,-0.20528513804993587,0.0,0.0,0.0,1000000.0,0.02,0
-4.391027072655829,-4.832614025465333,1.3109711670734079,0.0,0.0,0.0,1000000.0,0.02,0
-5.601777904537173,0.8275294064548239,0.28816705310773205,0.0,0.0,0.0,1000000.0,0.02,0
1.3190448570593722,-13.56783923675907,-0.6130811194899941,0.0,0.0,0.0,1000000.0,0.02,0
-8.478404164776773,-28.023239517607884,-0.2926855322002506,0.0,0.0,0.0,1000000.0,0.02,0
-1.1619396861615106,-7.905552973897204,-1.6875109831548203,0.0,0.0,0.0,1000000.0,0.02,0
-12.599844633616476,-5.82768821972551,1.939717694351681,0.0,0.0,0.0,1000000.0,0.02,0
9.931403228017727,-14.136847373907605,-1.9886659838073353,0.0,0.0,0.0,1000000.0,0.02,0
-3.3815615294790597,0.7326064833006605,-0.041642830202608394,0.0,0.0,0.0,1000000.0,0.02,0
-0.6048091776659904,-8.779948480991072,0.21516949194676815,0.0,0.0,0.0,1000000.0,0.02,0
0.5020212196843645,4.968006898690006,1.0737450396711479,0.0,0.0,0.0,1000000.0,0.02,0
-0.07135364175677496,1.2442478091202407,1.0596433952432358,0.0,0.0,0.0,1000000.0,0.02,0
0.12894712023504776,-0.11334610861776513,-0.22222094026392636,0.0,0.0,0.0,1000000.0,0.02,0
-13.405521234401878,6.85614114195162,-0.011818015243404645,0.0,0.0,0.0,1000000.0,0.02,0
-7.625647293874019,13.501219522791084,0.10823273649505616,0.0,0.0,0.0,1000000.0,0.02,0
-3.8409201873677152,-0.5135636046848661,-0.6322184131800395,0.0,0.0,0.0,1000000.0,0.02,0
-8.491478969968265,-9.446597129849396,0.2955502916840471,0.0,0.0,0.0,1000000.0,0.02,0
-6.342315552796394,0.2508436481606091,-0.17205905782898068,0.0,0.0,0.0,1000000.0,0.02,0
-15.250553661545148,-16.966278061691867,0.6530402776733446,0.0,0.0,0.0,1000000.0,0.02,0
-2.8585983345640513,6.743370478815939,1.1753710548268357,0.0,0.0,0.0,1000000.0,0.02,0
2.970589402594732,-1.8274026307485287,1.293863886070758,0.0,0.0,0.0,1000000.0,0.02,0
-1.0943852320066823,-1.95845568794422,0.11873632418209823,0.0,0.0,0.0,1000000.0,0.02,0
-8.779489526717706,-8.244928301098994,0.026559645642072915,0.0,0.0,0.0,1000000.0,0.02,0
-6.151857904058936,-3.831711781930163,-1.1206643231948865,0.0,0.0,0.0,1000000.0,0.02,0
-10.315030424972718,-5.515881227284457,-0.5073414848186442,0.0,0.0,0.0,1000000.0,0.02,0
-4.540823263197295,-2.2697080114330412,0.19735992917725298,0.0,0.0,0.0,1000000.0,0.02,0
-14.139873977810971,-10.742815504590377,-1.7554486364224298,0.0,0.0,0.0,1000000.0,0.02,0
-9.991869910040547,-0.3142523654685907,0.33112024115109495,0.0,0.0,0.0,1000000.0,0.02,0
-1.2140018027519155,-2.2671144783735233,-0.020383642988700323,0.0,0.0,0.0,1000000.0,0.02,0
1.6942945363316864,-0.9343263651864729,-0.18778652865737921,0.0,0.0,0.0,1000000.0,0.02,0
-1.826543905487543,1.3268962445743144,0.43451664868554385,0.0,0.0,0.0,1000000.0,0.02,0
-7.799257982343211,-4.456144703607631,0.6061275013428462,0.0,0.0,0.0,1000000.0,0.02,0
-0.33555047222141304,-6.927971182530143,0.39262364339459754,0.0,0.0,0.0,1000000.0,0.02,0
-9.381100355429263,-4.801781367570962,1.8889819187054746,0.0,0.0,0.0,1000000.0,0.02,0
-1.9139111712748675,3.9784404225007526,0.395293298884809,0.0,0.0,0.0,1000000.0,0.02,0
5.94242242349008,-3.357194994894323,0.4863971954186104,0.0,0.0,0.0,1000000.0,0.02,0
5.307930090478615,-3.371884000560572,-0.4133268033847415,0.0,0.0,0.0,1000000.0,0.02,0
-1.5481252284684826,-3.6894275587576146,-0.023036222518086014,0.0,0.0,0.0,1000000.0,0.02,0
0.5556182155553537,-10.626201433937856,-0.8370758023247298,0.0,0.0,0.0,1000000.0,0.02,0
5.510565078019797,-0.2643184267325326,-0.17569894600821545,0.0,0.0,0.0,1000000.0,0.02,0
-5.191903496916443,4.463477885850905,-1.131910775758894,0.0,0.0,0.0,1000000.0,0.02,0
-6.873181390187091,-9.67097417225715,-0.5553272646246405,0.0,0.0,0.0,1000000.0,0.02,0
3.1794194970448766,2.960623026316102,-0.17727406867907192,0.0,0.0,0.0,1000000.0,0.02,0
-0.8863798302920188,-0.03501402232744926,0.5885159186727913,0.0,0.0,0.0,1000000.0,0.02,0
1.1591821953516395,-0.7887216492813106,-0.01665717222347496,0.0,0.0,0.0,1000000.0,0.02,0
2.211841203946131,1.607699693435096,-0.6706337349781979,0.0,0.0,0.0,1000000.0,0.02,0
18.888868199253807,-18.38629234114994,-1.096459823223582,0.0,0.0,0.0,1000000.0,0.02,0
-0.807835669947132,-0.6311670606718645,1.105708213125972,0.0,0.0,0.0,1000000.0,0.02,0
-4.2540075423316575,-4.834630938597022,-0.22277493034169993,0.0,0.0,0.0,1000000.0,0.02,0
-9.59351497065694,6.179282997862601,0.1227550344904742,0.0,0.0,0.0,1000000.0,0.02,0
-3.8868581503703052,-4.93693786391501,-0.27947228720239004,0.0,0.0,0.0,1000000.0,0.02,0
3.132432632505983,2.0915362176699546,0.21082168447665595,0.0,0.0,0.0,1000000.0,0.02,0
-1.9124352791708934,1.0926959233426181,1.3070433196564455,0.0,0.0,0.0,1000000.0,0.02,0
4.409384729719769,-4.51145517619189,0.1585224607666822,0.0,0.0,0.0,1000000.0,0.02,0
1.458502253671132,-1.5058985659975541,0.44148780840174773,0.0,0.0,0.0,1000000.0,0.02,0
10.069607004780568,8.598341120515132,1.5582043697446162,0.0,0.0,0.0,1000000.0,0.02,0
-1.0270456645984858,-0.14159827301120634,-0.9790594883495229,0.0,0.0,0.0,1000000.0,0.02,0
-6.957178244639191,1.20848112107878,-1.5739520309035298,0.0,0.0,0.0,1000000.0,0.02,0
6.761544424526065,2.3745214849579472,-0.10515690917078313,0.0,0.0,0.0,1000000.0,0.02,0
-1.4114811172253101,1.2063108540795564,0.7926814380607459,0.0,0.0,0.0,1000000.0,0.02,0
3.3836866474286262,-1.935690655174455,-0.30582994375772543,0.0,0.0,0.0,1000000.0,0.02,0
-4.666873568534007,12.031306696653449,-0.9050131507351074,0.0,0.0,0.0,1000000.0,0.02,0
0.4912234249702556,-1.7348175097477279,0.40852293617807156,0.0,0.0,0.0,1000000.0,0.02,0
18.170939405926955,4.911316248745679,1.2554195892184863,0.0,0.0,0.0,1000000.0,0.02,0
3.6048411856021394,-2.1608960266483788,-1.0815977997328092,0.0,0.0,0.0,1000000.0,0.02,0
22.27200050862638,-0.1928896726149517,-0.023415490541144557,0.0,0.0,0.0,1000000.0,0.02,0
-7.393636282303211,2.5029092327973164,0.6480623951625688,0.0,0.0,0.0,1000000.0,0.02,0
5.080509200676925,-4.202999839846758,0.798722539316902,0.0,0.0,0.0,1000000.0,0.02,0
9.12931424029462,-2.8210862404703407,-0.7844850098022427,0.0,0.0,0.0,1000000.0,0.02,0
-19.407181580124846,0.6505105449435895,-0.9113230818528182,0.0,0.0,0.0,1000000.0,0.02,0
1.9974249615051947,-4.136924568889973,-0.2819637220409765,0.0,0.0,0.0,1000000.0,0.02,0
-0.43760308267362863,6.64817978573217,1.4133662265248477,0.0,0.0,0.0,1000000.0,0.02,0
0.5452608873175445,0.12715048632200163,-0.08966716445079204,0.0,0.0,0.0,1000000.0,0.02,0
9.992573199459835,-11.819569655825287,0.8892989418888968,0.0,0.0,0.0,1000000.0,0.02,0
0.5016761796830314,3.217607366107255,-0.14276785111557633,0.0,0.0,0.0,1000000.0,0.02,0
5.00415287775948,19.24158465556419,0.5175143322340716,0.0,0.0,0.0,1000000.0,0.02,0
20.149558356683368,-21.50814712413067,-0.4204931417111357,0.0,0.0,0.0,1000000.0,0.02,0
0.9138523814036928,-1.6278789597369252,0.06389756266458946,0.0,0.0,0.0,1000000.0,0.02,0
4.654149860161452,2.8603604645155425,0.9762004656125001,0.0,0.0,0.0,1000000.0,0.02,0
-7.159579814330399,7.070981116637931,-0.05138116546142868,0.0,0.0,0.0,1000000.0,0.02,0
-4.628047460083633,0.4773145561381697,-0.2807059762838291,0.0,0.0,0.0,1000000.0,0.02,0
5.3628509230361985,-0.20120025530130786,-0.47383020181398106,0.0,0.0,0.0,1000000.0,0.02,0
2.2637312987290277,-15.007188438656557,-1.319692985065199,0.0,0.0,0.0,1000000.0,0.02,0
-0.6599537477378554,4.019068003977055,0.6818262851837833,0.0,0.0,0.0,1000000.0,0.02,0
-0.14670460028148713,-0.16755702113662455,0.10049699835731385,0.0,0.0,0.0,1000000.0,0.02,0
-6.229773339267445,5.948142176501342,-0.3242517898626751,0.0,0.0,0.0,1000000.0,0.02,0
-0.14640112349526663,0.7810165908325722,-0.3176417021535576,0.0,0.0,0.0,1000000.0,0.02,0
6.470040558669418,7.3422948928631255,0.11145291751496078,0.0,0.0,0.0,1000000.0,0.02,0
1.7307458860610625,-6.116709294240417,1.6485455272863403,0.0,0.0,0.0,1000000.0,0.02,0
-4.379423911408093,-5.709275693401838,1.096493746734735,0.0,0.0,0.0,1000000.0,0.02,0
-3.1026086289618635,0.8101632805242098,1.7099607263668268,0.0,0.0,0.0,1000000.0,0.02,0
-0.5003948594116715,-0.22617331931293824,1.6397859298227528,0.0,0.0,0.0,1000000.0,0.02,0
14.293246817710065,7.339921116335171,-1.0790789603459778,0.0,0.0,0.0,1000000.0,0.02,0
-18.912822711703246,9.72420068288156,-0.48812763524137903,0.0,0.0,0.0,1000000.0,0.02,0
-4.1159616140667,-19.880472298454293,0.01337292256473166,0.0,0.0,0.0,1000000.0,0.02,0
1.1791732165827151,4.9182408461901925,0.6275390610935832,0.0,0.0,0.0,1000000.0,0.02,0
-0.8249547921087045,-0.16893456262403905,0.479511160784595,0.0,0.0,0.0,1000000.0,0.02,0
12.330871880874923,-7.142312342830025,0.36904449566109765,0.0,0.0,0.0,1000000.0,0.02,0
-0.17063470074277048,1.2808443121865234,1.3104725784694864,0.0,0.0,0.0,1000000.0,0.02,0
-0.06635113629200212,2.0867177127830114,0.13900029326789642,0.0,0.0,0.0,1000000.0,0.02,0
-13.982067099797307,-5.417459624568601,1.2868843960895333,0.0,0.0,0.0,1000000.0,0.02,0
-0.11445706606862935,2.4478199433168366,0.8580209585152989,0.0,0.0,0.0,1000000.0,0.02,0
-4.672083694573103,-3.197423896199171,-0.13421242029146008,0.0,0.0,0.0,1000000.0,0.02,0
-5.108107222266197,-9.3636519853546,0.27546579330390397,0.0,0.0,0.0,1000000.0,0.02,0
-16.481489056908096,9.249966301061791,0.3173969921299893,0.0,0.0,0.0,1000000.0,0.02,0
6.872105685308385,-2.075239028366468,-0.3505899393270502,0.0,0.0,0.0,1000000.0,0.02,0
4.293587037311634,-5.093348994426876,0.6231272326278345,0.0,0.0,0.0,1000000.0,0.02,0
0.8939791276752697,-0.1312728609275213,-1.585732597344892,0.0,0.0,0.0,1000000.0,0.02,0
2.4762699997066524,-3.203946080480997,0.002661570567510374,0.0,0.0,0.0,1000000.0,0.02,0
-0.17210738235499554,0.10543793436193243,-0.05548774112816002,0.0,0.0,0.0,1000000.0,0.02,0
-0.3357180235977633,2.0051592082849203,-0.37621296902621637,0.0,0.0,0.0,1000000.0,0.02,0
5.480894822016883,-8.141910364858182,-0.5847639733997063,0.0,0.0,0.0,1000000.0,0.02,0
6.271237136981959,6.6637372641352,1.408231389141263,0.0,0.0,0.0,1000000.0,0.02,0
-2.994113230865172,-3.9689440284904367,-0.0946299484243367,0.0,0.0,0.0,1000000.0,0.02,0
-3.65761774100592,-5.970450393489699,0.7954976523515036,0.0,0.0,0.0,1000000.0,0.02,0
-0.25190709871743155,2.059925017393693,-0.79232408992827,0.0,0.0,0.0,1000000.0,0.02,0
-0.1491971801302426,1.4996805684784353,-1.4665201454062649,0.0,0.0,0.0,1000000.0,0.02,0
-9.45763183187088,-20.78333452067322,0.8014596893080137,0.0,0.0,0.0,1000000.0,0.02,0
8.04450314831413,5.4578476417583675,0.5367950996126911,0.0,0.0,0.0,1000000.0,0.02,0
-20.429786920011097,-19.268159677905217,-0.9387992174996596,0.0,0.0,0.0,1000000.0,0.02,0
8.832357673300358,23.290753527233935,1.6913343195221033,0.0,0.0,0.0,1000000.0,0.02,0
4.934956068509762,-5.0799158032885785,0.9183320595655475,0.0,0.0,0.0,1000000.0,0.02,0
-0.1126417243965292,0.30142574258235943,0.0027071443507322712,0.0,0.0,0.0,1000000.0,0.02,0
5.906970829070059,-2.885576067945044,-0.31401760876959983,0.0,0.0,0.0,1000000.0,0.02,0
-3.346211263689576,13.79182850119293,0.11089557900842983,0.0,0.0,0.0,1000000.0,0.02,0
6.213890395052665,-1.866571335282718,-0.42494416099969357,0.0,0.0,0.0,1000000.0,0.02,0
0.5970163186190013,0.12648929427936986,1.4894111680573339,0.0,0.0,0.0,1000000.0,0.02,0
-12.974920146185028,-5.82228044634503,1.2586754844627386,0.0,0.0,0.0,1000000.0,0.02,0
-3.0140888086453277,-2.0569938108456114,0.7312406891740437,0.0,0.0,0.0,1000000.0,0.02,0
-8.349780777788144,8.507046578570899,1.3663423756654298,0.0,0.0,0.0,1000000.0,0.02,0
2.1339931958565526,-3.948158888866548,0.4765975379388241,0.0,0.0,0.0,1000000.0,0.02,0
-7.242342294881348,1.8231047518915113,-0.35837254469599955,0.0,0.0,0.0,1000000.0,0.02,0
-2.7257808880794707,-4.062615092930343,0.011986877212292413,0.0,0.0,0.0,1000000.0,0.02,0
12.438843688503537,-4.779665673976493,-0.19732801222505802,0.0,0.0,0.0,1000000.0,0.02,0
-6.214085788114449,-12.17154580974409,-0.41752210346424157,0.0,0.0,0.0,1000000.0,0.02,0
2.88522140697676,2.4198812057580366,-0.5408710925686053,0.0,0.0,0.0,1000000.0,0.02,0
-24.847341145879405,-3.485281156184101,-1.0307739160973002,0.0,0.0,0.0,1000000.0,0.02,0
0.17054636418042032,4.749462329772724,-1.2228487656765727,0.0,0.0,0.0,1000000.0,0.02,0
1.5128007236914256,-7.291588483287629,0.3667981209037041,0.0,0.0,0.0,1000000.0,0.02,0
-10.137043235781436,-5.124280629630928,-0.4889565490901946,0.0,0.0,0.0,1000000.0,0.02,0
-3.2225024878917337,-7.684437762542032,-1.9491771056561191,0.0,0.0,0.0,1000000.0,0.02,0
-1.3785964809020435,-5.129744605765095,-0.9728356899510135,0.0,0.0,0.0,1000000.0,0.02,0
-5.946427834290067,-4.6020313970767734,0.540063803798331,0.0,0.0,0.0,1000000.0,0.02,0
0.4558815821307251,-9.01296779803177,-0.4322646194377109,0.0,0.0,0.0,1000000.0,0.02,0
-15.575181737694997,-6.238293725869812,1.5523491447161497,0.0,0.0,0.0,1000000.0,0.02,0
11.88883756340017,9.295769539939915,1.7501986763903465,0.0,0.0,0.0,1000000.0,0.02,0
1.790565695374821,1.3693851948996298,-1.2007785605565253,0.0,0.0,0.0,1000000.0,0.02,0
-0.38479374175513303,-1.7506299924396276,0.12122150837225032,0.0,0.0,0.0,1000000.0,0.02,0
-6.876113531336047,3.95243225121104,-0.4302015034087434,0.0,0.0,0.0,1000000.0,0.02,0
-7.409714625855203,-2.341430496483259,0.02530555421938452,0.0,0.0,0.0,1000000.0,0.02,0
0.38656474510756766,1.5389217523234364,-0.7878073903672371,0.0,0.0,0.0,1000000.0,0.02,0
3.9033593362347476,5.26220099942359,-1.665913888300845,0.0,0.0,0.0,1000000.0,0.02,0
13.72361618815526,22.085929734921834,-0.5842161055578323,0.0,0.0,0.0,1000000.0,0.02,0
-4.847542885613565,-0.0926237585691071,0.12527346821820373,0.0,0.0,0.0,1000000.0,0.02,0
-6.216874301781299,-23.46983981564297,-1.059934364252256,0.0,0.0,0.0,1000000.0,0.02,0
1.878034736654214,-15.522768213584492,1.4175034923093488,0.0,0.0,0.0,1000000.0,0.02,0
0.6539055158550858,-1.0613723254557308,0.1926128478352771,0.0,0.0,0.0,1000000.0,0.02,0
2.4878887930082567,7.356702060361021,0.3027021376174224,0.0,0.0,0.0,1000000.0,0.02,0
-0.6394265299118769,-3.857911085415223,-1.7370042305074929,0.0,0.0,0.0,1000000.0,0.02,0
0.32662539742602803,0.11574485933315284,-1.421557441659555,0.0,0.0,0.0,1000000.0,0.02,0
-6.232008043358788,-11.206897238066018,0.12498879212412017,0.0,0.0,0.0,1000000.0,0.02,0
-14.413348304946265,10.20036477177329,0.613216226582435,0.0,0.0,0.0,1000000.0,0.02,0
6.440171002562326,-15.52700379516226,-1.398770018564952,0.0,0.0,0.0,1000000.0,0.02,0
0.5263902696756382,0.1855686558175515,-0.006337922316785871,0.0,0.0,0.0,1000000.0,0.02,0
-0.2808895789094677,14.01181107594428,1.1089393034920896,0.0,0.0,0.0,1000000.0,0.02,0
-10.13680386151444,-10.344293618803002,1.280537694738026,0.0,0.0,0.0,1000000.0,0.02,0
6.352157183186467,-27.058678532827653,-0.08918348678922339,0.0,0.0,0.0,1000000.0,0.02,0
9.185817046279679,8.468991443225747,-0.5337512664660871,0.0,0.0,0.0,1000000.0,0.02,0
28.108901731376502,-0.5268047522095491,0.7725015484780773,0.0,0.0,0.0,1000000.0,0.02,0
-4.086743818168664,-3.073505152293029,-0.18653218646963143,0.0,0.0,0.0,1000000.0,0.02,0
-0.7420894319044846,-1.137403329076006,-0.525062237809891,0.0,0.0,0.0,1000000.0,0.02,0
-0.22756557708331523,-1.388856133332113,0.6289313240888061,0.0,0.0,0.0,1000000.0,0.02,0
-9.260832963650344,-14.01947589404613,0.35249885276474124,0.0,0.0,0.0,1000000.0,0.02,0
-0.689611157627641,-0.61408724726453,1.1347407786508166,0.0,0.0,0.0,1000000.0,0.02,0
1.394197685132526,-1.3498537089972855,-0.41507674133002137,0.0,0.0,0.0,1000000.0,0.02,0
-0.18551777130973898,2.0744504033863747,-0.9360274243189401,0.0,0.0,0.0,1000000.0,0.02,0
-2.508133437765933,-2.504090776411203,1.4376192550169735,0.0,0.0,0.0,1000000.0,0.02,0
-5.753539927294979,-2.5589150043081865,-0.08599779350784331,0.0,0.0,0.0,1000000.0,0.02,0
-0.9917149299818123,-0.33407352470928975,-0.6840018779464137,0.0,0.0,0.0,1000000.0,0.02,0
4.1677447648932775,-4.825382414220323,-1.9055756257475824,0.0,0.0,0.0,1000000.0,0.02,0
-0.17697480230719484,1.421615793546737,0.8319141391121345,0.0,0.0,0.0,1000000.0,0.02,0
-0.18493196254091568,-0.13361659615338242,0.2744224780903739,0.0,0.0,0.0,1000000.0,0.02,0
-2.896740966806105,-0.4928166713608182,0.24070097072243524,0.0,0.0,0.0,1000000.0,0.02,0
18.116120020028074,8.121182067127888,-1.1405289889146975,0.0,0.0,0.0,1000000.0,0.02,0
0.03158163208216523,0.29637504821417165,0.567609770187131,0.0,0.0,0.0,1000000.0,0.02,0
-0.41671454392555646,-1.5381342311151305,0.1651715985069684,0.0,0.0,0.0,1000000.0,0.02,0
6.542730031360375,15.875143594699013,-0.9816486759663077,0.0,0.0,0.0,1000000.0,0.02,0
0.9928153597544873,0.3474182877394348,0.05864837517108601,0.0,0.0,0.0,1000000.0,0.02,0
17.57041650715307,-4.8306840718864965,-1.0021846024732604,0.0,0.0,0.0,1000000.0,0.02,0
-7.902468803284976,-5.281896419537617,1.8567703646261249,0.0,0.0,0.0,1000000.0,0.02,0
-3.7210318309950394,3.219274227975925,0.16218094852855014,0.0,0.0,0.0,1000000.0,0.02,0
7.407289240399589,-11.058460189451969,-0.698025440733085,0.0,0.0,0.0,1000000.0,0.02,0
-5.67326381554474,-4.593178230168569,1.4028506719851679,0.0,0.0,0.0,1000000.0,0.02,0
12.875558021335609,-5.3998537834193945,0.3113143937374785,0.0,0.0,0.0,1000000.0,0.02,0
-0.4763221235088743,-5.744374102486481,-0.5745762418060041,0.0,0.0,0.0,1000000.0,0.02,0
20.76751885217554,-12.909535886041894,-1.9337172920649346,0.0,0.0,0.0,1000000.0,0.02,0
-0.080780682025525,-0.6003889894969946,0.48196800332078826,0.0,0.0,0.0,1000000.0,0.02,0
-17.029896155902698,17.005166873410758,-1.3323013841502647,0.0,0.0,0.0,1000000.0,0.02,0
5.447229756983383,-1.8630883167227634,0.46493622881709573,0.0,0.0,0.0,1000000.0,0.02,0
4.568214575763943,-2.185925724185439,-1.2974867575634983,0.0,0.0,0.0,1000000.0,0.02,0
1.7027845157943877,-4.316132294132449,-1.4381700636232964,0.0,0.0,0.0,1000000.0,0.02,0
0.3081983701884724,2.3610132935104953,1.7532156913146917,0.0,0.0,0.0,1000000.0,0.02,0
-10.159593203712445,19.20770511035554,-1.303182427381735,0.0,0.0,0.0,1000000.0,0.02,0
-0.10711954855287789,0.12196140914039948,0.05408519720981708,0.0,0.0,0.0,1000000.0,0.02,0
11.335260598158971,-4.647502201228494,-0.6569705402697235,0.0,0.0,0.0,1000000.0,0.02,0
-3.263961921103163,4.197022683538054,0.2272625389472953,0.0,0.0,0.0,1000000.0,0.02,0
-0.34277527738897606,0.7074019384833833,1.1408516830497177,0.0,0.0,0.0,1000000.0,0.02,0
0.3849509592268662,8.167805957687467,1.3897449114258063,0.0,0.0,0.0,1000000.0,0.02,0
-10.58999706016804,4.907605426537447,-0.4174553253376905,0.0,0.0,0.0,1000000.0,0.02,0
2.058045374710446,0.6073642089789941,-1.856451039825389,0.0,0.0,0.0,1000000.0,0.02,0
3.3220504181693515,-1.2292803909511782,0.031840238353235684,0.0,0.0,0.0,1000000.0,0.02,0
-2.734945811953985,-2.1907933646539206,0.39087694011774055,0.0,0.0,0.0,1000000.0,0.02,0
-2.4202664427834657,3.4568075407444283,0.1478855953759819,0.0,0.0,0.0,1000000.0,0.02,0
-3.7659120753691777,0.28240347284355416,0.9896968314982502,0.0,0.0,0.0,1000000.0,0.02,0
6.195692788794874,8.299461384462994,-0.3220504213842572,0.0,0.0,0.0,1000000.0,0.02,0
-0.1935649728147937,-1.3417986962999418,0.23913238840639472,0.0,0.0,0.0,1000000.0,0.02,0
9.901104206633253,6.0214739779906035,-0.749403073811103,0.0,0.0,0.0,1000000.0,0.02,0
2.79223190181676,-20.36394070420534,-0.1483719705247113,0.0,0.0,0.0,1000000.0,0.02,0
3.2445300782995172,-11.661788670401636,-1.1405559398037388,0.0,0.0,0.0,1000000.0,0.02,0
-12.414619274441996,6.685409008672916,0.616980742830533,0.0,0.0,0.0,1000000.0,0.02,0
24.417475979705465,-14.355183080220483,-0.5770882109806008,0.0,0.0,0.0,1000000.0,0.02,0
7.316273026195824,10.12698822040097,1.2824162011362734,0.0,0.0,0.0,1000000.0,0.02,0
-6.893158268524298,-6.3641694839162435,0.10236744082984917,0.0,0.0,0.0,1000000.0,0.02,0
9.502006512437873,-3.283999430025634,-0.2245287580775317,0.0,0.0,0.0,1000000.0,0.02,0
-0.9862618270926354,-3.901952640800253,1.3507910292643883,0.0,0.0,0.0,1000000.0,0.02,0
-7.616077468612945,-7.105204890975286,0.19622000550619134,0.0,0.0,0.0,1000000.0,0.02,0
-18.576634435831302,-9.78183049356404,0.3899651522365355,0.0,0.0,0.0,1000000.0,0.02,0
-0.039567556417151435,0.14393101081914758,-0.08290926322563319,0.0,0.0,0.0,1000000.0,0.02,0
19.630695794655498,-18.134508427116486,-0.8303697810879642,0.0,0.0,0.0,1000000.0,0.02,0
1.6328416074519672,6.9151689265713845,-0.9365227044422095,0.0,0.0,0.0,1000000.0,0.02,0
14.782591441447474,14.218954547803508,-1.6667120467495389,0.0,0.0,0.0,1000000.0,0.02,0
-5.170972320596725,-10.419281071248417,0.7313140703656105,0.0,0.0,0.0,1000000.0,0.02,0
-3.024125725169594,-0.44705510254850694,0.760055413686664,0.0,0.0,0.0,1000000.0,0.02,0
4.074957575187379,-7.1816541958092595,-0.7393670765485236,0.0,0.0,0.0,1000000.0,0.02,0
4.626471647406277,22.179936157928452,-0.43957744632356377,0.0,0.0,0.0,1000000.0,0.02,0
-14.586005802126111,7.710610580612462,0.5095622414840015,0.0,0.0,0.0,1000000.0,0.02,0
-10.457103043362446,-18.34143767725354,0.4869661989185081,0.0,0.0,0.0,1000000.0,0.02,0
-1.6910462362255194,-17.349235593669963,1.2319377635265925,0.0,0.0,0.0,1000000.0,0.02,0
-3.9285091192559363,-2.4548592812479395,-0.26662542607364603,0.0,0.0,0.0,1000000.0,0.02,0
0.3220560587575249,-0.46921590444148487,-1.2456918880517458,0.0,0.0,0.0,1000000.0,0.02,0
-24.639045601488107,-3.4231407262067606,1.8460656618935536,0.0,0.0,0.0,1000000.0,0.02,0
0.12342362600256684,2.720429605434914,-0.43022694662433825,0.0,0.0,0.0,1000000.0,0.02,0
2.665939368463996,-9.238140931257217,-1.3263684328437773,0.0,0.0,0.0,1000000.0,0.02,0
-0.9691066869028326,-2.400729802461233,0.0856013846444359,0.0,0.0,0.0,1000000.0,0.02,0
3.734249951591233,-1.1599807164589993,0.8456081665296669,0.0,0.0,0.0,1000000.0,0.02,0
-5.339374352415159,5.654337655841074,0.3165038699568976,0.0,0.0,0.0,1000000.0,0.02,0
-2.788641676948698,4.964619473365116,0.7214769071381619,0.0,0.0,0.0,1000000.0,0.02,0
-0.38653120032411575,0.49982638507168337,1.7722312586478326,0.0,0.0,0.0,1000000.0,0.02,0
5.0354658404042105,-1.7051176821909604,0.8223888652548865,0.0,0.0,0.0,1000000.0,0.02,0
-6.679508144242222,-1.4869013985579107,-1.3609379681681038,0.0,0.0,0.0,1000000.0,0.02,0
-9.336298567313229,4.338779255661049,-0.2209985239240453,0.0,0.0,0.0,1000000.0,0.02,0
1.0026040662454492,-0.09904317075314163,-1.6749097468880834,0.0,0.0,0.0,1000000.0,0.02,0
9.696247704425852,6.377368396908065,-1.0617342070316527,0.0,0.0,0.0,1000000.0,0.02,0
2.0999257268108353,0.49918762129282096,0.6940048927034033,0.0,0.0,0.0,1000000.0,0.02,0
5.960159845290884,-7.531584903319065,-1.7367079568874093,0.0,0.0,0.0,1000000.0,0.02,0
2.4702963387748893,1.9331316045530214,0.6839671848950415,0.0,0.0,0.0,1000000.0,0.02,0
7.318090391964916,6.222085800820361,1.0764058774350795,0.0,0.0,0.0,1000000.0,0.02,0
-4.553786342313193,2.9221935849964917,-0.7241026541120554,0.0,0.0,0.0,1000000.0,0.02,0
1.9790897930038598,-3.9505526589844595,-0.21942791417495666,0.0,0.0,0.0,1000000.0,0.02,0
0.8519952602502169,-0.029552476781987542,-0.48441648026394013,0.0,0.0,0.0,1000000.0,0.02,0
3.82549338495285,-3.093118698767214,-0.3070491381471312,0.0,0.0,0.0,1000000.0,0.02,0
15.715011194357492,-4.21869029373682,-0.902119391601337,0.0,0.0,0.0,1000000.0,0.02,0
0.3246420692396824,0.3420939451007001,0.49950795358664823,0.0,0.0,0.0,1000000.0,0.02,0
0.22079199382272632,2.151218299618067,-0.015930887411444772,0.0,0.0,0.0,1000000.0,0.02,0
6.6940393109014265,0.834094415917849,0.5603267072752169,0.0,0.0,0.0,1000000.0,0.02,0
8.667699252976421,-2.7362748553333067,1.5187060699238266,0.0,0.0,0.0,1000000.0,0.02,0
-1.153405677216208,3.0956229142783376,0.8364321285846739,0.0,0.0,0.0,1000000.0,0.02,0
5.347784508484485,-11.745275801371845,0.30721846229360317,0.0,0.0,0.0,1000000.0,0.02,0
1.2059252052486849,-1.0900543449387503,0.48411868641215783,0.0,0.0,0.0,1000000.0,0.02,0
5.919639982128802,1.9930544990739305,0.21554605242097846,0.0,0.0,0.0,1000000.0,0.02,0
2.0761719881034173,-8.81813073248434,-1.0551225287042545,0.0,0.0,0.0,1000000.0,0.02,0
-6.849446547236552,-9.799956029293668,-0.0008398194646321855,0.0,0.0,0.0,1000000.0,0.02,0
1.4585303441425368,-1.007767137548562,-0.7304044932018581,0.0,0.0,0.0,1000000.0,0.02,0
0.14076044904547663,3.9982522908139253,-0.6729265161637752,0.0,0.0,0.0,1000000.0,0.02,0
-11.950215260894876,11.3365570121171,0.28237284280325614,0.0,0.0,0.0,1000000.0,0.02,0
5.324253209371836,2.373346209894834,-0.37780539191115814,0.0,0.0,0.0,1000000.0,0.02,0
-3.107483297854751,9.842345586924008,-0.05909609243152936,0.0,0.0,0.0,1000000.0,0.02,0
-22.024881279125616,-14.477136324717499,-0.21671410751741238,0.0,0.0,0.0,1000000.0,0.02,0
0.7436395615257194,4.120455668334713,-0.3838247581825245,0.0,0.0,0.0,1000000.0,0.02,0
-3.5581200831941557,0.644657072507416,0.3372641048731273,0.0,0.0,0.0,1000000.0,0.02,0
0.733393435924662,1.144874638480327,-0.009161493484165284,0.0,0.0,0.0,1000000.0,0.02,0
6.248536395635785,2.046395859329816,1.3041842378410458,0.0,0.0,0.0,1000000.0,0.02,0
-0.1438425531007087,1.640549524257421,0.3672489086704367,0.0,0.0,0.0,1000000.0,0.02,0
-0.832320384634641,-6.737920168146797,-0.4767604458585515,0.0,0.0,0.0,1000000.0,0.02,0
-0.6589897868729883,-0.45486002975502515,-0.6015292059301274,0.0,0.0,0.0,1000000.0,0.02,0
-0.8377560633444834,-0.38415875379109937,1.1403206893511744,0.0,0.0,0.0,1000000.0,0.02,0
-5.892878411461707,-5.177050245384632,-1.7711483287768592,0.0,0.0,0.0,1000000.0,0.02,0
-4.819037177961818,3.3520506841333897,-0.003842068056569836,0.0,0.0,0.0,1000000.0,0.02,0
16.277959233399542,-14.520070932067163,0.5065810040525207,0.0,0.0,0.0,1000000.0,0.02,0
5.383250013967436,2.4231361214080405,0.2579931642416087,0.0,0.0,0.0,1000000.0,0.02,0
6.859389447418989,0.8437589942722598,1.3764670286566432,0.0,0.0,0.0,1000000.0,0.02,0
-3.045449129431568,-0.9052682759054275,0.5353145252441278,0.0,0.0,0.0,1000000.0,0.02,0
-0.9585649142324775,-6.208143273076578,-1.330162141934478,0.0,0.0,0.0,1000000.0,0.02,0
-2.5362455288280574,-9.861365316416759,1.6887456751164631,0.0,0.0,0.0,1000000.0,0.02,0
0.5438940113182725,0.09389861657879757,-0.44357622180128686,0.0,0.0,0.0,1000000.0,0.02,0
-19.338640897815946,14.297893523842124,-1.3865382552128098,0.0,0.0,0.0,1000000.0,0.02,0
5.945969296501944,7.380239459489805,0.08818332585907651,0.0,0.0,0.0,1000000.0,0.02,0
-1.4383676233125244,0.20261802379639854,-0.23761061985082232,0.0,0.0,0.0,1000000.0,0.02,0
4.545290578583305,4.259815988598877,0.5648505506262005,0.0,0.0,0.0,1000000.0,0.02,0
0.0250041948870771,-1.3601185101233324,-0.6459570463864397,0.0,0.0,0.0,1000000.0,0.02,0
-0.8272521592801717,0.76914929556879,-0.3935207424305638,0.0,0.0,0.0,1000000.0,0.02,0
-0.3089728986473945,3.035191095340318,-0.41670567858049434,0.0,0.0,0.0,1000000.0,0.02,0
-0.8500767895432189,-0.6811722062881168,-1.8315570185020587,0.0,0.0,0.0,1000000.0,0.02,0
5.180544382533586,14.572249286657895,-0.2054074486546762,0.0,0.0,0.0,1000000.0,0.02,0
-0.07058629850102265,0.2601974127381747,0.3117184526599557,0.0,0.0,0.0,1000000.0,0.02,0
1.4209796180545513,3.88393462150705,-0.4917873964206292,0.0,0.0,0.0,1000000.0,0.02,0
3.631939527604925,1.6246796017437681,-1.1890084032016146,0.0,0.0,0.0,1000000.0,0.02,0
3.6775202428886167,-3.858015767760418,-0.18995491442135481,0.0,0.0,0.0,1000000.0,0.02,0
-0.030068673992370915,-0.2849585290907318,0.31341038872455584,0.0,0.0,0.0,1000000.0,0.02,0
-10.780352874582363,4.335958412058542,-0.008582503680663045,0.0,0.0,0.0,1000000.0,0.02,0
-21.363685048214613,4.527356940021507,-0.460624298276497,0.0,0.0,0.0,1000000.0,0.02,0
-2.186825968074865,7.256820057118588,-1.8045419658635078,0.0,0.0,0.0,1000000.0,0.02,0
4.811830124499717,9.519876040364418,-0.8386836434136447,0.0,0.0,0.0,1000000.0,0.02,0
-1.0515445061381952,0.6890023781028446,1.6954689727520948,0.0,0.0,0.0,1000000.0,0.02,0
-14.353219694284956,21.26822979360967,-0.027026437111283386,0.0,0.0,0.0,1000000.0,0.02,0
-0.0013152337742742097,0.001781946038674727,0.5864863100067339,0.0,0.0,0.0,1000000.0,0.02,0
0.43655912838797034,-2.5295723195397466,-1.0053386699685136,0.0,0.0,0.0,1000000.0,0.02,0
-4.196120762052346,-0.2795265790460284,0.6813612109025033,0.0,0.0,0.0,1000000.0,0.02,0
1.9872240001423112,11.427781220008308,0.9973033875367454,0.0,0.0,0.0,1000000.0,0.02,0
-8.633402899271106,-20.37068312524096,-0.04875162157521373,0.0,0.0,0.0,1000000.0,0.02,0
-5.606283179995645,-28.763866819209966,-0.11734869813906279,0.0,0.0,0.0,1000000.0,0.02,0
7.903420154316533,-20.89206087239528,-1.725733164784005,0.0,0.0,0.0,1000000.0,0.02,0
4.063243776809256,7.645839176295011,1.2363335825053694,0.0,0.0,0.0,1000000.0,0.02,0
0.01519700223817176,-10.268145839090316,-1.6101563954469036,0.0,0.0,0.0,1000000.0,0.02,0
-20.005024472365378,5.632841038175628,0.3920634702699264,0.0,0.0,0.0,1000000.0,0.02,0
-4.527850652785738,1.7953754089719867,-0.17535409917997846,0.0,0.0,0.0,1000000.0,0.02,0
-3.6114051882041056,-11.314021732720683,-0.0626598982570421,0.0,0.0,0.0,1000000.0,0.02,0
0.11831657253813374,-12.690864376592316,0.048487208325802555,0.0,0.0,0.0,1000000.0,0.02,0
16.57337676211045,16.38739312514893,0.12596830110693524,0.0,0.0,0.0,1000000.0,0.02,0
11.500559169682562,0.5245445251192047,0.7481217629530601,0.0,0.0,0.0,1000000.0,0.02,0
11.944732919292463,5.173275918558201,-1.3090575213890094,0.0,0.0,0.0,1000000.0,0.02,0
-1.925133000299991,4.996189568946232,-0.488872149657265,0.0,0.0,0.0,1000000.0,0.02,0
13.570489400369507,-15.60071990144525,-0.7833811899459739,0.0,0.0,0.0,1000000.0,0.02,0
11.392422661534924,-11.362681951668527,-0.13128344284522786,0.0,0.0,0.0,1000000.0,0.02,0
5.03711355262312,16.076466375496643,1.0258253445950967,0.0,0.0,0.0,1000000.0,0.02,0
-7.11059741465999,-0.44897309852653755,0.38717115070605246,0.0,0.0,0.0,1000000.0,0.02,0
-12.613685295078504,1.1758335789115124,0.19511106017603552,0.0,0.0,0.0,1000000.0,0.02,0
-0.030478260670629233,0.5696444431468077,0.20722956127921766,0.0,0.0,0.0,1000000.0,0.02,0
14.241056751796858,-1.5793852278704346,0.7609624568196303,0.0,0.0,0.0,1000000.0,0.02,0
4.138614697849537,0.17018003586380226,-0.7312476569741575,0.0,0.0,0.0,1000000.0,0.02,0
-1.2012206402755998,-3.2543539187416877,0.7867956380710082,0.0,0.0,0.0,1000000.0,0.02,0
-2.009654053823009,-1.4215318231523661,-1.6459964502116664,0.0,0.0,0.0,1000000.0,0.02,0
11.784151286970259,17.009246980057878,1.7394629200685685,0.0,0.0,0.0,1000000.0,0.02,0
-13.253147479466753,-6.057135283168224,0.8806988531512854,0.0,0.0,0.0,1000000.0,0.02,0
-26.35811509372752,11.844964353635238,0.30835732197076293,0.0,0.0,0.0,1000000.0,0.02,0
-4.887302846155163,-7.061511281514431,-0.17133073338126525,0.0,0.0,0.0,1000000.0,0.02,0
-1.5881110506252947,-4.378560690798093,0.3846257941925115,0.0,0.0,0.0,1000000.0,0.02,0
-25.604879802955026,13.583179956522201,-0.855128861977251,0.0,0.0,0.0,1000000.0,0.02,0
23.25153543135718,14.876958357362502,0.08027441997868223,0.0,0.0,0.0,1000000.0,0.02,0
-0.979607263783597,-3.281476212350524,-1.5637682592724564,0.0,0.0,0.0,1000000.0,0.02,0
-0.043239556071336095,0.054801887882608126,-0.09775933833911932,0.0,0.0,0.0,1000000.0,0.02,0
-0.15449065265440223,-20.6118506733448,-0.12514085479236048,0.0,0.0,0.0,1000000.0,0.02,0
-23.61609970893358,7.2732292174884785,0.10360907418851983,0.0,0.0,0.0,1000000.0,0.02,0
0.5671153683051622,0.09136337034186981,-1.2720941624531648,0.0,0.0,0.0,1000000.0,0.02,0
0.12692943473350943,0.05358115237846609,1.0948962309727923,0.0,0.0,0.0,1000000.0,0.02,0
1.749041590248288,6.177018904136706,-0.44202219876817406,0.0,0.0,0.0,1000000.0,0.02,0
10.759439529537214,-0.8179483835817865,0.8020944608465843,0.0,0.0,0.0,1000000.0,0.02,0
-5.046826185912726,-7.740378511476649,-1.1232022723860222,0.0,0.0,0.0,1000000.0,0.02,0
1.6624323578461355,-1.9707700278650973,-0.12708000345749326,0.0,0.0,0.0,1000000.0,0.02,0
3.6649714920545615,-2.7321612033746576,-0.6782448828625753,0.0,0.0,0.0,1000000.0,0.02,0
-0.246674525926082,-0.052360240559983756,0.4595929003828383,0.0,0.0,0.0,1000000.0,0.02,0
3.1165737684758175,3.135844749087364,1.31052436857337,0.0,0.0,0.0,1000000.0,0.02,0
12.584079629419286,-5.431247791576504,-0.274086616445671,0.0,0.0,0.0,1000000.0,0.02,0
-2.1243287207982653,3.343107975900479,0.20075158415497452,0.0,0.0,0.0,1000000.0,0.02,0
10.036126780925976,-4.954078064340737,0.2958053524853428,0.0,0.0,0.0,1000000.0,0.02,0
-10.680876254667426,-10.796127624497139,-0.36471024344045144,0.0,0.0,0.0,1000000.0,0.02,0
-15.403649497880489,-20.219034366134988,0.30525653415227616,0.0,0.0,0.0,1000000.0,0.02,0
-27.657318433334883,-3.2813000836904616,0.9888388446460823,0.0,0.0,0.0,1000000.0,0.02,0
9.913760210278713,-16.402389765218235,1.458104882218949,0.0,0.0,0.0,1000000.0,0.02,0
-7.210977921761721,7.186699884062696,1.899989124851273,0.0,0.0,0.0,1000000.0,0.02,0
7.38627417628904,-5.920093977735598,-0.01647785790602363,0.0,0.0,0.0,1000000.0,0.02,0
-9.980052411753444,-0.35485061594403566,0.680830347142237,0.0,0.0,0.0,1000000.0,0.02,0
-1.9969435620015081,-5.595581974059975,1.1341126899561385,0.0,0.0,0.0,1000000.0,0.02,0
3.029508855167372,3.420747271365425,-1.673599300516881,0.0,0.0,0.0,1000000.0,0.02,0
-0.5144578360948782,-0.3094446255856193,-1.4897348017253442,0.0,0.0,0.0,1000000.0,0.02,0
0.9581148366276557,4.94553270464568,-1.4270023016329612,0.0,0.0,0.0,1000000.0,0.02,0
-14.5682234077628,-6.591778799268721,0.4431998520216407,0.0,0.0,0.0,1000000.0,0.02,0
-5.146889721169894,6.279422852913415,-0.17980953644069597,0.0,0.0,0.0,1000000.0,0.02,0
-1.4593621713944973,-2.029565423335998,-0.5842836443642687,0.0,0.0,0.0,1000000.0,0.02,0
0.561464764448194,12.346815902474338,-0.8885625621945241,0.0,0.0,0.0,1000000.0,0.02,0
0.27235571069375925,5.607373079271221,0.06553334510281328,0.0,0.0,0.0,1000000.0,0.02,0
10.92150379754964,-2.2786354910577105,0.47737651555867977,0.0,0.0,0.0,1000000.0,0.02,0
-3.542931930643968,9.131271292472688,0.7291699885540712,0.0,0.0,0.0,1000000.0,0.02,0
-6.872108820719932,0.4289388270271951,1.4715317351838877,0.0,0.0,0.0,1000000.0,0.02,0
1.5730436411017084,1.7021075160090637,0.93394623072692,0.0,0.0,0.0,1000000.0,0.02,0
-5.091210955902049,1.738509460779658,0.13198375454411249,0.0,0.0,0.0,1000000.0,0.02,0
-1.0023382135197572,-1.9991649004007683,0.7469093864852807,0.0,0.0,0.0,1000000.0,0.02,0
2.627080555086531,0.271322691310635,1.6226550542582725,0.0,0.0,0.0,1000000.0,0.02,0
0.4162892472276443,3.7144742187239657,-0.9313765152457467,0.0,0.0,0.0,1000000.0,0.02,0
13.051191652421734,22.639703428370314,-0.35271604870575235,0.0,0.0,0.0,1000000.0,0.02,0
1.884143144049197,4.461986407093518,1.0865313619716837,0.0,0.0,0.0,1000000.0,0.02,0
25.227243722953077,-1.0169552999085967,-1.1676150379420953,0.0,0.0,0.0,1000000.0,0.02,0
12.08156823217229,12.159839504677022,-0.6344997640352901,0.0,0.0,0.0,1000000.0,0.02,0
4.006404094263519,2.628033328298421,0.2142968758764594,0.0,0.0,0.0,1000000.0,0.02,0
-1.815779363134923,3.0421575242429966,-0.10923926801626216,0.0,0.0,0.0,1000000.0,0.02,0
1.4751209267613836,4.063222700208185,0.6608222986339012,0.0,0.0,0.0,1000000.0,0.02,0
2.949200324932878,-8.51248795475041,1.2274176150870577,0.0,0.0,0.0,1000000.0,0.02,0
-1.515253126825402,4.520221507964229,1.162673077093829,0.0,0.0,0.0,1000000.0,0.02,0
-2.5658656308402668,-6.152871550394696,-0.06948107924275426,0.0,0.0,0.0,1000000.0,0.02,0
3.144846160228627,-2.6487295102419144,-0.8840564817856,0.0,0.0,0.0,1000000.0,0.02,0
-0.8618391576389518,-10.667652980559309,0.09464005681994259,0.0,0.0,0.0,1000000.0,0.02,0
-0.6045895727100972,4.193980394762107,0.8292736539827059,0.0,0.0,0.0,1000000.0,0.02,0
2.8673213939783753,-5.903508700501719,0.31115007726550026,0.0,0.0,0.0,1000000.0,0.02,0
1.798956016464095,-4.953554114175571,-1.1540802370685856,0.0,0.0,0.0,1000000.0,0.02,0
19.32325473880604,11.29282551708979,-0.5674521012020515,0.0,0.0,0.0,1000000.0,0.02,0
-0.2168558813346453,0.46536288091113104,-0.20686159984009578,0.0,0.0,0.0,1000000.0,0.02,0
-7.293731872124305,18.122517198287703,-1.2468055002356415,0.0,0.0,0.0,1000000.0,0.02,0
0.19225386715112605,-0.6659204048287319,1.0868988651403466,0.0,0.0,0.0,1000000.0,0.02,0
0.23754675151606702,0.42309059460734877,-1.5358431501536751,0.0,0.0,0.0,1000000.0,0.02,0
-3.549261034021422,-5.590870530555597,-0.9293459280845342,0.0,0.0,0.0,1000000.0,0.02,0
-7.768112876832885,26.015975015082876,0.16578691795723532,0.0,0.0,0.0,1000000.0,0.02,0
0.7801881216194166,2.585155200755266,1.9311989425133937,0.0,0.0,0.0,1000000.0,0.02,0
-19.183921174374348,8.341274833588985,-1.787884500201259,0.0,0.0,0.0,1000000.0,0.02,0
5.307950966304658,-7.965299539260995,-1.612187582521468,0.0,0.0,0.0,1000000.0,0.02,0
-0.3253061984265568,8.098752820761359,-0.14976091605294695,0.0,0.0,0.0,1000000.0,0.02,0
-0.4140874129128006,-0.07559714045998002,-0.2417903559683694,0.0,0.0,0.0,1000000.0,0.02,0
-0.1439222822008336,9.044849298638932,0.48218264554623946,0.0,0.0,0.0,1000000.0,0.02,0
1.379693444165195,1.2710156055549668,-1.2530029617537677,0.0,0.0,0.0,1000000.0,0.02,0
13.098653200075992,-13.960452013466309,1.202261122695596,0.0,0.0,0.0,1000000.0,0.02,0
-0.27501184365543524,0.2739270103942204,0.7867274842520127,0.0,0.0,0.0,1000000.0,0.02,0
-7.215287202977887,3.407290551155687,-0.2041200930726239,0.0,0.0,0.0,1000000.0,0.02,0
-1.9101918085803726,-0.29761611632527013,1.2368707091790485,0.0,0.0,0.0,1000000.0,0.02,0
1.0236065404381336,2.3681349617164575,1.2099301795785777,0.0,0.0,0.0,1000000.0,0.02,0
-5.387432381171103,3.0923952624066775,-1.146356647024919,0.0,0.0,0.0,1000000.0,0.02,0
7.391648058424358,7.4787746595277405,0.18367611501714887,0.0,0.0,0.0,1000000.0,0.02,0
-0.9033615217394974,-1.8867187117207351,0.05846333643077628,0.0,0.0,0.0,1000000.0,0.02,0
-0.294703291806486,-0.5907582567247843,1.8313757554058636,0.0,0.0,0.0,1000000.0,0.02,0
-3.3230865396840192,-3.5498742032418487,-0.6593937618967001,0.0,0.0,0.0,1000000.0,0.02,0
3.858473535735229,-1.489787384661592,1.2935610578678265,0.0,0.0,0.0,1000000.0,0.02,0
-2.8157269926078627,-6.9801331831868945,1.000297314022748,0.0,0.0,0.0,1000000.0,0.02,0
-13.607564907764456,4.6179329536548925,0.14630971559951522,0.0,0.0,0.0,1000000.0,0.02,0
1.6767367419117587,-7.4916202251874315,0.05965393515366113,0.0,0.0,0.0,1000000.0,0.02,0
-0.05979155916581977,1.1350739365074687,1.7396268125474421,0.0,0.0,0.0,1000000.0,0.02,0
-3.8660829570016486,-4.1784331642451455,0.16575204165342505,0.0,0.0,0.0,1000000.0,0.02,0
-1.3386389846845148,5.9376638666922466,0.05789404078033833,0.0,0.0,0.0,1000000.0,0.02,0
-4.996376489716159,16.731848167534913,-0.24599937243887204,0.0,0.0,0.0,1000000.0,0.02,0
-1.9003326318265001,-2.1538731933639985,0.2763114629073522,0.0,0.0,0.0,1000000.0,0.02,0
-0.7200466391017957,0.3273369648702992,1.3392640779788865,0.0,0.0,0.0,1000000.0,0.02,0
4.659349642995755,1.9544246431908465,-1.2156625490005215,0.0,0.0,0.0,1000000.0,0.02,0
6.229012293703428,13.630120681350384,1.1173031466982861,0.0,0.0,0.0,1000000.0,0.02,0
27.19840659882375,4.084655860256906,-0.1918018267831716,0.0,0.0,0.0,1000000.0,0.02,0
-17.586742262475145,-6.472407263968378,0.09328039317279302,0.0,0.0,0.0,1000000.0,0.02,0
-2.3815150841105446,8.285336247482778,0.03405293318794911,0.0,0.0,0.0,1000000.0,0.02,0
1.9953536165296801,-4.369640135971063,0.11778273800608652,0.0,0.0,0.0,1000000.0,0.02,0
-3.2746653125494984,4.3644171173614765,1.8237103443556748,0.0,0.0,0.0,1000000.0,0.02,0
2.9856773096755163,4.164945529347811,-0.7581320385630219,0.0,0.0,0.0,1000000.0,0.02,0
-1.7558110173327806,-29.25985606577892,0.8615245743620399,0.0,0.0,0.0,1000000.0,0.02,0
28.88107470577994,4.597525527946206,-0.6120029064884713,0.0,0.0,0.0,1000000.0,0.02,0
-7.092612287763246,-12.412775531026192,-1.614826765518818,0.0,0.0,0.0,1000000.0,0.02,0
-7.527867534628058,0.46157989351753614,1.0500317237898074,0.0,0.0,0.0,1000000.0,0.02,0
9.615863388687428,13.354142387847206,0.7793249154534481,0.0,0.0,0.0,1000000.0,0.02,0
11.261490535588113,6.484265292298474,-1.623917732241006,0.0,0.0,0.0,1000000.0,0.02,0
10.112799883276601,8.898664767679493,0.2726837118856693,0.0,0.0,0.0,1000000.0,0.02,0
-8.08260132297404,17.191926799529828,1.1258846753963843,0.0,0.0,0.0,1000000.0,0.02,0
11.156933345216473,-25.84417498065879,0.7288181729409811,0.0,0.0,0.0,1000000.0,0.02,0
3.182161578081218,-0.47691208352500564,0.3005429104838786,0.0,0.0,0.0,1000000.0,0.02,0
4.675646340665004,17.009622173319652,-1.5530413684933322,0.0,0.0,0.0,1000000.0,0.02,0
14.040811791610272,4.284925281216572,-0.4711505801845375,0.0,0.0,0.0,1000000.0,0.02,0
2.799435829935953,5.329338072820016,0.6726378500506076,0.0,0.0,0.0,1000000.0,0.02,0
-13.676027849063882,0.5805803369604599,0.2672164690814318,0.0,0.0,0.0,1000000.0,0.02,0
-13.279229140170584,-0.19297152991163982,-0.2872697031589073,0.0,0.0,0.0,1000000.0,0.02,0
19.567590435681687,14.473510292466585,-0.922020352371244,0.0,0.0,0.0,1000000.0,0.02,0
-2.095398150052004,2.8775615476338854,1.6285579047596608,0.0,0.0,0.0,1000000.0,0.02,0
1.6473611678672508,-1.7814734491974904,0.786102797700253,0.0,0.0,0.0,1000000.0,0.02,0
-0.9965064780490537,-8.554956796960328,-0.9479604905668548,0.0,0.0,0.0,1000000.0,0.02,0
-1.4752230154037633,-0.4517836281989759,-1.266335437522077,0.0,0.0,0.0,1000000.0,0.02,0
-0.14740046817321079,0.8214752081109377,-0.017520660250675668,0.0,0.0,0.0,1000000.0,0.02,0
-0.8819674059474356,0.2865960164565471,0.3861749407590489,0.0,0.0,0.0,1000000.0,0.02,0
8.935609641513329,-10.142289785749222,-0.2520824268467923,0.0,0.0,0.0,1000000.0,0.02,0
1.910156085148006,-0.6337535580967848,-0.12708598813529548,0.0,0.0,0.0,1000000.0,0.02,0
1.4976830723811556,0.17658045177290693,-0.02348292732879198,0.0,0.0,0.0,1000000.0,0.02,0
-0.12414808364376097,0.0027869825639851168,-1.4252783577378825,0.0,0.0,0.0,1000000.0,0.02,0
20.184843096967803,1.5048252200086616,-0.4924100471532942,0.0,0.0,0.0,1000000.0,0.02,0
0.5891671703728851,0.4237497506410639,-0.6839322299387209,0.0,0.0,0.0,1000000.0,0.02,0
2.323619916790426,18.544735548868864,0.6628276198960474,0.0,0.0,0.0,1000000.0,0.02,0
-12.151043632567921,-12.812083863869207,-0.8322047966766029,0.0,0.0,0.0,1000000.0,0.02,0
19.31802262376243,-12.288304215256014,0.8457359083141798,0.0,0.0,0.0,1000000.0,0.02,0
0.2524452116270535,-0.6400594116783942,0.2254128377815512,0.0,0.0,0.0,1000000.0,0.02,0
-2.1161582272811224,-5.069013840090048,0.10922595795747547,0.0,0.0,0.0,1000000.0,0.02,0
2.996347192956595,3.280970550319592,0.44210428026438375,0.0,0.0,0.0,1000000.0,0.02,0
0.33148322630871013,1.7137186989308337,0.3163441695787368,0.0,0.0,0.0,1000000.0,0.02,0
14.771826494734107,-2.825492273479214,0.14103423667516157,0.0,0.0,0.0,1000000.0,0.02,0
-0.9424417771202268,0.8594498400075266,0.9170544473069171,0.0,0.0,0.0,1000000.0,0.02,0
1.0984394705234461,1.0402112025295038,0.02483957939003023,0.0,0.0,0.0,1000000.0,0.02,0
-6.489591281120803,-12.3446441478242,-0.24774212981331623,0.0,0.0,0.0,1000000.0,0.02,0
19.710874234828687,-6.103345098045021,-1.1621955049592003,0.0,0.0,0.0,1000000.0,0.02,0
3.8969897355612795,-0.6108715287006421,-1.1693667375704226,0.0,0.0,0.0,1000000.0,0.02,0
0.6193869668407569,-0.1439701728621534,-1.0918906199483036,0.0,0.0,0.0,1000000.0,0.02,0
-4.472582520925787,-0.552652615830076,1.043989050122896,0.0,0.0,0.0,1000000.0,0.02,0
-5.068988921570575,-19.815534614248755,-0.5944545605108296,0.0,0.0,0.0,1000000.0,0.02,0
0.19025722337062237,0.7786230702029112,-1.2017721017413807,0.0,0.0,0.0,1000000.0,0.02,0
-4.903884998760028,8.470765619464087,-0.9974095928530176,0.0,0.0,0.0,1000000.0,0.02,0
2.0874987649320507,-17.652938791703153,0.16972116196841558,0.0,0.0,0.0,1000000.0,0.02,0
-4.020261082044303,1.2643490451441128,-1.327220943159844,0.0,0.0,0.0,1000000.0,0.02,0
-0.08283060468075998,-0.34905265370029565,1.76170360069165,0.0,0.0,0.0,1000000.0,0.02,0
-0.7003058317873245,4.946744411079181,1.280341155202426,0.0,0.0,0.0,1000000.0,0.02,0
-0.4078903606458091,-0.32380039432371943,0.11182906847703755,0.0,0.0,0.0,1000000.0,0.02,0
8.266951234495906,-7.815528785534322,0.27723822423514477,0.0,0.0,0.0,1000000.0,0.02,0
11.925494537455391,10.799122922029035,0.9648373679783591,0.0,0.0,0.0,1000000.0,0.02,0
1.1429088809417247,-3.411666081503253,-0.045354920106974284,0.0,0.0,0.0,1000000.0,0.02,0
-8.849088155286935,-13.145065222815596,-0.45990393134322893,0.0,0.0,0.0,1000000.0,0.02,0
0.8160614657619548,1.0501687527554253,-0.9180314852252458,0.0,0.0,0.0,1000000.0,0.02,0
-5.596479028372522,0.09398202551752873,0.6073581130836878,0.0,0.0,0.0,1000000.0,0.02,0
0.34469749952495243,3.411337485756218,1.77584255490844,0.0,0.0,0.0,1000000.0,0.02,0
6.324482183788839,-4.550052313745552,-0.6157089075606539,0.0,0.0,0.0,1000000.0,0.02,0
13.889027141871374,-25.532318644609774,1.3943441483104015,0.0,0.0,0.0,1000000.0,0.02,0
3.0385056486442887,-20.998112064253835,-0.4505348984221902,0.0,0.0,0.0,1000000.0,0.02,0
1.8784260068750671,5.897229350394765,0.22713918472835903,0.0,0.0,0.0,1000000.0,0.02,0
-9.409139260193566,-8.993576295790426,-0.388844871299721,0.0,0.0,0.0,1000000.0,0.02,0
1.0428983179256037,-1.1032272323925323,0.1920279900739379,0.0,0.0,0.0,1000000.0,0.02,0
0.7666671459098303,0.9565858448132519,-0.39778026729115634,0.0,0.0,0.0,1000000.0,0.02,0
-0.4985149357840525,-0.028903318959336233,-0.5866659237143361,0.0,0.0,0.0,1000000.0,0.02,0
-0.7904659339791377,-6.287717886908496,1.4114494812836167,0.0,0.0,0.0,1000000.0,0.02,0
1.2409485436637753,2.6311659642716334,-0.636600608199009,0.0,0.0,0.0,1000000.0,0.02,0
0.04256547279920549,-0.10028565111937812,-1.0499988276902403,0.0,0.0,0.0,1000000.0,0.02,0
-20.90215505149533,-1.1347443838905886,-0.4906498862346478,0.0,0.0,0.0,1000000.0,0.02,0
-0.9487755743249175,12.109626860602667,-1.6060148798943112,0.0,0.0,0.0,1000000.0,0.02,0
-10.433475391423551,15.375041370918298,-0.06497880126954758,0.0,0.0,0.0,1000000.0,0.02,0
-5.033864753668424,6.739752540496113,1.0566195745199192,0.0,0.0,0.0,1000000.0,0.02,0
-0.876804594243921,3.7686123910109086,0.3420620643055434,0.0,0.0,0.0,1000000.0,0.02,0
-11.540152389255862,-1.1396202159311541,0.12740828784702707,0.0,0.0,0.0,1000000.0,0.02,0
13.07840889519542,1.8715916716734284,-1.4867990440858323,0.0,0.0,0.0,1000000.0,0.02,0
13.884031893512637,-25.45368193462031,-0.5131263303516187,0.0,0.0,0.0,1000000.0,0.02,0
1.0294547878888478,3.3624621078182177,1.9609610383856735,0.0,0.0,0.0,1000000.0,0.02,0
-0.22026100713712457,-0.8227902797723061,-1.3748101241011597,0.0,0.0,0.0,1000000.0,0.02,0
-4.782699344670828,8.128289579367499,0.518732851253735,0.0,0.0,0.0,1000000.0,0.02,0
4.607821383271476,9.616053508631694,-0.1093768636893655,0.0,0.0,0.0,1000000.0,0.02,0
0.6449313880341999,-8.346127237864344,-0.021735029572505837,0.0,0.0,0.0,1000000.0,0.02,0
-10.183909373413265,-5.985563133257445,-0.4680568732165904,0.0,0.0,0.0,1000000.0,0.02,0
-2.2641763072409575,-2.955891738211743,0.3401620701213357,0.0,0.0,0.0,1000000.0,0.02,0
7.728145975625341,26.36047867354463,-0.828743577598881,0.0,0.0,0.0,1000000.0,0.02,0
2.8523224443991206,12.117552331393705,-0.04989395942117625,0.0,0.0,0.0,1000000.0,0.02,0
-0.5224327363045491,0.5539347257240086,0.593987738426156,0.0,0.0,0.0,1000000.0,0.02,0
2.1560169848923,1.055710958154316,-0.2073873122418597,0.0,0.0,0.0,1000000.0,0.02,0
8.350394427267467,7.955720975286151,-1.287094842141589,0.0,0.0,0.0,1000000.0,0.02,0
-2.844216696257534,14.549245221734099,-0.4682482067102205,0.0,0.0,0.0,1000000.0,0.02,0
2.241969938067955,-5.047831447383203,-1.1364937555501156,0.0,0.0,0.0,1000000.0,0.02,0
4.027514447195045,-6.654159026901198,-0.4963571390095982,0.0,0.0,0.0,1000000.0,0.02,0
1.2472389383531775,-0.5471218657100337,-0.8747191372837628,0.0,0.0,0.0,1000000.0,0.02,0
-4.080515521620831,-21.121233353831194,0.8272666812127767,0.0,0.0,0.0,1000000.0,0.02,0
11.349670314022616,-4.535236318153301,-0.88667544907132,0.0,0.0,0.0,1000000.0,0.02,0
-2.2672294666320623,0.42059435246380494,0.31449321331923397,0.0,0.0,0.0,1000000.0,0.02,0
0.3957075592789054,1.467850292282805,-0.6975638497952685,0.0,0.0,0.0,1000000.0,0.02,0
0.9951620680373918,-20.580340041364572,0.20367889592886979,0.0,0.0,0.0,1000000.0,0.02,0
-3.414221801831392,4.6833249734381575,-0.10917592009380073,0.0,0.0,0.0,1000000.0,0.02,0
2.2838405834248,-1.9624869643193728,-1.3662669903675289,0.0,0.0,0.0,1000000.0,0.02,0
-1.0861860728777306,-2.821966671417935,-0.5881398556133837,0.0,0.0,0.0,1000000.0,0.02,0
5.095207275999438,-11.606405025559722,-0.9007498298144059,0.0,0.0,0.0,1000000.0,0.02,0
-6.332077512531303,-0.45796411253087244,-0.6956785973277269,0.0,0.0,0.0,1000000.0,0.02,0
-2.6884327909516275,-7.062850533099586,-0.20102356576844738,0.0,0.0,0.0,1000000.0,0.02,0
-3.1540702157346456,-9.90629305854306,0.6288347096135656,0.0,0.0,0.0,1000000.0,0.02,0
-1.3337591413461098,-4.006213829563403,1.898009162886935,0.0,0.0,0.0,1000000.0,0.02,0
-0.05150733338091285,1.340188710961284,-0.7412135771828394,0.0,0.0,0.0,1000000.0,0.02,0
-9.87612990354132,2.0831417174324094,-0.13360354028747867,0.0,0.0,0.0,1000000.0,0.02,0
10.63338475110051,-20.34025361856239,1.2409583059672293,0.0,0.0,0.0,1000000.0,0.02,0
-3.3679867000650074,-0.47570020883185765,1.515164596078204,0.0,0.0,0.0,1000000.0,0.02,0
1.8970290477889915,-4.676875771849651,0.28308330877472887,0.0,0.0,0.0,1000000.0,0.02,0
-0.8542350476476581,20.55304349977597,-0.035154508758965086,0.0,0.0,0.0,1000000.0,0.02,0
2.3115568639956496,4.515076572894496,0.46659682148573633,0.0,0.0,0.0,1000000.0,0.02,0
0.22581981672089874,-6.546618536903529,0.46723605055195616,0.0,0.0,0.0,1000000.0,0.02,0
-3.6329855533754567,-20.024861827663646,-0.06144232718003728,0.0,0.0,0.0,1000000.0,0.02,0
0.81547374506759,-0.3667686215234169,-1.4757238185922361,0.0,0.0,0.0,1000000.0,0.02,0
-0.05183299793248705,-0.15183230568844455,0.022875864807407886,0.0,0.0,0.0,1000000.0,0.02,0
5.29730252030727,-12.963263152255825,-0.862224108163586,0.0,0.0,0.0,1000000.0,0.02,0
4.523480136597881,-3.6646863596556374,-0.24312150433050306,0.0,0.0,0.0,1000000.0,0.02,0
0.6894616081280368,-0.14129027715137207,-1.7885184330036905,0.0,0.0,0.0,1000000.0,0.02,0
-7.585692915525811,1.2034479408828593,0.9610014440167376,0.0,0.0,0.0,1000000.0,0.02,0
-5.871387512222448,6.082029574984349,-0.6110571357177585,0.0,0.0,0.0,1000000.0,0.02,0
-1.1283640894317772,0.43303538233129407,0.3570506255349315,0.0,0.0,0.0,1000000.0,0.02,0
-11.55170675145821,-3.005669650151469,0.3840225280937286,0.0,0.0,0.0,1000000.0,0.02,0
8.711343758476488,-3.326015024575934,0.37588851463219086,0.0,0.0,0.0,1000000.0,0.02,0
6.882404207439402,-8.9028334250394,1.0135813104283002,0.0,0.0,0.0,1000000.0,0.02,0
16.03249977995311,8.375429428233124,0.08133786679893618,0.0,0.0,0.0,1000000.0,0.02,0
0.7259691126641084,-4.202321478428435,-0.06756494573922645,0.0,0.0,0.0,1000000.0,0.02,0
21.512181846481848,-4.861928067379991,0.11438602608705395,0.0,0.0,0.0,1000000.0,0.02,0
-1.2719952615597743,-7.0551534151821995,-0.20422127659158473,0.0,0.0,0.0,1000000.0,0.02,0
1.2809866732708495,-1.220305728578606,-0.17210169995635205,0.0,0.0,0.0,1000000.0,0.02,0
1.2183504165486645,-0.7426900152551974,-0.011750069617487036,0.0,0.0,0.0,1000000.0,0.02,0
3.514435336978505,16.952705516549177,-0.05967263587685423,0.0,0.0,0.0,1000000.0,0.02,0
-0.27849220864096963,-0.2789870643061873,0.4956540668667486,0.0,0.0,0.0,1000000.0,0.02,0
-2.799917229197341,-3.5088068169890105,1.347371608871888,0.0,0.0,0.0,1000000.0,0.02,0
3.5161610385104227,7.105455050496299,-0.7855407118607332,0.0,0.0,0.0,1000000.0,0.02,0
5.806874302546347,8.804279429073778,0.13068832857309598,0.0,0.0,0.0,1000000.0,0.02,0
1.2631981644775598,-1.6392143310532266,0.9388650885499432,0.0,0.0,0.0,1000000.0,0.02,0
-13.947262173194915,-8.03290676057948,-0.5976220810025579,0.0,0.0,0.0,1000000.0,0.02,0
0.17628288120273425,0.87105163944078,-0.5089766104125575,0.0,0.0,0.0,1000000.0,0.02,0
2.1076167622771886,-26.294998152444556,1.1470312040586936,0.0,0.0,0.0,1000000.0,0.02,0
5.064392973245347,4.484772933786509,-0.4550400367779952,0.0,0.0,0.0,1000000.0,0.02,0
1.7439184201204592,0.4553159032785632,1.0542474591356736,0.0,0.0,0.0,1000000.0,0.02,0
-1.9621189381787876,1.1465673424198601,0.5066284329430992,0.0,0.0,0.0,1000000.0,0.02,0
3.5240735360038133,-2.4799934078398973,-1.550928781306066,0.0,0.0,0.0,1000000.0,0.02,0
-3.217507985442791,-4.318557560644895,-0.6421548011305518,0.0,0.0,0.0,1000000.0,0.02,0
-0.08524084992131635,0.057261813718914215,1.9766680199688098,0.0,0.0,0.0,1000000.0,0.02,0
1.9209270365012574,-1.1504267054279143,-0.16188371767053766,0.0,0.0,0.0,1000000.0,0.02,0
5.0806010925272185,9.577765145052075,0.6785784867547306,0.0,0.0,0.0,1000000.0,0.02,0
-0.6736860742910921,2.8607378208652423,-1.2037930650577309,0.0,0.0,0.0,1000000.0,0.02,0
-0.995087402154642,-2.017100302311045,-0.6115237643015599,0.0,0.0,0.0,1000000.0,0.02,0
8.046354961079716,-4.246086723869114,-0.4639835599763229,0.0,0.0,0.0,1000000.0,0.02,0
-9.123973855461651,-8.751279685588019,-0.2742020801481182,0.0,0.0,0.0,1000000.0,0.02,0
4.624700472551104,-2.3484427980774636,-1.3070771373143808,0.0,0.0,0.0,1000000.0,0.02,0
8.19328267862102,-1.2589071299720802,1.493437238723919,0.0,0.0,0.0,1000000.0,0.02,0
7.624630895127173,-4.6277278121658725,-0.21466275841104832,0.0,0.0,0.0,1000000.0,0.02,0
24.665532595482038,-5.165166239980267,-0.01099558631714892,0.0,0.0,0.0,1000000.0,0.02,0
3.08668164810099,-3.9532368451256517,0.3545722180377142,0.0,0.0,0.0,1000000.0,0.02,0
-6.8697047077847,-1.3492930457027006,-0.0032296465617820402,0.0,0.0,0.0,1000000.0,0.02,0
2.5844683595209332,-3.191662263722322,-0.5032785633202126,0.0,0.0,0.0,1000000.0,0.02,0
-1.2502227727354571,1.0623524283930161,1.9953584408623204,0.0,0.0,0.0,1000000.0,0.02,0
0.1898454329646381,-4.223962831987942,0.13034050948632903,0.0,0.0,0.0,1000000.0,0.02,0
0.8667991668987207,-0.23118151760047906,1.1386700555897598,0.0,0.0,0.0,1000000.0,0.02,0
-7.731359961661972,1.742916945945952,0.5035306608440928,0.0,0.0,0.0,1000000.0,0.02,0
0.16494301730115418,0.024766770131711014,-0.26903397855515987,0.0,0.0,0.0,1000000.0,0.02,0
1.2049493780010438,-0.9007879372336202,1.6942950681504927,0.0,0.0,0.0,1000000.0,0.02,0
-0.9671108422584459,6.07258881440153,-1.9664956478503566,0.0,0.0,0.0,1000000.0,0.02,0
1.3380856013961593,-4.908006269714508,0.6923736894819958,0.0,0.0,0.0,1000000.0,0.02,0
-13.536797523619443,-15.36344704740841,-1.2987478625346656,0.0,0.0,0.0,1000000.0,0.02,0
-21.88385446331997,5.640648474457257,0.49875272259826975,0.0,0.0,0.0,1000000.0,0.02,0
-2.943496035575196,-3.796975331546145,-1.6135921016945645,0.0,0.0,0.0,1000000.0,0.02,0
0.8077603805652462,-0.43330744307927993,0.7282730510388733,0.0,0.0,0.0,1000000.0,0.02,0
-14.944104333092621,-0.5383071094495675,0.09470953901063428,0.0,0.0,0.0,1000000.0,0.02,0
7.3432966847873065,-8.876518088194238,-1.2606326122872513,0.0,0.0,0.0,1000000.0,0.02,0
2.505042133544516,3.3426735306784914,0.28869851624223486,0.0,0.0,0.0,1000000.0,0.02,0
18.600022748294517,11.193135952623921,-0.6218996675117392,0.0,0.0,0.0,1000000.0,0.02,0
2.8269524748408323,7.4467828909271265,-0.4756893386501444,0.0,0.0,0.0,1000000.0,0.02,0
8.559031449859475,-5.728386188046702,-1.3142090501505361,0.0,0.0,0.0,1000000.0,0.02,0
-0.08770489004383798,-4.4698204161842945,-0.24818727445875766,0.0,0.0,0.0,1000000.0,0.02,0
-0.8688839910659686,0.14122449353786887,-0.1372426673077678,0.0,0.0,0.0,1000000.0,0.02,0
5.336353783955563,8.804318996122932,-1.4634279609845153,0.0,0.0,0.0,1000000.0,0.02,0
-11.167302831016748,-16.631470082068855,0.34836250113750467,0.0,0.0,0.0,1000000.0,0.02,0
-9.924123353278613,7.460995256870989,1.0799379973298002,0.0,0.0,0.0,1000000.0,0.02,0
3.4286677714512868,12.699152794781469,-1.9081195905053079,0.0,0.0,0.0,1000000.0,0.02,0
-0.13481638413785108,0.4532083119791432,-0.2676261487450722,0.0,0.0,0.0,1000000.0,0.02,0
7.721725494193897,-12.68198312810021,-1.8652519346685201,0.0,0.0,0.0,1000000.0,0.02,0
-3.8078705029467517,-1.2547617096573604,0.27737523884241266,0.0,0.0,0.0,1000000.0,0.02,0
4.258644785714307,-6.371456410941051,-0.29891245750994244,0.0,0.0,0.0,1000000.0,0.02,0
4.358260969037961,-13.927203491632866,-0.211501478291245,0.0,0.0,0.0,1000000.0,0.02,0
3.083356003703975,-1.7595524523165762,-0.5479497307785337,0.0,0.0,0.0,1000000.0,0.02,0
0.8373445215842249,-1.6807738836023036,0.6982044868193364,0.0,0.0,0.0,1000000.0,0.02,0
1.7422906723827014,-3.977932827268155,-0.711779923702073,0.0,0.0,0.0,1000000.0,0.02,0
0.8525799929178496,0.6048010887749784,-0.3295537570418752,0.0,0.0,0.0,1000000.0,0.02,0
-6.499926354289219,19.718772454895056,-0.17852742194969018,0.0,0.0,0.0,1000000.0,0.02,0
3.0572677630986758,-4.9450612487768,1.5202965985464845,0.0,0.0,0.0,1000000.0,0.02,0
-1.254306207409217,11.144507315971566,0.30763227398907844,0.0,0.0,0.0,1000000.0,0.02,0
-1.568530607542138,1.534702739897251,1.3900101834166518,0.0,0.0,0.0,1000000.0,0.02,0
4.5452221674101505,-0.031706164229123174,1.4338200338785931,0.0,0.0,0.0,1000000.0,0.02,0
-3.063220972958569,1.9166217396303273,0.48803417421937745,0.0,0.0,0.0,1000000.0,0.02,0
0.37477194482673537,-0.10221733507047374,-0.04099085126121693,0.0,0.0,0.0,1000000.0,0.02,0
-13.68454273886176,-2.0358426032612424,0.7615056862221055,0.0,0.0,0.0,1000000.0,0.02,0
3.017768289558592,3.25439125397746,0.23937348806032954,0.0,0.0,0.0,1000000.0,0.02,0
21.737038188666077,10.018448141854924,-0.05280102870317194,0.0,0.0,0.0,1000000.0,0.02,0
8.034033622007948,5.325422633669774,1.6325211886537474,0.0,0.0,0.0,1000000.0,0.02,0
6.893972289400153,-0.057801865304756235,-0.4234047387469859,0.0,0.0,0.0,1000000.0,0.02,0
4.884173307139086,-1.7563507450911968,-0.2339471154290811,0.0,0.0,0.0,1000000.0,0.02,0
-3.0955134213538797,-11.605993927154612,-0.3513914994609051,0.0,0.0,0.0,1000000.0,0.02,0
0.7544351615657449,-1.3364295380652063,0.6900463450382235,0.0,0.0,0.0,1000000.0,0.02,0
-1.731753789157636,23.219402180521737,-0.001967328473210017,0.0,0.0,0.0,1000000.0,0.02,0
6.97178729272771,-7.278787280260183,-0.1880617044482955,0.0,0.0,0.0,1000000.0,0.02,0
-24.807297236743768,11.059982188279363,-0.9231790357713887,0.0,0.0,0.0,1000000.0,0.02,0
1.0441733642301543,-7.032097059673952,-0.2589382527139774,0.0,0.0,0.0,1000000.0,0.02,0
-4.0715642144881485,-2.700179874749052,-1.7901282821772666,0.0,0.0,0.0,1000000.0,0.02,0
0.5047076444710924,-0.9736820399812705,-1.7764916298800228,0.0,0.0,0.0,1000000.0,0.02,0
2.3493866029421624,-12.01735365149006,-0.12035175946585142,0.0,0.0,0.0,1000000.0,0.02,0
-12.828773143544428,12.088964527298767,-0.7129539125357711,0.0,0.0,0.0,1000000.0,0.02,0
-1.0091219057069438,-3.4864991865135972,0.5242266556907111,0.0,0.0,0.0,1000000.0,0.02,0
-3.8528084937015277,-1.3401514330069733,-0.3450427900778754,0.0,0.0,0.0,1000000.0,0.02,0
0.6581539623875317,-0.570465634775453,-0.11888662332835853,0.0,0.0,0.0,1000000.0,0.02,0
0.7152797563885486,-0.28947261262138185,1.7482395722618014,0.0,0.0,0.0,1000000.0,0.02,0
6.002147356323289,11.162187612308168,-0.9599602263059719,0.0,0.0,0.0,1000000.0,0.02,0
-3.186958494193545,-1.999614631070166,-1.8040696905878058,0.0,0.0,0.0,1000000.0,0.02,0
5.323143568557226,4.790467944977374,-0.6102478769012194,0.0,0.0,0.0,1000000.0,0.02,0
-15.033387659384628,8.768094241700094,-0.5286313253371242,0.0,0.0,0.0,1000000.0,0.02,0
16.04490155601966,-12.654389597670393,0.5147091632843308,0.0,0.0,0.0,1000000.0,0.02,0
7.851462899545709,3.0483912280096077,-0.12357123406489823,0.0,0.0,0.0,1000000.0,0.02,0
0.9607277498603446,12.612463793440352,0.19467848166470514,0.0,0.0,0.0,1000000.0,0.02,0
-3.8288175203613775,2.5825794378438913,-0.1552401869533977,0.0,0.0,0.0,1000000.0,0.02,0
-4.800299897951283,4.417432923874875,-0.4947745407333084,0.0,0.0,0.0,1000000.0,0.02,0
-2.0205839429908323,1.6073669801263437,0.7936622331556791,0.0,0.0,0.0,1000000.0,0.02,0
0.29386362929042736,-0.13582702397574542,1.7864866768233227,0.0,0.0,0.0,1000000.0,0.02,0
-2.9799314341049112,-2.4742138465476624,-0.41611436086958964,0.0,0.0,0.0,1000000.0,0.02,0
-23.741978528702017,-0.1508085699112418,-0.020560687251187204,0.0,0.0,0.0,1000000.0,0.02,0
-10.28902364019431,4.116519292232723,-0.7631058964405097,0.0,0.0,0.0,1000000.0,0.02,0
24.57189208014195,15.162367988676941,-0.18892739466653286,0.0,0.0,0.0,1000000.0,0.02,0
0.5951853921740363,13.305537363129641,1.932299414336967,0.0,0.0,0.0,1000000.0,0.02,0
-4.584508077189787,-11.596585814761795,0.39220071897943765,0.0,0.0,0.0,1000000.0,0.02,0
8.090566926788863,1.273994635705188,0.14291567180669063,0.0,0.0,0.0,1000000.0,0.02,0
3.6163510509541177,-6.363372447548874,0.1309440193296707,0.0,0.0,0.0,1000000.0,0.02,0
3.779360273414451,2.0407201815741036,-0.03471887811548946,0.0,0.0,0.0,1000000.0,0.02,0
1.295036913181228,1.3422545656190077,-0.9203211609415876,0.0,0.0,0.0,1000000.0,0.02,0
1.2817245748079384,11.829336012186282,0.006762044890826324,0.0,0.0,0.0,1000000.0,0.02,0
-10.190903108603973,-15.120601890710777,0.08783064583118794,0.0,0.0,0.0,1000000.0,0.02,0
1.384718727762664,5.512051941984311,0.0522105101521797,0.0,0.0,0.0,1000000.0,0.02,0
9.596277214946396,-0.6937393702116005,-0.1813892166845168,0.0,0.0,0.0,1000000.0,0.02,0
-1.3388641705937046,-1.2740722725856537,-0.3718382059527938,0.0,0.0,0.0,1000000.0,0.02,0
0.13005564370795436,-0.0961387958990672,1.530087866220641,0.0,0.0,0.0,1000000.0,0.02,0
-0.23286067390298526,0.4782125782243623,0.7201047315080773,0.0,0.0,0.0,1000000.0,0.02,0
-0.5667976952520531,1.2865756515780038,0.7951868371880009,0.0,0.0,0.0,1000000.0,0.02,0
0.06101119579014206,-0.10765189058238099,1.750618510363461,0.0,0.0,0.0,1000000.0,0.02,0
25.23698507358207,4.556338476256244,-0.5602350498061188,0.0,0.0,0.0,1000000.0,0.02,0
-3.0181844641863713,-0.5218108721928238,1.6689975158844694,0.0,0.0,0.0,1000000.0,0.02,0
-0.8928516586896798,-3.8185833102329236,-1.6561988288186438,0.0,0.0,0.0,1000000.0,0.02,0
1.7183638183071004,0.2917688910212684,-0.7382203695535097,0.0,0.0,0.0,1000000.0,0.02,0
14.243263670610789,-8.855878841613334,0.2615546927007877,0.0,0.0,0.0,1000000.0,0.02,0
2.5317446019571355,-1.6952808394802001,0.8078403691933591,0.0,0.0,0.0,1000000.0,0.02,0
1.3921465376021955,0.19770823737510998,-0.3399750189744033,0.0,0.0,0.0,1000000.0,0.02,0
-6.384015280125596,-4.537117003961869,-0.39730486021936784,0.0,0.0,0.0,1000000.0,0.02,0
7.019225617999874,2.3261043598177995,0.39234456827014874,0.0,0.0,0.0,1000000.0,0.02,0
3.511332891622935,1.7063610344589657,-1.9174088791598605,0.0,0.0,0.0,1000000.0,0.02,0
9.98415382366513,-0.783278323290605,-0.756999125897738,0.0,0.0,0.0,1000000.0,0.02,0
11.06462275404894,20.553751499727408,0.2861896747935573,0.0,0.0,0.0,1000000.0,0.02,0
5.722716756684045,-18.77476336036132,0.0743725072095538,0.0,0.0,0.0,1000000.0,0.02,0
-9.141381196251091,-12.160062901849493,0.04673725324933464,0.0,0.0,0.0,1000000.0,0.02,0
-0.05769457567893717,0.14494433176708357,-0.23859224399856416,0.0,0.0,0.0,1000000.0,0.02,0
-5.499060690021647,7.96403435700715,0.16245668211516318,0.0,0.0,0.0,1000000.0,0.02,0
4.304955478628512,-2.779702145938386,-0.03097982792449816,0.0,0.0,0.0,1000000.0,0.02,0
-6.343460861506612,-2.984589437761145,-1.1394951787826209,0.0,0.0,0.0,1000000.0,0.02,0
2.560243959830385,10.689800741583708,0.7824932595472536,0.0,0.0,0.0,1000000.0,0.02,0
-3.23803358095814,11.194834639491322,-0.7084116388270179,0.0,0.0,0.0,1000000.0,0.02,0
-3.0546976506036247,-2.9890654338106137,-1.6480047634041757,0.0,0.0,0.0,1000000.0,0.02,0
-1.9074283091814856,-1.0220202122616144,0.09916387297958185,0.0,0.0,0.0,1000000.0,0.02,0
2.0784002421935925,-12.488268391524276,-0.12475351619033592,0.0,0.0,0.0,1000000.0,0.02,0
-0.13211893968928473,0.37782350121243063,-0.41051304691137513,0.0,0.0,0.0,1000000.0,0.02,0
-2.631676365675344,-14.60920305532048,-0.7149703921679826,0.0,0.0,0.0,1000000.0,0.02,0
-15.215415021820679,18.841749007619338,1.8761148873460707,0.0,0.0,0.0,1000000.0,0.02,0
2.8913461773265308,-0.7503593961284823,0.3737650867004181,0.0,0.0,0.0,1000000.0,0.02,0
-4.514546191000483,5.053117113315864,-1.53681355951211,0.0,0.0,0.0,1000000.0,0.02,0
3.5035451503174855,-3.135934210466127,-0.5249969015272944,0.0,0.0,0.0,1000000.0,0.02,0
-1.9155313929340514,2.1113481159592613,-0.9089848293893912,0.0,0.0,0.0,1000000.0,0.02,0
17.771636802449468,3.456431812475419,0.7760756196786787,0.0,0.0,0.0,1000000.0,0.02,0
3.216530013105799,2.1203310102903745,0.0490828637854257,0.0,0.0,0.0,1000000.0,0.02,0
0.6057717742728362,2.130929900536811,0.7805137068494474,0.0,0.0,0.0,1000000.0,0.02,0
0.23149683704337037,-0.36800823977762304,-1.0347331854094337,0.0,0.0,0.0,1000000.0,0.02,0
-7.463198119547378,5.953302824498584,0.9496466518385889,0.0,0.0,0.0,1000000.0,0.02,0
1.516926772865712,-11.207761351565114,1.918437218321344,0.0,0.0,0.0,1000000.0,0.02,0
17.756015252120402,2.4127298561728803,1.4690784289487429,0.0,0.0,0.0,1000000.0,0.02,0
-0.7521369586494742,2.6049860152629516,-1.8094155967826708,0.0,0.0,0.0,1000000.0,0.02,0
7.469933747167434,7.643033945185684,0.053133914881761335,0.0,0.0,0.0,1000000.0,0.02,0
6.605660673172292,4.359340565782798,0.042439764141849246,0.0,0.0,0.0,1000000.0,0.02,0
-4.341463774205223,-8.9587843765305,-0.40994934128758587,0.0,0.0,0.0,1000000.0,0.02,0
-6.3043809307475325,-3.2112541646123396,1.2418133473535633,0.0,0.0,0.0,1000000.0,0.02,0
5.582539608392862,5.008038036997124,-0.7761814163414602,0.0,0.0,0.0,1000000.0,0.02,0
-6.124015228010471,-1.5651567972818434,-0.3046283685546838,0.0,0.0,0.0,1000000.0,0.02,0
-4.148589129894994,-11.044846411422931,0.00028997850645318124,0.0,0.0,0.0,1000000.0,0.02,0
-0.023539806097109314,1.0213405481070037,-0.7659803448438511,0.0,0.0,0.0,1000000.0,0.02,0
0.5094532572650328,-0.167130884365931,-0.42017446001574843,0.0,0.0,0.0,1000000.0,0.02,0
-0.6707298956998243,-5.80832438442003,-1.1984863708800138,0.0,0.0,0.0,1000000.0,0.02,0
-10.700351225612662,1.8885490695283405,-0.24820263342187854,0.0,0.0,0.0,1000000.0,0.02,0
3.374045097337008,6.05959258727869,0.11875190222653487,0.0,0.0,0.0,1000000.0,0.02,0
-4.501516354237,-1.5859034415362467,0.1622702924505095,0.0,0.0,0.0,1000000.0,0.02,0
-1.6619772975499505,-0.6596959605819445,1.3308657201326834,0.0,0.0,0.0,1000000.0,0.02,0
-0.013808587974581074,-0.002629183226621259,1.041771578650926,0.0,0.0,0.0,1000000.0,0.02,0
-19.01451161593732,-9.07892047603829,0.6615877524593445,0.0,0.0,0.0,1000000.0,0.02,0
5.182699587245587,11.019388673118419,-1.4698121304983989,0.0,0.0,0.0,1000000.0,0.02,0
-0.8583885852370652,1.5183086999284925,0.27961717840158684,0.0,0.0,0.0,1000000.0,0.02,0
5.886039140375457,7.845134875225521,0.4088734525640749,0.0,0.0,0.0,1000000.0,0.02,0
14.298630158124995,-3.0410087952209253,0.5529980071049403,0.0,0.0,0.0,1000000.0,0.02,0
0.5950582819763546,2.1681818075717354,-0.5640112858195634,0.0,0.0,0.0,1000000.0,0.02,0
-2.056205845099895,-0.8201291534870355,0.7123064189899475,0.0,0.0,0.0,1000000.0,0.02,0
2.920364954023964,13.333949511303697,-0.22511897185276997,0.0,0.0,0.0,1000000.0,0.02,0
-14.145990544442439,-8.474011896078219,-1.2830641434244958,0.0,0.0,0.0,1000000.0,0.02,0
1.926193859011916,5.309884475575033,-1.9792185676908582,0.0,0.0,0.0,1000000.0,0.02,0
5.450588225372306,-5.1860147480432355,-0.675414832178677,0.0,0.0,0.0,1000000.0,0.02,0
-0.30095403073889343,3.403083348498029,0.8730970370711777,0.0,0.0,0.0,1000000.0,0.02,0
0.7091967533654968,-2.1810137593330245,-0.9990158237007618,0.0,0.0,0.0,1000000.0,0.02,0
-15.29178047582802,-1.877733354870093,0.3879527404385179,0.0,0.0,0.0,1000000.0,0.02,0
0.5321437860743758,5.222906352194568,1.0347637022490215,0.0,0.0,0.0,1000000.0,0.02,0
-1.9761008156922553,4.6661239777045065,0.5777541525605914,0.0,0.0,0.0,1000000.0,0.02,0
-3.654895787329631,2.5833560562962017,-1.660073503888352,0.0,0.0,0.0,1000000.0,0.02,0
-6.729280678572175,-7.0897866264310965,0.42893775562037906,0.0,0.0,0.0,1000000.0,0.02,0
3.554921383548826,4.7416753045970115,-1.5314127286731214,0.0,0.0,0.0,1000000.0,0.02,0
-0.4393682257313499,0.9583958608066087,-0.12284744968895644,0.0,0.0,0.0,1000000.0,0.02,0
9.67629091496039,-22.846602700908075,0.3324889061430305,0.0,0.0,0.0,1000000.0,0.02,0
-1.6737282144457961,3.768861588462476,-0.0003963085963798463,0.0,0.0,0.0,1000000.0,0.02,0
7.2795698869890035,0.6767267571319755,0.5055966044764517,0.0,0.0,0.0,1000000.0,0.02,0
4.245054939949006,2.3100609034633237,1.8707991812220799,0.0,0.0,0.0,1000000.0,0.02,0
-14.155396886278094,20.599010650794085,-0.19940024581478166,0.0,0.0,0.0,1000000.0,0.02,0
-2.8758290324026645,-6.552099770517534,-0.0679436936119382,0.0,0.0,0.0,1000000.0,0.02,0
1.4816150600926292,-6.051867762974081,-0.4585275164019711,0.0,0.0,0.0,1000000.0,0.02,0
-1.7502579009327737,4.012032698907119,0.5056705704235487,0.0,0.0,0.0,1000000.0,0.02,0
-4.749334160570963,9.719688222140558,-0.7357440424599746,0.0,0.0,0.0,1000000.0,0.02,0
-5.855538923639052,-3.2454829309691187,-0.4836602097605587,0.0,0.0,0.0,1000000.0,0.02,0
0.3874621000672324,2.4980262814898437,-0.11400716297011737,0.0,0.0,0.0,1000000.0,0.02,0
1.4375713883125862,22.38033814304473,1.0327492961019802,0.0,0.0,0.0,1000000.0,0.02,0
-1.1966277484693513,9.76141602964831,-0.6355957549542834,0.0,0.0,0.0,1000000.0,0.02,0
-5.825571447142904,15.349954791834673,0.10244746329119891,0.0,0.0,0.0,1000000.0,0.02,0
5.188865268034762,4.256306436539653,0.12974909004228063,0.0,0.0,0.0,1000000.0,0.02,0
-8.212058744246727,-5.921137428388098,-0.1941592020966656,0.0,0.0,0.0,1000000.0,0.02,0
-2.58837609472137,-0.8794224704368777,0.2726054957096755,0.0,0.0,0.0,1000000.0,0.02,0
-0.7867590095756976,0.9263167886471677,-0.1893259311800115,0.0,0.0,0.0,1000000.0,0.02,0
0.6086693273021653,-10.422821050999625,-0.2086357859108272,0.0,0.0,0.0,1000000.0,0.02,0
15.038215312781622,19.309508635586724,-0.20402444240331885,0.0,0.0,0.0,1000000.0,0.02,0
-1.5180063840926028,-0.7469800913629177,1.1171452544594738,0.0,0.0,0.0,1000000.0,0.02,0
2.728110121157205,-5.8893196443724545,0.2055638031383351,0.0,0.0,0.0,1000000.0,0.02,0
0.28424529252591996,1.4890436186625906,0.007411317472504564,0.0,0.0,0.0,1000000.0,0.02,0
0.09140862346522267,0.7898774623856345,0.3875906157043465,0.0,0.0,0.0,1000000.0,0.02,0
-5.576793417182979,1.0610472751124551,0.8346984880900807,0.0,0.0,0.0,1000000.0,0.02,0
-16.05247744755543,8.602956852494303,1.2072941873959424,0.0,0.0,0.0,1000000.0,0.02,0
-3.8237302538419846,3.3244400543868933,-0.04433989838022523,0.0,0.0,0.0,1000000.0,0.02,0
12.272226157638755,14.154952449681593,1.7180817674590125,0.0,0.0,0.0,1000000.0,0.02,0
-0.31642032743613896,-0.3520858312976458,-1.2015321848561928,0.0,0.0,0.0,1000000.0,0.02,0
-9.225438166572589,-1.6432418167871297,0.505037605993075,0.0,0.0,0.0,1000000.0,0.02,0
1.2312244670687382,3.782323298860249,-0.8338025606384463,0.0,0.0,0.0,1000000.0,0.02,0
-10.38656910763864,-2.1808291535991025,0.9625941486887646,0.0,0.0,0.0,1000000.0,0.02,0
-7.529768985229653,-10.502799443161694,-1.832212156043532,0.0,0.0,0.0,1000000.0,0.02,0
7.6180894243450865,28.960603141240874,-0.17258394053072124,0.0,0.0,0.0,1000000.0,0.02,0
20.981221503800136,-16.30126953202479,1.2507129562331745,0.0,0.0,0.0,1000000.0,0.02,0
5.134775746743107,7.165376129626144,0.0206041111394466,0.0,0.0,0.0,1000000.0,0.02,0
10.397006352211424,13.542493661774554,-0.32718419777321106,0.0,0.0,0.0,1000000.0,0.02,0
-8.843888250246458,-4.3660755974939605,1.4925212259401057,0.0,0.0,0.0,1000000.0,0.02,0
6.333986753681961,11.197158324236318,1.4788676333137145,0.0,0.0,0.0,1000000.0,0.02,0
-7.227913718104696,-19.683951068966326,0.3848910472556808,0.0,0.0,0.0,1000000.0,0.02,0
-6.7404595560719205,-7.394109542953548,-0.3310921287298507,0.0,0.0,0.0,1000000.0,0.02,0
-15.435940390762333,-9.300378730376904,0.33033592358285624,0.0,0.0,0.0,1000000.0,0.02,0
0.07141458185317709,-0.0579512332973765,1.7808799013760517,0.0,0.0,0.0,1000000.0,0.02,0
-0.4521493312530895,-7.385767294888147,0.10204563104237696,0.0,0.0,0.0,1000000.0,0.02,0
5.224909467165963,2.719663130197184,0.5948620917235603,0.0,0.0,0.0,1000000.0,0.02,0
-1.0542598112052035,0.5070071499019568,-0.4299453924889267,0.0,0.0,0.0,1000000.0,0.02,0
-13.374519608697321,-11.50771361417962,-0.07931623620096406,0.0,0.0,0.0,1000000.0,0.02,0
0.10915339556562693,2.14866460069207,1.6355740757696982,0.0,0.0,0.0,1000000.0,0.02,0
-0.41788050177306324,2.122392290727104,0.9303621247832572,0.0,0.0,0.0,1000000.0,0.02,0
9.070617924815707,-1.6505312801225627,0.22725086424824248,0.0,0.0,0.0,1000000.0,0.02,0
0.4252932302967543,-0.1658368447223795,0.3097237013626195,0.0,0.0,0.0,1000000.0,0.02,0
1.9685121323627406,-0.1365750749753825,-0.5241675675240751,0.0,0.0,0.0,1000000.0,0.02,0
-5.724030100427127,-4.416927661204518,0.06531119784861339,0.0,0.0,0.0,1000000.0,0.02,0
-3.4779069358076162,-16.48156579135404,-1.100862449600644,0.0,0.0,0.0,1000000.0,0.02,0
1.0385222324424308,-7.2909554101739875,-1.4980163224509395,0.0,0.0,0.0,1000000.0,0.02,0
11.549578383538233,-14.02959867676129,0.8642730836008257,0.0,0.0,0.0,1000000.0,0.02,0
6.221543334389889,-5.123666770762416,-1.3506593231939599,0.0,0.0,0.0,1000000.0,0.02,0
2.6367061839437556,4.1024041142140835,0.4746166514096899,0.0,0.0,0.0,1000000.0,0.02,0
0.9461267496901206,-1.939789051886476,-0.6846004348216708,0.0,0.0,0.0,1000000.0,0.02,0
-0.14424168217969663,2.057032410827996,0.6736074970645589,0.0,0.0,0.0,1000000.0,0.02,0
4.490861909917825,-11.455701811887161,-1.3569238718623655,0.0,0.0,0.0,1000000.0,0.02,0
3.205095143601472,-3.200787255603302,-0.8922578880738836,0.0,0.0,0.0,1000000.0,0.02,0
-7.16725053787019,-2.6995955653835537,-1.6550688997365146,0.0,0.0,0.0,1000000.0,0.02,0
-0.4504944274768499,-1.4627102416724438,-0.6559850476936369,0.0,0.0,0.0,1000000.0,0.02,0
6.469092643563811,-1.5830056012108737,-1.5737860044288494,0.0,0.0,0.0,1000000.0,0.02,0
2.8075088007071,-3.1893973718037474,0.6594982480534011,0.0,0.0,0.0,1000000.0,0.02,0
0.0003422609057247936,0.29905462594794946,0.8222959763432716,0.0,0.0,0.0,1000000.0,0.02,0
1.6523955600968194,1.9622242758216588,0.306974104505354,0.0,0.0,0.0,1000000.0,0.02,0
16.795250499693303,-12.067218893793102,-0.3701670206870009,0.0,0.0,0.0,1000000.0,0.02,0
-10.82544741381385,-5.56900056464663,1.8656762764835921,0.0,0.0,0.0,1000000.0,0.02,0
0.9504051683224222,5.865436524546217,0.17152601769718956,0.0,0.0,0.0,1000000.0,0.02,0
8.649098326055928,-25.571033445287412,0.7733073936982819,0.0,0.0,0.0,1000000.0,0.02,0
-7.842940270895905,1.924159739949194,0.03412007529706429,0.0,0.0,0.0,1000000.0,0.02,0
1.4517437055274853,19.658947571132057,-0.7637733634151518,0.0,0.0,0.0,1000000.0,0.02,0
-3.154827242698751,11.813664696882599,1.8700370448783517,0.0,0.0,0.0,1000000.0,0.02,0
3.950344419444922,5.603847507820314,-1.1218578725170385,0.0,0.0,0.0,1000000.0,0.02,0
-9.773979525920137,17.329635656504035,0.5799862852170099,0.0,0.0,0.0,1000000.0,0.02,0
5.908365519361024,-8.522862625843532,0.8370323967138456,0.0,0.0,0.0,1000000.0,0.02,0
5.0501162661111465,4.916561380010506,0.7980734873769313,0.0,0.0,0.0,1000000.0,0.02,0
-3.037831032396866,1.097478391147198,0.735890876760763,0.0,0.0,0.0,1000000.0,0.02,0
8.945112774094552,-6.082043119629314,-1.408439260404566,0.0,0.0,0.0,1000000.0,0.02,0
4.157545996252482,3.5420711206581514,0.8314605912481197,0.0,0.0,0.0,1000000.0,0.02,0
-14.813296400126541,-9.705104971019399,0.10449970901320871,0.0,0.0,0.0,1000000.0,0.02,0
4.568672160105727,1.7309438818647185,-0.3726766243541535,0.0,0.0,0.0,1000000.0,0.02,0
0.2044409627658979,2.2316709483472374,0.7838580465440046,0.0,0.0,0.0,1000000.0,0.02,0
-5.210342981698159,0.10379871634565582,-0.40585205564700466,0.0,0.0,0.0,1000000.0,0.02,0
0.015673100813103528,-0.9619054616024395,1.7795991799515125,0.0,0.0,0.0,1000000.0,0.02,0
-0.8261369013673948,-0.9853208205466603,0.05860188629624208,0.0,0.0,0.0,1000000.0,0.02,0
7.1707554162299205,-10.5545466079796,1.1385193954842299,0.0,0.0,0.0,1000000.0,0.02,0
0.09159834357440964,-3.0740424328527127,0.05000604094514394,0.0,0.0,0.0,1000000.0,0.02,0
7.564445695344661,-5.571880650932443,-0.11017263268502298,0.0,0.0,0.0,1000000.0,0.02,0
2.1883333517362966,8.148067519144735,1.957757249066189,0.0,0.0,0.0,1000000.0,0.02,0
-11.033800512955438,6.532608384444338,0.3374388640111352,0.0,0.0,0.0,1000000.0,0.02,0
1.9890775306796866,0.757818385871182,0.15459907872949863,0.0,0.0,0.0,1000000.0,0.02,0
1.3276231305685717,-2.187733093903969,0.2801586817254522,0.0,0.0,0.0,1000000.0,0.02,0
-2.457954546576118,2.7289864100716215,-0.5140401667069918,0.0,0.0,0.0,1000000.0,0.02,0
-0.3371498538331543,0.04556335200608976,-1.4897317471611968,0.0,0.0,0.0,1000000.0,0.02,0
8.216601294240077,-3.165794068823043,-1.2579956478034378,0.0,0.0,0.0,1000000.0,0.02,0
11.15210835880929,4.042129831300592,0.12475144287712236,0.0,0.0,0.0,1000000.0,0.02,0
22.136422983297027,-5.2074798894349845,-1.017142938871988,0.0,0.0,0.0,1000000.0,0.02,0
0.07526351688899116,-5.953389630606527,-1.1861067377843924,0.0,0.0,0.0,1000000.0,0.02,0
1.6439533644225384,1.1823551323916062,-0.02520904145309366,0.0,0.0,0.0,1000000.0,0.02,0
16.961188630159153,-17.70250623717833,1.4032682999592954,0.0,0.0,0.0,1000000.0,0.02,0
-4.116208966460304,-13.261295136002435,0.4948917129994417,0.0,0.0,0.0,1000000.0,0.02,0
3.273866797828442,3.662939143421181,-0.6538085331382346,0.0,0.0,0.0,1000000.0,0.02,0
-19.153547801749507,-13.576241686751402,-0.5768752000071986,0.0,0.0,0.0,1000000.0,0.02,0
-0.36142203314792554,4.942476366404619,-0.854439467012396,0.0,0.0,0.0,1000000.0,0.02,0
2.486199922636597,0.06813828230268722,-1.0933943761397025,0.0,0.0,0.0,1000000.0,0.02,0
-2.842356936541043,1.2769962762593572,-0.35121469606662536,0.0,0.0,0.0,1000000.0,0.02,0
-7.582886182622204,-3.499116229896398,0.21505044957381703,0.0,0.0,0.0,1000000.0,0.02,0
20.1965203983842,0.17560926044992395,-0.07221913737035024,0.0,0.0,0.0,1000000.0,0.02,0
-7.4896362490599016,-4.375626572726162,-0.2586305117460128,0.0,0.0,0.0,1000000.0,0.02,0
-11.333676800353,-11.062046987472469,-0.17082599955057276,0.0,0.0,0.0,1000000.0,0.02,0
5.757621120953922,-5.171400764556693,-0.9138363615103486,0.0,0.0,0.0,1000000.0,0.02,0
10.909626718057671,6.2207311225345086,0.04527597058778898,0.0,0.0,0.0,1000000.0,0.02,0
-13.55488744122676,13.601302394126538,-0.16263591067766558,0.0,0.0,0.0,1000000.0,0.02,0
-0.46699555646442265,-0.6215084573114488,-0.4529677790859443,0.0,0.0,0.0,1000000.0,0.02,0
4.364703883425276,9.920907539872593,-0.06365501457762068,0.0,0.0,0.0,1000000.0,0.02,0
-3.6665771259152242,-0.3025245427186411,-0.06295662131887347,0.0,0.0,0.0,1000000.0,0.02,0
3.991164354608767,2.953115982552994,-0.14706847781930055,0.0,0.0,0.0,1000000.0,0.02,0
0.6793423372502781,1.047562598542402,0.21892205117941366,0.0,0.0,0.0,1000000.0,0.02,0
11.343858556255698,24.076770690712426,0.9901834494038164,0.0,0.0,0.0,1000000.0,0.02,0
-2.279733886528209,-4.780795452293582,0.10487279926061088,0.0,0.0,0.0,1000000.0,0.02,0
-0.4689130311839051,-4.457311466271411,-0.2273288533968758,0.0,0.0,0.0,1000000.0,0.02,0
-1.885119557990487,-8.262416359125442,0.396169812860915,0.0,0.0,0.0,1000000.0,0.02,0
0.09674517508905459,1.486687594313442,-0.0646731054612033,0.0,0.0,0.0,1000000.0,0.02,0
1.724727022800033,-6.601310124532736,1.2287472903304346,0.0,0.0,0.0,1000000.0,0.02,0
0.6106615073482172,1.8767060632787773,1.5228464001851094,0.0,0.0,0.0,1000000.0,0.02,0
-9.132290957743928,-7.40316589968365,0.29524485569226044,0.0,0.0,0.0,1000000.0,0.02,0
6.420061957612649,11.22729893331071,0.9327951730740773,0.0,0.0,0.0,1000000.0,0.02,0
1.685461564753734,0.00967111136464691,1.2588718984343128,0.0,0.0,0.0,1000000.0,0.02,0
17.463442055339783,-13.432761815845426,-0.1478998662852664,0.0,0.0,0.0,1000000.0,0.02,0
-2.7757897782633596,-5.074257870745069,-0.1941954229031948,0.0,0.0,0.0,1000000.0,0.02,0
0.4247882621246951,0.5502370676946506,0.656619280812504,0.0,0.0,0.0,1000000.0,0.02,0
13.228419346573785,-11.927787154881164,-1.8599895828739994,0.0,0.0,0.0,1000000.0,0.02,0
-3.8087720713836193,24.776414583989233,1.2920340047026695,0.0,0.0,0.0,1000000.0,0.02,0
2.7036970621768677,-9.60837341079579,-1.5665284410501013,0.0,0.0,0.0,1000000.0,0.02,0
-4.604538759547535,-4.642179264096129,0.3836624194168916,0.0,0.0,0.0,1000000.0,0.02,0
8.672992406434286,2.47701735405623,-0.5197331486082284,0.0,0.0,0.0,1000000.0,0.02,0
-7.855015333135024,12.054302095766825,-0.49108677955716207,0.0,0.0,0.0,1000000.0,0.02,0
10.968786080555017,4.124830566381058,0.6783388418222076,0.0,0.0,0.0,1000000.0,0.02,0
8.872843167564467,4.406650807533628,-1.0073673414828228,0.0,0.0,0.0,1000000.0,0.02,0
2.935248491281905,13.926867350638814,-0.5311422883139771,0.0,0.0,0.0,1000000.0,0.02,0
-11.877029969452485,13.375354518645635,-0.6046906245572439,0.0,0.0,0.0,1000000.0,0.02,0
1.4256097854663656,-19.92049090717488,-0.7538305679986728,0.0,0.0,0.0,1000000.0,0.02,0
-3.4618593946250744,0.5083331164065527,-1.170746926008551,0.0,0.0,0.0,1000000.0,0.02,0
1.6735203897290802,0.036727085723662435,0.4588504019961901,0.0,0.0,0.0,1000000.0,0.02,0
-5.201662268286792,-2.5084178666460453,-0.39677217693511313,0.0,0.0,0.0,1000000.0,0.02,0
0.4294038413212035,-1.982937138213083,-1.582402589003336,0.0,0.0,0.0,1000000.0,0.02,0
2.3262750450892518,2.9093714854133967,-0.5546929643701768,0.0,0.0,0.0,1000000.0,0.02,0
2.698643270900264,1.9334749470229668,-1.4594981335471857,0.0,0.0,0.0,1000000.0,0.02,0
-0.5157293309996328,-0.06057693828242279,-0.5260058724756833,0.0,0.0,0.0,1000000.0,0.02,0
-24.655749184786057,-16.65352627476711,-0.1387684528986295,0.0,0.0,0.0,1000000.0,0.02,0
-1.9855853700532227,3.3195835832793126,-0.7409819272943041,0.0,0.0,0.0,1000000.0,0.02,0
10.737725453658097,6.11466350572804,-0.13979286829841087,0.0,0.0,0.0,1000000.0,0.02,0
0.05160430374936426,-0.05494263592742815,0.19625083568415924,0.0,0.0,0.0,1000000.0,0.02,0
-2.7290486130546494,-4.779558063529707,0.5163091150044492,0.0,0.0,0.0,1000000.0,0.02,0
-5.484185245925491,4.135035263491231,-0.03772016161533909,0.0,0.0,0.0,1000000.0,0.02,0
-9.71816446462941,-3.039642455425756,0.3392558331311646,0.0,0.0,0.0,1000000.0,0.02,0
1.432557391270862,8.143025579726597,-0.8035894184639085,0.0,0.0,0.0,1000000.0,0.02,0
2.6119692841808315,1.3223922112865674,-0.2762465446959741,0.0,0.0,0.0,1000000.0,0.02,0
15.221375155715249,-15.540379151627896,-0.0012563941126098044,0.0,0.0,0.0,1000000.0,0.02,0
-0.12071142113581071,0.7982988123106773,-0.44830107954544385,0.0,0.0,0.0,1000000.0,0.02,0
-0.034208019016652165,0.15201908336125597,0.45212795654905236,0.0,0.0,0.0,1000000.0,0.02,0
-4.356460891689985,-4.973043118724563,-1.0089720713623613,0.0,0.0,0.0,1000000.0,0.02,0
0.04595926909197819,0.3880281941327427,-0.4969350251762945,0.0,0.0,0.0,1000000.0,0.02,0
-0.7321460751203457,0.32065850211599867,0.08930401853154635,0.0,0.0,0.0,1000000.0,0.02,0
-0.4407962585094434,8.338440596590504,-1.3063912641948754,0.0,0.0,0.0,1000000.0,0.02,0
3.8132636811814087,5.39396068258514,0.7330693861414126,0.0,0.0,0.0,1000000.0,0.02,0
-0.6839654460921603,0.26291982785565277,1.6304328419170222,0.0,0.0,0.0,1000000.0,0.02,0
-8.151193776546313,6.23382019547385,1.2212089650806437,0.0,0.0,0.0,1000000.0,0.02,0
3.7575248486622943,0.8799004934119814,0.48318616472708165,0.0,0.0,0.0,1000000.0,0.02,0
8.631445997643052,2.8130713413925794,1.9859026129541544,0.0,0.0,0.0,1000000.0,0.02,0
7.790826294555568,-8.393788917694842,1.5024490092841871,0.0,0.0,0.0,1000000.0,0.02,0
6.546894799139869,5.130679563920217,1.7403208465700715,0.0,0.0,0.0,1000000.0,0.02,0
1.8233357082765154,15.422790410108696,0.4132496721380692,0.0,0.0,0.0,1000000.0,0.02,0
6.307473155097083,14.105223490735046,-0.626221005658004,0.0,0.0,0.0,1000000.0,0.02,0
-18.482068036451157,1.9855932137111847,-0.4003067164751295,0.0,0.0,0.0,1000000.0,0.02,0
0.9381354989966447,0.5072081255396126,-0.3264314988538173,0.0,0.0,0.0,1000000.0,0.02,0
1.116268504411229,-0.0414672799226508,-0.8787361563774896,0.0,0.0,0.0,1000000.0,0.02,0
-0.2960579954601491,-0.03905111034663907,-0.8373291896560175,0.0,0.0,0.0,1000000.0,0.02,0
9.324233197995227,14.757384782506636,0.7935511860553195,0.0,0.0,0.0,1000000.0,0.02,0
3.542904440940065,-1.9233241973800952,0.3915753223699765,0.0,0.0,0.0,1000000.0,0.02,0
-4.1228421822592365,-13.65974022788564,0.29333612361220585,0.0,0.0,0.0,1000000.0,0.02,0
-1.4946970929713583,5.820332647337619,-1.1596281628868415,0.0,0.0,0.0,1000000.0,0.02,0
-3.3678095899582225,5.774223587838646,-0.3719282581272161,0.0,0.0,0.0,1000000.0,0.02,0
2.635907463307534,-0.7109771073411071,0.3192040915829901,0.0,0.0,0.0,1000000.0,0.02,0
-5.449626777688217,-21.64545341337314,-0.2951622567891512,0.0,0.0,0.0,1000000.0,0.02,0
1.534608817273867,1.2523138942662995,-0.4300424453422975,0.0,0.0,0.0,1000000.0,0.02,0
-2.315436530386454,1.820718283353969,1.311321510475202,0.0,0.0,0.0,1000000.0,0.02,0
-0.3794580495325101,-0.2567766099150175,-0.5454098624328392,0.0,0.0,0.0,1000000.0,0.02,0
2.9282569379425643,18.348097984204664,1.065737912016564,0.0,0.0,0.0,1000000.0,0.02,0
0.0162399391845804,-0.23907049651693754,-0.46370244634842006,0.0,0.0,0.0,1000000.0,0.02,0
0.9607490177652024,1.4272450579946425,0.7848693891753689,0.0,0.0,0.0,1000000.0,0.02,0
-2.811986328345284,1.4753757949292305,-1.9167129682077304,0.0,0.0,0.0,1000000.0,0.02,0
2.75435557591745,0.5920385870325725,-0.2676198737190374,0.0,0.0,0.0,1000000.0,0.02,0
-3.233789008483261,-2.852803427879891,-0.6535411842379828,0.0,0.0,0.0,1000000.0,0.02,0
5.815760966693176,-1.6741197558751428,-0.8094103972142559,0.0,0.0,0.0,1000000.0,0.02,0
3.0350411995177704,-9.986481234314356,-1.8288870858316937,0.0,0.0,0.0,1000000.0,0.02,0
0.39860026640950785,-0.44198842442349323,0.9311632442487081,0.0,0.0,0.0,1000000.0,0.02,0
-2.941714113531775,1.130132170986498,-1.0664265575433793,0.0,0.0,0.0,1000000.0,0.02,0
-5.351137752614021,-6.2910796667697415,0.555066290602535,0.0,0.0,0.0,1000000.0,0.02,0
15.09395664018105,-7.598372697647822,0.20532662277683933,0.0,0.0,0.0,1000000.0,0.02,0
-0.2430629754261618,0.37356183624807143,1.0144032903550544,0.0,0.0,0.0,1000000.0,0.02,0
-0.7956231425327884,1.407865160307999,-0.32396943427216485,0.0,0.0,0.0,1000000.0,0.02,0
-9.260582934919384,4.643470474516901,0.322516393005575,0.0,0.0,0.0,1000000.0,0.02,0
-0.5185878683074594,5.8560298534956665,1.0037317556894392,0.0,0.0,0.0,1000000.0,0.02,0
-5.4899004553537125,4.753202102676066,1.2456933529181633,0.0,0.0,0.0,1000000.0,0.02,0
-0.5181992221089551,-1.858492359363442,-0.1203970641789951,0.0,0.0,0.0,1000000.0,0.02,0
4.8878108115110805,-0.019084233138538707,0.9305095316459004,0.0,0.0,0.0,1000000.0,0.02,0
-6.3081125303485095,-3.3324104167400797,0.7133970666464915,0.0,0.0,0.0,1000000.0,0.02,0
-3.65965766731174,8.972429619055548,-1.0572302172920862,0.0,0.0,0.0,1000000.0,0.02,0
-4.811025068916481,-5.49396673516061,0.36804637246618377,0.0,0.0,0.0,1000000.0,0.02,0
2.1148294141899684,-0.4954337823734945,-0.24463071493735455,0.0,0.0,0.0,1000000.0,0.02,0
-27.75254991943764,5.870511556282249,1.8354952848449706,0.0,0.0,0.0,1000000.0,0.02,0
0.1680874364220549,-0.11183438985336007,0.3378707666310099,0.0,0.0,0.0,1000000.0,0.02,0
-0.020313335531116344,12.239893809757259,-0.6033630411926012,0.0,0.0,0.0,1000000.0,0.02,0
1.473685914070452,-1.1653438997224181,0.015681432927655337,0.0,0.0,0.0,1000000.0,0.02,0
9.954308053784702,-1.3874807210002753,1.7311533186823977,0.0,0.0,0.0,1000000.0,0.02,0
-0.5022395958067787,-0.5414030889841873,0.0609414278154059,0.0,0.0,0.0,1000000.0,0.02,0
0.03509569200361524,0.3268279409327555,-0.16762145173600995,0.0,0.0,0.0,1000000.0,0.02,0
0.2195005966967041,1.942367824827389,-1.0591860632249475,0.0,0.0,0.0,1000000.0,0.02,0
-0.6807680675388553,-1.3588739621129253,-1.4751107421271428,0.0,0.0,0.0,1000000.0,0.02,0
13.963691635765368,9.65406768000448,-0.8148175091956826,0.0,0.0,0.0,1000000.0,0.02,0
-8.47803741410178,6.57529986307815,-0.1436791845448715,0.0,0.0,0.0,1000000.0,0.02,0
5.926286454547069,5.279341692837113,-0.08169075711600282,0.0,0.0,0.0,1000000.0,0.02,0
-17.29377969799725,-6.859713468079497,0.8358630535730427,0.0,0.0,0.0,1000000.0,0.02,0
11.937022510586235,-7.591970306311861,-0.3427456112834353,0.0,0.0,0.0,1000000.0,0.02,0
-0.4610324370045357,0.2818535564856277,-0.4312453813255388,0.0,0.0,0.0,1000000.0,0.02,0
-0.8442399851627711,10.237101562911347,-0.1240128934375111,0.0,0.0,0.0,1000000.0,0.02,0
-0.08254919354720433,-2.1051733494823783,1.8141253565720712,0.0,0.0,0.0,1000000.0,0.02,0
2.6967224343624188,-12.773325822203525,0.4263968089743049,0.0,0.0,0.0,1000000.0,0.02,0
-0.855718779384521,-0.05632363115140803,0.06523379439300925,0.0,0.0,0.0,1000000.0,0.02,0
-4.180075683124319,-21.400626735402746,0.012833875900428282,0.0,0.0,0.0,1000000.0,0.02,0
-0.5202880926591658,2.081326677557459,-0.8609259261232847,0.0,0.0,0.0,1000000.0,0.02,0
3.79658472132709,1.4629343466381364,-1.1822446864704066,0.0,0.0,0.0,1000000.0,0.02,0
1.943155107545466,-0.7755447896954147,-0.007711657060716526,0.0,0.0,0.0,1000000.0,0.02,0
-1.0863498559904383,-0.43532121724421263,-0.06845686065937784,0.0,0.0,0.0,1000000.0,0.02,0
-12.922970031569198,-0.5556481931990764,0.41562699335404574,0.0,0.0,0.0,1000000.0,0.02,0
-4.83160498523086,-5.6023967488258,0.5243982964530307,0.0,0.0,0.0,1000000.0,0.02,0
2.1190231543150393,2.8002541160328063,1.0542036606826324,0.0,0.0,0.0,1000000.0,0.02,0
2.9623456688913574,-0.8218176919597777,1.7270937373121713,0.0,0.0,0.0,1000000.0,0.02,0
-1.135857976083219,-11.13174963376058,0.8897718741751302,0.0,0.0,0.0,1000000.0,0.02,0
0.20747310446657075,-8.926147265717814,0.13712494673874787,0.0,0.0,0.0,1000000.0,0.02,0
-2.257534415548965,-29.188437419878735,0.0017347506390823497,0.0,0.0,0.0,1000000.0,0.02,0
3.75431864475056,-14.699295614474158,0.3919760898082041,0.0,0.0,0.0,1000000.0,0.02,0
-0.6883634690301451,3.939373989776011,1.4883312996615494,0.0,0.0,0.0,1000000.0,0.02,0
10.914714543770518,-19.49767543898563,-0.5397080689263145,0.0,0.0,0.0,1000000.0,0.02,0
-0.30291147528669377,-2.659974132823416,1.6604589847236477,0.0,0.0,0.0,1000000.0,0.02,0
10.550288940244249,2.938030376754173,1.6385219407516507,0.0,0.0,0.0,1000000.0,0.02,0
-0.5424276512309574,-16.4317288936348,-0.3243352701489828,0.0,0.0,0.0,1000000.0,0.02,0
0.3996912941843483,-0.611421199895382,0.018586278341698126,0.0,0.0,0.0,1000000.0,0.02,0
10.24751210661497,8.499881883155606,1.4482957905601452,0.0,0.0,0.0,1000000.0,0.02,0
4.817404772578912,3.2689801296734156,-0.10916823205774229,0.0,0.0,0.0,1000000.0,0.02,0
-6.956362706203986,-0.16628528647393456,-0.4139809643529553,0.0,0.0,0.0,1000000.0,0.02,0
-15.376843654806507,7.950903136608047,0.2607257805776335,0.0,0.0,0.0,1000000.0,0.02,0
-2.4578413677807913,5.009291886477638,0.29491903117007556,0.0,0.0,0.0,1000000.0,0.02,0
-7.7911233067386005,12.381264668787106,0.3481812111263771,0.0,0.0,0.0,1000000.0,0.02,0
-23.646349021203967,3.5730337044647524,-1.0036643425109117,0.0,0.0,0.0,1000000.0,0.02,0
-4.667144977210406,-1.876470229963821,-0.5201042013569159,0.0,0.0,0.0,1000000.0,0.02,0
2.4338174860075767,4.409415477699484,1.4010550827326709,0.0,0.0,0.0,1000000.0,0.02,0
7.9834690649511355,1.8916094799623038,-1.3023151452644957,0.0,0.0,0.0,1000000.0,0.02,0
-5.877046588416949,-5.3908112676937305,1.8364069552114044,0.0,0.0,0.0,1000000.0,0.02,0
6.146424286926776,-2.7679957786332556,0.09100751939429408,0.0,0.0,0.0,1000000.0,0.02,0
8.413521808573522,0.4616432905027612,0.4016062753208809,0.0,0.0,0.0,1000000.0,0.02,0
-1.9771070191773228,3.9518967842671464,-0.4669615564504106,0.0,0.0,0.0,1000000.0,0.02,0
6.358550042619353,20.30957085016108,0.6646109510992853,0.0,0.0,0.0,1000000.0,0.02,0
6.044682926309287,-17.876209493885366,0.3651049110313309,0.0,0.0,0.0,1000000.0,0.02,0
-5.559009330568486,-3.535686836710791,-0.2885343752589158,0.0,0.0,0.0,1000000.0,0.02,0
4.272066078137864,3.9098260050519977,0.24144372319003438,0.0,0.0,0.0,1000000.0,0.02,0
3.874292181932893,3.1635515304088715,-1.0079620810167063,0.0,0.0,0.0,1000000.0,0.02,0
-16.609298466101613,0.24812553901427073,0.26275211437295276,0.0,0.0,0.0,1000000.0,0.02,0
-2.256002355029903,-10.24604727543447,-0.3414462541222232,0.0,0.0,0.0,1000000.0,0.02,0
7.379076273478193,7.380570487119403,-0.19948014580123719,0.0,0.0,0.0,1000000.0,0.02,0
9.214934726912208,22.936586951280304,-0.07449849081625448,0.0,0.0,0.0,1000000.0,0.02,0
8.90046699128854,10.956792668609307,0.8970524066191645,0.0,0.0,0.0,1000000.0,0.02,0
-0.44205208585527767,6.049620281901873,0.058832606866885406,0.0,0.0,0.0,1000000.0,0.02,0
0.03018487621941117,-2.1261792653532363,0.6573325082674399,0.0,0.0,0.0,1000000.0,0.02,0
-19.699896672064977,7.136527026940229,-0.5604655553561795,0.0,0.0,0.0,1000000.0,0.02,0
9.725691740697568,4.088480653132352,0.8800482330690649,0.0,0.0,0.0,1000000.0,0.02,0
2.8602017973608853,-1.1672607141755453,0.921801822905941,0.0,0.0,0.0,1000000.0,0.02,0
2.8067394357562936,9.899875179401793,0.12963171688715835,0.0,0.0,0.0,1000000.0,0.02,0
-9.150347132393795,-2.7823707879674466,-0.8434607186818903,0.0,0.0,0.0,1000000.0,0.02,0
-1.0725837114886223,0.9887903038950397,-0.272134502316038,0.0,0.0,0.0,1000000.0,0.02,0
-4.289759417959828,-12.649841519687477,0.2125597925560596,0.0,0.0,0.0,1000000.0,0.02,0
6.229741496915202,-11.387721236847616,1.4727003598011636,0.0,0.0,0.0,1000000.0,0.02,0
1.689988090378245,3.259632603893378,1.14804374900734,0.0,0.0,0.0,1000000.0,0.02,0
-21.22989830444086,-5.861630961142261,0.27337315431609266,0.0,0.0,0.0,1000000.0,0.02,0
15.091562001320625,-2.2359987373455814,-0.08608764775636146,0.0,0.0,0.0,1000000.0,0.02,0
1.2744831995105248,0.335306247209135,1.4127179006259505,0.0,0.0,0.0,1000000.0,0.02,0
-0.5900227270853089,-3.784352192486122,0.0409303976641775,0.0,0.0,0.0,1000000.0,0.02,0
-13.876754518318101,-21.501735227116736,1.3947964241620605,0.0,0.0,0.0,1000000.0,0.02,0
15.698180464475989,14.83693833375498,-1.3596675626929358,0.0,0.0,0.0,1000000.0,0.02,0
-5.096542975042909,7.804198906485221,-0.2310028411831846,0.0,0.0,0.0,1000000.0,0.02,0
-11.9818849837957,-6.424448961831564,0.3628568184104859,0.0,0.0,0.0,1000000.0,0.02,0
5.498875848083955,11.587315711647655,0.32124195759671625,0.0,0.0,0.0,1000000.0,0.02,0
9.682165678162232,-4.282859601493317,-0.8328661332263936,0.0,0.0,0.0,1000000.0,0.02,0
-16.40263587948173,-3.105254432887155,-0.2660707465456982,0.0,0.0,0.0,1000000.0,0.02,0
-0.9627043812850464,6.539139335076205,0.047792801874688706,0.0,0.0,0.0,1000000.0,0.02,0
-18.141417599894496,-17.759102669719308,-0.4928166934145164,0.0,0.0,0.0,1000000.0,0.02,0
-5.582854653351254,-15.503965869425722,0.25519615805991513,0.0,0.0,0.0,1000000.0,0.02,0
4.890085789684165,-11.869649557044012,0.5682659963950654,0.0,0.0,0.0,1000000.0,0.02,0
-26.535256383747836,-5.282100286845827,-0.08369362462169594,0.0,0.0,0.0,1000000.0,0.02,0
1.996362562629358,-0.02321067551458574,1.1975657380719298,0.0,0.0,0.0,1000000.0,0.02,0
0.6488596085908986,0.9168122664974302,-0.03132456918936466,0.0,0.0,0.0,1000000.0,0.02,0
-3.2917772331955377,-2.528322102951392,0.6455633619813375,0.0,0.0,0.0,1000000.0,0.02,0
-5.911811286177883,2.125370270463466,0.06019903087079026,0.0,0.0,0.0,1000000.0,0.02,0
7.631493604427605,7.815067868905328,0.7578069564622272,0.0,0.0,0.0,1000000.0,0.02,0
-1.6436367023723255,-3.523112775029342,0.3350778308618727,0.0,0.0,0.0,1000000.0,0.02,0
1.7523900581154943,-1.2474500704620006,0.48719452374832084,0.0,0.0,0.0,1000000.0,0.02,0
-2.8265035173049657,1.8247103282305759,1.1212514907077384,0.0,0.0,0.0,1000000.0,0.02,0
-0.688162522033798,-0.8829105467085633,-0.45694879208538275,0.0,0.0,0.0,1000000.0,0.02,0
-0.9571496377670247,3.3889202439781383,0.2421805260758143,0.0,0.0,0.0,1000000.0,0.02,0
14.436561586523334,4.210186708671045,-0.04896632416972668,0.0,0.0,0.0,1000000.0,0.02,0
11.394931251542307,-2.210419031489812,-1.4138589701433935,0.0,0.0,0.0,1000000.0,0.02,0
10.347036423650101,3.5606378749572025,0.07917215874646999,0.0,0.0,0.0,1000000.0,0.02,0
-11.783242577464257,-1.465042151765431,-1.9632692552041382,0.0,0.0,0.0,1000000.0,0.02,0
-3.8604464543917967,-6.179426383462206,0.16963790356160846,0.0,0.0,0.0,1000000.0,0.02,0
5.011365363651672,6.101181384896207,0.9783519385652228,0.0,0.0,0.0,1000000.0,0.02,0
14.925290500757189,1.6227387903585213,-0.18803556557799705,0.0,0.0,0.0,1000000.0,0.02,0
3.6490376159983735,1.169948667102159,-0.33128692916566216,0.0,0.0,0.0,1000000.0,0.02,0
-2.117401246415148,-14.290723352141589,0.7762766482719812,0.0,0.0,0.0,1000000.0,0.02,0
-1.4567173411516454,-1.9214872106582468,-0.42807905592176887,0.0,0.0,0.0,1000000.0,0.02,0
4.833147494603568,-9.647028145788504,0.24026302404707067,0.0,0.0,0.0,1000000.0,0.02,0
-8.315991075670643,2.0604062875168454,-1.2852674612059332,0.0,0.0,0.0,1000000.0,0.02,0
-14.00940359855552,13.799806602920073,-0.559057993604891,0.0,0.0,0.0,1000000.0,0.02,0
18.409119417814665,7.441807785323141,-0.8317246894790626,0.0,0.0,0.0,1000000.0,0.02,0
-12.571059827987563,9.827899507095236,-0.6925961598953849,0.0,0.0,0.0,1000000.0,0.02,0
14.955085328002083,0.8217796613624991,-1.8190061328178961,0.0,0.0,0.0,1000000.0,0.02,0
-3.2191604719769913,-2.817982498079381,0.4816047221195374,0.0,0.0,0.0,1000000.0,0.02,0
-1.35376126549427,-0.22822250314377704,-0.06113032105100302,0.0,0.0,0.0,1000000.0,0.02,0
5.749152358382436,-5.157863574790804,-0.07316594443604885,0.0,0.0,0.0,1000000.0,0.02,0
-4.674898784898868,-7.579854786470582,-0.168394549336921,0.0,0.0,0.0,1000000.0,0.02,0
21.516567514622405,-3.988118434582442,-0.06879877624191888,0.0,0.0,0.0,1000000.0,0.02,0
0.4562739640760004,-10.566174231803325,-0.40542803469601196,0.0,0.0,0.0,1000000.0,0.02,0
1.33808279694404,-6.885344548635135,-0.4759258131157784,0.0,0.0,0.0,1000000.0,0.02,0
-2.005657855989423,-16.787974546980767,0.3140010078381472,0.0,0.0,0.0,1000000.0,0.02,0
5.616104328749386,-5.154968145001225,-0.34735167351777996,0.0,0.0,0.0,1000000.0,0.02,0
-0.2185347894335913,-0.2566474069167559,-0.96171991347292,0.0,0.0,0.0,1000000.0,0.02,0
-9.329266503622152,9.324342109340847,0.5288500555155897,0.0,0.0,0.0,1000000.0,0.02,0
-1.084472959082687,3.607500139839256,0.5800465931110423,0.0,0.0,0.0,1000000.0,0.02,0
-0.03790139055393811,0.7845779314952589,0.12267098584800973,0.0,0.0,0.0,1000000.0,0.02,0
-4.199442137912031,-10.693831004600199,0.4170026619527629,0.0,0.0,0.0,1000000.0,0.02,0
-2.512681679564404,5.165024113390031,-1.7636301791486435,0.0,0.0,0.0,1000000.0,0.02,0
14.392468773106483,0.7087210334556231,-0.6310132660524284,0.0,0.0,0.0,1000000.0,0.02,0
-2.3715099676924973,-8.089138840039686,-0.28901914476222057,0.0,0.0,0.0,1000000.0,0.02,0
-6.9246756040386845,6.178454033777327,0.2298407120371122,0.0,0.0,0.0,1000000.0,0.02,0
-3.9964071368138128,10.911078206649979,-0.30998736960859574,0.0,0.0,0.0,1000000.0,0.02,0
0.6431680907949744,0.10231429674718708,0.6971758750848744,0.0,0.0,0.0,1000000.0,0.02,0
-1.3547094602614327,-0.02001402920313955,-0.7315048129428332,0.0,0.0,0.0,1000000.0,0.02,0
8.01544040739934,7.241115933291542,0.18265896329232767,0.0,0.0,0.0,1000000.0,0.02,0
-0.9035719502901584,-0.1682370459765745,-0.708824844663809,0.0,0.0,0.0,1000000.0,0.02,0
3.325248930839617,-4.131161908426197,-0.03539884993860909,0.0,0.0,0.0,1000000.0,0.02,0
-0.3462746791487378,-9.758681561588515,1.0621778107479098,0.0,0.0,0.0,1000000.0,0.02,0
-2.942815405880996,-5.1591521836997085,1.298546512093485,0.0,0.0,0.0,1000000.0,0.02,0
24.52361456831774,2.5251861182367765,0.020311559459167405,0.0,0.0,0.0,1000000.0,0.02,0
4.390680265067957,0.5476541931812972,0.8079029377375093,0.0,0.0,0.0,1000000.0,0.02,0
1.499416029460903,0.3462608487291808,-0.7969279060694028,0.0,0.0,0.0,1000000.0,0.02,0
-11.702374569587095,1.3525384058523744,-1.5704309262601681,0.0,0.0,0.0,1000000.0,0.02,0
8.007768154715485,-12.732060797707117,0.811035428426294,0.0,0.0,0.0,1000000.0,0.02,0
-0.35970338315977746,-8.542638966400839,0.655159423675717,0.0,0.0,0.0,1000000.0,0.02,0
2.7501646341842805,3.625203797783815,0.02150141629476998,0.0,0.0,0.0,1000000.0,0.02,0
1.9962279023759366,-8.049379655329231,-1.6355312518107867,0.0,0.0,0.0,1000000.0,0.02,0
2.918178645134574,3.5430458012446024,0.36187436748381074,0.0,0.0,0.0,1000000.0,0.02,0
-3.2677646513886147,2.577936685344181,0.3312744011262714,0.0,0.0,0.0,1000000.0,0.02,0
-4.846428351819494,9.331227795907695,0.050444065809279515,0.0,0.0,0.0,1000000.0,0.02,0
-23.538261388476194,-1.5933522616072067,-0.2285413996612471,0.0,0.0,0.0,1000000.0,0.02,0
-11.317351927786053,19.676182835481715,0.5710998106142471,0.0,0.0,0.0,1000000.0,0.02,0
-0.8804472954495091,-23.57776226835769,0.465409900306776,0.0,0.0,0.0,1000000.0,0.02,0
0.31053665379824835,-3.34374401799939,0.7175737898156083,0.0,0.0,0.0,1000000.0,0.02,0
0.38995728116399997,-0.720800243140943,0.5676161906116439,0.0,0.0,0.0,1000000.0,0.02,0
0.6595935983499546,-0.0938440946359753,-0.8266600597771694,0.0,0.0,0.0,1000000.0,0.02,0
8.676986368727862,4.611822926579973,0.9079334478090111,0.0,0.0,0.0,1000000.0,0.02,0
1.037382474389667,-0.850953620451596,0.7762560774611442,0.0,0.0,0.0,1000000.0,0.02,0
-1.8803149317437402,-4.70074779461913,-0.10861447775662114,0.0,0.0,0.0,1000000.0,0.02,0
11.738116828448632,6.1127726466154275,0.004433994214814163,0.0,0.0,0.0,1000000.0,0.02,0
7.9351892871667955,1.1956506462338714,-1.7137536308115315,0.0,0.0,0.0,1000000.0,0.02,0
-6.663719785806067,0.21882907879173022,-0.007696670077496748,0.0,0.0,0.0,1000000.0,0.02,0
10.55535351994119,-12.20606201098384,-0.04063871226289972,0.0,0.0,0.0,1000000.0,0.02,0
-0.3451899281922778,0.5869316026739013,-0.40330068656556506,0.0,0.0,0.0,1000000.0,0.02,0
0.2897341270458008,0.2996584564748549,-0.11903493378558494,0.0,0.0,0.0,1000000.0,0.02,0
-7.972779952614413,-16.948667710128788,-0.05404884191389936,0.0,0.0,0.0,1000000.0,0.02,0
1.2463155914802497,19.181711315332326,-1.5997759150910245,0.0,0.0,0.0,1000000.0,0.02,0
-7.265548258480549,3.702496972974295,-0.08586607273411406,0.0,0.0,0.0,1000000.0,0.02,0
-0.12619874989034677,-4.264676013314361,0.830967313851322,0.0,0.0,0.0,1000000.0,0.02,0
12.699158644064367,-7.755388686770592,0.5398566166747543,0.0,0.0,0.0,1000000.0,0.02,0
1.2767901430059543,2.7376280340049273,-1.1773508293648867,0.0,0.0,0.0,1000000.0,0.02,0
1.2279357992953241,0.4962293808191485,0.42337764345705065,0.0,0.0,0.0,1000000.0,0.02,0
-0.0052242724193717555,-0.5522802542192733,-0.29274599738239804,0.0,0.0,0.0,1000000.0,0.02,0
-3.3229580898618125,1.3158383343995774,0.19272634615624185,0.0,0.0,0.0,1000000.0,0.02,0
1.5438481570759457,-12.260912809007687,-0.6840572699314551,0.0,0.0,0.0,1000000.0,0.02,0
1.4338482611832222,10.465430448531567,-1.7551651544738514,0.0,0.0,0.0,1000000.0,0.02,0
16.15691410782457,-10.36326836909339,0.35798726182573937,0.0,0.0,0.0,1000000.0,0.02,0
-19.337073070771716,15.7731192057643,-0.5450811128573472,0.0,0.0,0.0,1000000.0,0.02,0
0.7198234916885388,2.0164729878456695,-0.4676139568015447,0.0,0.0,0.0,1000000.0,0.02,0
4.3633676102600765,5.517275368066309,0.16674060202254637,0.0,0.0,0.0,1000000.0,0.02,0
9.903989969618525,10.752882558437294,-0.5297607174489309,0.0,0.0,0.0,1000000.0,0.02,0
9.014061161765595,7.981137624537809,-0.47561988714071823,0.0,0.0,0.0,1000000.0,0.02,0
-1.684281145665571,3.2062320686071177,0.27597881734041874,0.0,0.0,0.0,1000000.0,0.02,0
-3.483287562188346,-25.508696479022248,-0.2898971646808084,0.0,0.0,0.0,1000000.0,0.02,0
-2.5638666607031144,3.7475246897570265,0.7312247676587669,0.0,0.0,0.0,1000000.0,0.02,0
14.799603194530338,9.279887513519256,0.02254537001409762,0.0,0.0,0.0,1000000.0,0.02,0
-0.4509686112513733,-9.051990428213951,0.20146248492654095,0.0,0.0,0.0,1000000.0,0.02,0
4.216550244011055,2.6806613272103617,0.006415795944715086,0.0,0.0,0.0,1000000.0,0.02,0
18.813818985418905,6.34188935386489,1.3351231733878492,0.0,0.0,0.0,1000000.0,0.02,0
-8.35612460715992,-1.5762262911024714,-0.468435362770002,0.0,0.0,0.0,1000000.0,0.02,0
-6.892773929628287,-4.605951041622002,0.7338465148186089,0.0,0.0,0.0,1000000.0,0.02,0
15.662641420445325,-8.546716676040361,0.6239400103366535,0.0,0.0,0.0,1000000.0,0.02,0
0.07889890801543231,-0.08906050357059248,0.2175734479935958,0.0,0.0,0.0,1000000.0,0.02,0
-1.7569015326296602,6.999569416891695,-0.6007784858860656,0.0,0.0,0.0,1000000.0,0.02,0
-0.3327082280300426,-1.122334537448936,-1.5543070330635276,0.0,0.0,0.0,1000000.0,0.02,0
4.702965252081905,6.820261493583857,0.9821258975899934,0.0,0.0,0.0,1000000.0,0.02,0
2.9798727467967865,-8.681103451270452,-1.024094653273539,0.0,0.0,0.0,1000000.0,0.02,0
23.238571138988803,7.593197153726763,0.40775939564769104,0.0,0.0,0.0,1000000.0,0.02,0
-9.690295561106115,-9.48320508997033,1.6799664980985725,0.0,0.0,0.0,1000000.0,0.02,0
2.5995960561098173,-1.882788767502929,-0.45370510851615364,0.0,0.0,0.0,1000000.0,0.02,0
-20.603838463316055,-4.282393181009232,0.6381401153273707,0.0,0.0,0.0,1000000.0,0.02,0
5.024816483259028,-0.3979625374174476,1.8893573934346177,0.0,0.0,0.0,1000000.0,0.02,0
-3.295410311397685,-10.077194545345083,-0.06495747989906686,0.0,0.0,0.0,1000000.0,0.02,0
-1.938478260988692,-1.37702071943561,-0.44762696263741475,0.0,0.0,0.0,1000000.0,0.02,0
4.2324153839806025,-15.203195633687521,1.5739467074082052,0.0,0.0,0.0,1000000.0,0.02,0
1.298254494077456,-7.404390675994435,0.25225248917541876,0.0,0.0,0.0,1000000.0,0.02,0
-8.184991612204465,5.377004164633524,-0.5714724991965854,0.0,0.0,0.0,1000000.0,0.02,0
-2.0103419675150946,1.5760260409627918,1.2304520067290339,0.0,0.0,0.0,1000000.0,0.02,0
2.8925838780392246,0.8328516684751498,0.4061343879953947,0.0,0.0,0.0,1000000.0,0.02,0
-0.5606558359209514,3.6021555756495056,0.2407486771885976,0.0,0.0,0.0,1000000.0,0.02,0
-15.027172775226129,3.891742209581519,1.7473992089806663,0.0,0.0,0.0,1000000.0,0.02,0
-4.530358323925289,5.116107170971428,-0.12369893034609802,0.0,0.0,0.0,1000000.0,0.02,0
12.86865816778325,-1.5610252400069926,-1.3063845916411214,0.0,0.0,0.0,1000000.0,0.02,0
0.19588001071954803,1.619144475097987,-1.1621197076185146,0.0,0.0,0.0,1000000.0,0.02,0
-13.868627420759896,16.88382038905333,-0.15620485876666912,0.0,0.0,0.0,1000000.0,0.02,0
-0.13938307463674837,0.23973777973405178,0.28314281257297846,0.0,0.0,0.0,1000000.0,0.02,0
2.066474871531156,-2.6747304280760584,-1.827324655354344,0.0,0.0,0.0,1000000.0,0.02,0
6.8140498533583616,-5.5791102031817195,0.2760914157353058,0.0,0.0,0.0,1000000.0,0.02,0
-11.060752068706119,10.024863338544732,-1.731168033227017,0.0,0.0,0.0,1000000.0,0.02,0
-12.536528836752105,-1.2585694693507763,0.9460504091813604,0.0,0.0,0.0,1000000.0,0.02,0
-0.5273082556166406,-3.616067510430318,-1.0708934168311375,0.0,0.0,0.0,1000000.0,0.02,0
-1.8038285989252627,4.458115833583485,-0.07490847281263857,0.0,0.0,0.0,1000000.0,0.02,0
-0.42061875034832724,0.3213156704531123,0.5040476414505992,0.0,0.0,0.0,1000000.0,0.02,0
-5.456897632163225,-3.7555854292354898,-0.7744349277965359,0.0,0.0,0.0,1000000.0,0.02,0
-0.9039961740324481,-3.0466261388310176,-1.420689095529874,0.0,0.0,0.0,1000000.0,0.02,0
-2.2212591060872406,6.583760324758672,0.4608351217974809,0.0,0.0,0.0,1000000.0,0.02,0
0.3393154670280461,5.742737695040177,0.3604774522558616,0.0,0.0,0.0,1000000.0,0.02,0
-2.5089282148934453,-8.855976593563547,-0.9353468203941873,0.0,0.0,0.0,1000000.0,0.02,0
1.6083094656236228,-2.2126637439618277,-1.1805255573358302,0.0,0.0,0.0,1000000.0,0.02,0
4.728740528869804,-10.306102130325929,1.7342419595815963,0.0,0.0,0.0,1000000.0,0.02,0
-1.6817176382445973,-2.5373851552310223,-0.3469884574648967,0.0,0.0,0.0,1000000.0,0.02,0
6.886389075496782,8.900143972334186,0.8892216761653904,0.0,0.0,0.0,1000000.0,0.02,0
14.4130710206966,6.883464858251014,-0.6644163015756863,0.0,0.0,0.0,1000000.0,0.02,0
-3.731535595219284,-15.921138871507463,0.17798180543021935,0.0,0.0,0.0,1000000.0,0.02,0
-2.3242901256611668,-2.348960656069514,-0.3846279780580044,0.0,0.0,0.0,1000000.0,0.02,0
4.039476786483389,7.45494274812641,0.29138951449211437,0.0,0.0,0.0,1000000.0,0.02,0
-0.46575239148538955,-0.27909773493539386,0.25349895446721504,0.0,0.0,0.0,1000000.0,0.02,0
1.334195019342591,1.9344503898649883,-0.633067700945662,0.0,0.0,0.0,1000000.0,0.02,0
-6.617300974912016,-2.920184248740583,0.34439421173172047,0.0,0.0,0.0,1000000.0,0.02,0
17.979973009140835,-9.030777290410795,0.317787472042121,0.0,0.0,0.0,1000000.0,0.02,0
-13.3111644559077,-6.218154295193206,-0.5856621988693442,0.0,0.0,0.0,1000000.0,0.02,0
-5.680837338525541,20.09300160875455,0.15807038792695138,0.0,0.0,0.0,1000000.0,0.02,0
-13.684302693981996,-2.9621146262065623,-1.2579516338079229,0.0,0.0,0.0,1000000.0,0.02,0
-4.559809461745357,-0.3327030073249713,-1.0436007740196613,0.0,0.0,0.0,1000000.0,0.02,0
-0.3936561583840972,-0.762904349271421,-0.0864594638651015,0.0,0.0,0.0,1000000.0,0.02,0
-18.366233974960483,-2.369305851649312,0.5339073362152629,0.0,0.0,0.0,1000000.0,0.02,0
20.271510780249514,1.0274512326143497,0.7419423788716539,0.0,0.0,0.0,1000000.0,0.02,0
-12.446840858726441,-4.4940847245849636,0.7955108888109761,0.0,0.0,0.0,1000000.0,0.02,0
0.7651696942562866,-0.14151127807519945,-1.3150132239157433,0.0,0.0,0.0,1000000.0,0.02,0
-22.252452281100805,5.401098061025495,-0.1323306815655858,0.0,0.0,0.0,1000000.0,0.02,0
-9.1358591682657,-3.9875366646085175,0.152376455101221,0.0,0.0,0.0,1000000.0,0.02,0
20.762231526575817,-18.933924361796787,-0.9875612690607873,0.0,0.0,0.0,1000000.0,0.02,0
-1.4865160157731352,-5.422424349278387,-0.17904038198049488,0.0,0.0,0.0,1000000.0,0.02,0
-4.8989163621095475,-1.9040355423843087,-0.20686428039422555,0.0,0.0,0.0,1000000.0,0.02,0
-19.523054112074142,-1.1627527334149184,0.3148269288436092,0.0,0.0,0.0,1000000.0,0.02,0
0.9181237728477923,1.5421773637310288,1.1640392887949549,0.0,0.0,0.0,1000000.0,0.02,0
4.281708973419466,-2.31317495021623,1.1562599466868528,0.0,0.0,0.0,1000000.0,0.02,0
0.5029702000919865,-9.726198222395062,-0.7564719069016483,0.0,0.0,0.0,1000000.0,0.02,0
-8.777974696223191,-0.9180729194805801,0.11704665870206288,0.0,0.0,0.0,1000000.0,0.02,0
9.31412779169923,3.5371509704343254,0.7828664107636918,0.0,0.0,0.0,1000000.0,0.02,0
2.449104593807237,-5.988754740158944,-0.07852155526231641,0.0,0.0,0.0,1000000.0,0.02,0
4.565769615155385,-24.293592747279565,0.4982500361606439,0.0,0.0,0.0,1000000.0,0.02,0
-3.046094323889528,1.0713883840344067,0.2961035351121515,0.0,0.0,0.0,1000000.0,0.02,0
17.50727102473341,1.762572086381949,-1.7095464637414999,0.0,0.0,0.0,1000000.0,0.02,0
1.3576404857841773,5.567003520454543,-0.9796141027933052,0.0,0.0,0.0,1000000.0,0.02,0
-4.981394653932501,16.092494752639265,0.21114029787475008,0.0,0.0,0.0,1000000.0,0.02,0
15.06473581381412,-11.752150697885781,0.3801146920418015,0.0,0.0,0.0,1000000.0,0.02,0
-2.2897789037931027,1.4071479166267586,0.02802022479602506,0.0,0.0,0.0,1000000.0,0.02,0
-1.361949622514912,2.5028794562961343,-0.7275933457337649,0.0,0.0,0.0,1000000.0,0.02,0
-0.17407180485621307,0.3928683076371276,-0.9813117414751185,0.0,0.0,0.0,1000000.0,0.02,0
3.422512585587877,-0.6611595732898148,-0.9142397493727534,0.0,0.0,0.0,1000000.0,0.02,0
-0.11745843318687653,4.719020923142967,0.4194722483559463,0.0,0.0,0.0,1000000.0,0.02,0
7.5207524259722405,-9.621473267384276,-1.7424431244370897,0.0,0.0,0.0,1000000.0,0.02,0
9.516175747911825,-26.150016306841902,0.0678758382821556,0.0,0.0,0.0,1000000.0,0.02,0
-0.35265385759070905,-1.9700486723384354,1.499384768602753,0.0,0.0,0.0,1000000.0,0.02,0
9.504824974627123,-0.22517037253338304,0.6595286232927595,0.0,0.0,0.0,1000000.0,0.02,0
4.97115292404396,1.3336536017704759,-1.677921865499826,0.0,0.0,0.0,1000000.0,0.02,0
0.01839731724956838,4.111980423403604,0.35364568175242095,0.0,0.0,0.0,1000000.0,0.02,0
-1.6786457616188224,2.5640372410572145,0.3979160957352512,0.0,0.0,0.0,1000000.0,0.02,0
1.7391090438121564,1.21932359652239,1.1949293907687117,0.0,0.0,0.0,1000000.0,0.02,0
-2.3808668651964435,-5.4932992423804965,0.027456904986081554,0.0,0.0,0.0,1000000.0,0.02,0
7.14643808062542,13.818435110659195,-0.3866386495564491,0.0,0.0,0.0,1000000.0,0.02,0
2.182345368239091,3.7897450055549875,-0.11707487875713074,0.0,0.0,0.0,1000000.0,0.02,0
-2.502706708637552,-2.3677277880096765,-0.5334527534564124,0.0,0.0,0.0,1000000.0,0.02,0
13.991002933547312,6.5427467381613615,-0.3126772959198707,0.0,0.0,0.0,1000000.0,0.02,0
4.777970386508228,7.666628897027751,-0.6829180202456033,0.0,0.0,0.0,1000000.0,0.02,0
-0.6721239066260541,0.3100866033713288,-0.4433510557982565,0.0,0.0,0.0,1000000.0,0.02,0
-1.140654234431965,-0.10175886226241761,-1.1995884948913256,0.0,0.0,0.0,1000000.0,0.02,0
-5.022668427607273,5.180435893650914,0.8689875679164372,0.0,0.0,0.0,1000000.0,0.02,0
-9.624672664769603,-2.3876215833505476,-0.7773806566675265,0.0,0.0,0.0,1000000.0,0.02,0
5.233306498367122,-2.7354735960585765,-1.4214789995195165,0.0,0.0,0.0,1000000.0,0.02,0
-4.264824598096015,4.648674392890901,0.11333137126350135,0.0,0.0,0.0,1000000.0,0.02,0
1.4480528181672951,6.693217459859047,0.7397210067225553,0.0,0.0,0.0,1000000.0,0.02,0
0.681179715153233,2.523601473337741,-0.8595767255602915,0.0,0.0,0.0,1000000.0,0.02,0
6.489781070891188,4.0761208404983025,0.786694357576236,0.0,0.0,0.0,1000000.0,0.02,0
-11.226585036589197,-0.3620413657251753,0.4692918073420529,0.0,0.0,0.0,1000000.0,0.02,0
-3.365085150274691,5.880437484930783,0.18422907329320193,0.0,0.0,0.0,1000000.0,0.02,0
-0.22011437059624514,7.195270941366852,-0.30514477201816614,0.0,0.0,0.0,1000000.0,0.02,0
-20.511581717489996,-7.8454431485075835,0.8807152647195933,0.0,0.0,0.0,1000000.0,0.02,0
1.8694793088358714,-0.5435444800712816,-0.17286176857785485,0.0,0.0,0.0,1000000.0,0.02,0
0.06680755616522675,0.05273143333346991,-0.4337718676730651,0.0,0.0,0.0,1000000.0,0.02,0
5.812647583279231,0.4773664261010597,0.1326987199254832,0.0,0.0,0.0,1000000.0,0.02,0
5.706317857249265,-1.4639842776790684,-0.5142422930815211,0.0,0.0,0.0,1000000.0,0.02,0
-5.664526951391544,0.39261898202288564,1.1124925352724357,0.0,0.0,0.0,1000000.0,0.02,0
0.6714680413332331,3.083867124351791,-0.6801815420387811,0.0,0.0,0.0,1000000.0,0.02,0
4.094468469534356,-1.4761956506820044,-0.4292125986527706,0.0,0.0,0.0,1000000.0,0.02,0
9.97331717752121,1.8660654717129912,-0.22059953951093636,0.0,0.0,0.0,1000000.0,0.02,0
12.53040977587038,3.973175067571875,-1.0169104799245252,0.0,0.0,0.0,1000000.0,0.02,0
1.1571085646417263,-0.22672387426617968,-1.2264421932673706,0.0,0.0,0.0,1000000.0,0.02,0
-0.2772678520883722,0.161618683030136,1.0960742156023677,0.0,0.0,0.0,1000000.0,0.02,0
-3.8621005051069957,-4.788815710366854,1.6184884047864632,0.0,0.0,0.0,1000000.0,0.02,0
0.8043510369080759,-8.006912870054494,-0.6074776258037407,0.0,0.0,0.0,1000000.0,0.02,0
4.847518417255854,-5.076674121624898,0.8505027972881374,0.0,0.0,0.0,1000000.0,0.02,0
0.8457976587240537,-0.5249707255755754,1.4506282335823082,0.0,0.0,0.0,1000000.0,0.02,0
17.98764608502912,-5.234394865105895,0.11226984739905621,0.0,0.0,0.0,1000000.0,0.02,0
5.003651530252202,6.55693800586756,1.4129959642125751,0.0,0.0,0.0,1000000.0,0.02,0
-0.9358819552759456,-0.34282287607995304,0.05982264473123777,0.0,0.0,0.0,1000000.0,0.02,0
13.103890766534136,22.60967668850162,0.3542199534485233,0.0,0.0,0.0,1000000.0,0.02,0
-0.6044379203106799,-0.34189691324990823,-0.4536553346557861,0.0,0.0,0.0,1000000.0,0.02,0
-5.626928683775706,-4.869944116426507,-1.6363895136724222,0.0,0.0,0.0,1000000.0,0.02,0
4.492556225470752,-1.9425415697254096,0.7988269017927943,0.0,0.0,0.0,1000000.0,0.02,0
3.119381752003119,5.818224943534801,-0.5108266995503632,0.0,0.0,0.0,1000000.0,0.02,0
-1.8425552633047637,-5.709927879296697,-1.76580785435267,0.0,0.0,0.0,1000000.0,0.02,0
18.435875984493528,-10.78043974181904,1.2212438130940981,0.0,0.0,0.0,1000000.0,0.02,0
-7.932922450987996,13.912639218145111,0.980312201855889,0.0,0.0,0.0,1000000.0,0.02,0
-11.7204070751808,-2.4962861977648467,0.0743965676942091,0.0,0.0,0.0,1000000.0,0.02,0
3.108678146731312,0.6954573996016135,-0.33291662674597955,0.0,0.0,0.0,1000000.0,0.02,0
-1.2742262222863858,-4.3249057287765496,1.5971036256097646,0.0,0.0,0.0,1000000.0,0.02,0
-4.255091614475911,2.532238126672935,-0.7140435809360719,0.0,0.0,0.0,1000000.0,0.02,0
-2.515316447057277,15.992182106894818,-0.3237723748990886,0.0,0.0,0.0,1000000.0,0.02,0
3.2018987071140455,3.3612637751347,1.4726828791596045,0.0,0.0,0.0,1000000.0,0.02,0
-3.2592200593906333,-1.3342203187402573,-0.19882204794043545,0.0,0.0,0.0,1000000.0,0.02,0
5.700223232021534,1.2861602904976452,1.9124269419780235,0.0,0.0,0.0,1000000.0,0.02,0
-0.5978932927710313,0.4545989329007215,0.7514452724323917,0.0,0.0,0.0,1000000.0,0.02,0
-1.2331654534858287,-0.2469966536188313,-1.2177656007353628,0.0,0.0,0.0,1000000.0,0.02,0
2.316302196602665,6.298838950399162,0.3201972992726674,0.0,0.0,0.0,1000000.0,0.02,0
4.064892079755521,11.487764377830914,0.19598903487453967,0.0,0.0,0.0,1000000.0,0.02,0
0.7950602390388576,-1.7879835464583924,-0.19960712067001563,0.0,0.0,0.0,1000000.0,0.02,0
-0.9107119281860849,-0.34135856408919063,0.119373749861591,0.0,0.0,0.0,1000000.0,0.02,0
-0.061576675790859854,0.7226832091177127,0.05672098618061838,0.0,0.0,0.0,1000000.0,0.02,0
8.92573160388419,-6.258686479924733,-0.15000634311354055,0.0,0.0,0.0,1000000.0,0.02,0
-4.643196572649901,-9.413204370115913,1.3413413296397767,0.0,0.0,0.0,1000000.0,0.02,0
3.3658792140722427,-3.0493203100736763,0.4213165821400606,0.0,0.0,0.0,1000000.0,0.02,0
8.476433386226413,-13.732423183368148,-1.216833659161967,0.0,0.0,0.0,1000000.0,0.02,0
9.259843730685647,4.898995086518916,0.8174609183725474,0.0,0.0,0.0,1000000.0,0.02,0
-4.726781073060169,17.49928727026385,0.21148461652161643,0.0,0.0,0.0,1000000.0,0.02,0
9.61876504149774,3.377124479972022,1.1714709169313382,0.0,0.0,0.0,1000000.0,0.02,0
0.7217805694510463,5.712423922883818,0.108308109633243,0.0,0.0,0.0,1000000.0,0.02,0
-4.615891725230178,8.22332654405459,0.26801258765963,0.0,0.0,0.0,1000000.0,0.02,0
-3.2052027821567792,-7.300028827315284,0.39118713089012314,0.0,0.0,0.0,1000000.0,0.02,0
0.23612749967874103,10.437141966434204,0.21900690686242896,0.0,0.0,0.0,1000000.0,0.02,0
-8.934586968430402,1.9903669826870538,0.5881899708374041,0.0,0.0,0.0,1000000.0,0.02,0
-0.5380028438987821,-5.776604333798055,-1.640165935428687,0.0,0.0,0.0,1000000.0,0.02,0
9.752079069984022,18.321690343711737,0.6858700909697273,0.0,0.0,0.0,1000000.0,0.02,0
3.243270230165327,-5.594783590630361,0.7500356035580156,0.0,0.0,0.0,1000000.0,0.02,0
1.9317299852243948,19.15648441886228,-0.00018695281083314086,0.0,0.0,0.0,1000000.0,0.02,0
10.447009495039477,-3.074443613071224,0.4453024477403993,0.0,0.0,0.0,1000000.0,0.02,0
-4.673416082275958,5.316932927134741,-1.0557409203441406,0.0,0.0,0.0,1000000.0,0.02,0
0.6755468998981085,0.8989262051105078,-0.3014899054927067,0.0,0.0,0.0,1000000.0,0.02,0
-5.583962615976542,-9.614243996787382,-0.6571523707041234,0.0,0.0,0.0,1000000.0,0.02,0
8.501136633291205,-0.19873204920959145,0.2891245473256241,0.0,0.0,0.0,1000000.0,0.02,0
4.739717772040052,29.46267087131433,0.28849236848667736,0.0,0.0,0.0,1000000.0,0.02,0
-1.1325963353939066,0.42720116718902934,-0.28986706135761775,0.0,0.0,0.0,1000000.0,0.02,0
1.8203736204418774,0.5925082485174754,-0.6763830537963296,0.0,0.0,0.0,1000000.0,0.02,0
6.314135832424448,3.486628389474471,0.15635794039110618,0.0,0.0,0.0,1000000.0,0.02,0
-8.213212591039465,5.027628491060894,-0.007514123118749438,0.0,0.0,0.0,1000000.0,0.02,0
6.334218046041342,5.4799487046331405,-0.07379677641602456,0.0,0.0,0.0,1000000.0,0.02,0
-7.590694242926658,5.372393921869671,-0.45757951272072894,0.0,0.0,0.0,1000000.0,0.02,0
-2.5482055280857145,-1.6213241272651335,1.6189973271343971,0.0,0.0,0.0,1000000.0,0.02,0
1.1131658580570578,4.159494575742848,-0.27058445894477323,0.0,0.0,0.0,1000000.0,0.02,0
0.880199172642198,3.448711641974514,0.2676175250016115,0.0,0.0,0.0,1000000.0,0.02,0
1.7090783305362616,-1.4051856706276615,-1.2786169144119919,0.0,0.0,0.0,1000000.0,0.02,0
10.02536778831882,-19.898995870939814,-1.7541559469491093,0.0,0.0,0.0,1000000.0,0.02,0
-10.329144259160197,3.7682306914648156,1.9197736087169073,0.0,0.0,0.0,1000000.0,0.02,0
1.1267374997450184,-2.6964356613466824,0.8610447161801753,0.0,0.0,0.0,1000000.0,0.02,0
5.423155339585176,-2.1733283870484867,-0.28266928192542284,0.0,0.0,0.0,1000000.0,0.02,0
0.408495387586076,2.811068041071939,-1.0458326067122368,0.0,0.0,0.0,1000000.0,0.02,0
-1.3099509325477996,4.2591962006891,-0.23756702914185457,0.0,0.0,0.0,1000000.0,0.02,0
4.885995399811579,2.288728072759212,0.5015727741623524,0.0,0.0,0.0,1000000.0,0.02,0
14.964568737643527,-6.739021323559472,0.8393775146259124,0.0,0.0,0.0,1000000.0,0.02,0
-3.6832922114504396,-7.877561213831136,-0.22690718296868084,0.0,0.0,0.0,1000000.0,0.02,0
4.724747134831869,-12.968971118038917,1.3126530792295537,0.0,0.0,0.0,1000000.0,0.02,0
-12.919826811639906,10.188109385720594,-1.4038845644139633,0.0,0.0,0.0,1000000.0,0.02,0
0.8605702985002297,1.069146998096909,0.4060269821581226,0.0,0.0,0.0,1000000.0,0.02,0
6.774362002053919,-3.0163049117664813,1.8227911390190075,0.0,0.0,0.0,1000000.0,0.02,0
-13.342436786710536,-25.951420986935336,-0.6896307386527578,0.0,0.0,0.0,1000000.0,0.02,0
-1.2942142972355624,-2.5399312230675326,-0.5030047880400321,0.0,0.0,0.0,1000000.0,0.02,0
22.958025379751366,-6.696761048028702,0.8098127223923157,0.0,0.0,0.0,1000000.0,0.02,0
13.280035916798042,6.630229695164259,0.1263460166415591,0.0,0.0,0.0,1000000.0,0.02,0
-2.9302950032211377,5.1525835352208995,0.5895034056933959,0.0,0.0,0.0,1000000.0,0.02,0
-0.058205334635357084,3.6268733777414646,0.553456659578031,0.0,0.0,0.0,1000000.0,0.02,0
0.8223812099291721,-0.7844611906156003,0.13888113309410333,0.0,0.0,0.0,1000000.0,0.02,0
3.1261172515575475,0.1511299893693736,0.4279306818210351,0.0,0.0,0.0,1000000.0,0.02,0
1.1369906790990194,1.0807894111006635,-0.27156488292395853,0.0,0.0,0.0,1000000.0,0.02,0
-0.3144443026075752,0.37519436101726505,1.0036324443496154,0.0,0.0,0.0,1000000.0,0.02,0
1.0702011081155667,-5.743795131006599,-0.22299060422031136,0.0,0.0,0.0,1000000.0,0.02,0
2.091949039425201,1.2653599191001437,0.33639765195882454,0.0,0.0,0.0,1000000.0,0.02,0
-4.34855229219449,2.689854103295957,0.36156912438142186,0.0,0.0,0.0,1000000.0,0.02,0
-1.4124279259035983,-14.987925884120964,0.8168557407586734,0.0,0.0,0.0,1000000.0,0.02,0
-0.5354679412791107,-1.1669910342201466,-1.0447710974257474,0.0,0.0,0.0,1000000.0,0.02,0
-1.0198450263096555,1.2104078962763396,0.21812970964903045,0.0,0.0,0.0,1000000.0,0.02,0
0.9049373945782835,-6.168398866163477,-1.693864462260886,0.0,0.0,0.0,1000000.0,0.02,0
1.4395687924763723,4.137947363197288,-0.38459472461998523,0.0,0.0,0.0,1000000.0,0.02,0
10.274046262423363,0.8308385421450487,-0.740245085471801,0.0,0.0,0.0,1000000.0,0.02,0
-3.1195005832514835,-16.099742823853354,-0.9096972564649333,0.0,0.0,0.0,1000000.0,0.02,0
-0.7602024734299294,2.057776885357025,0.12419582026520626,0.0,0.0,0.0,1000000.0,0.02,0
-0.0036392224951862034,-0.3048276871818698,0.0068412319508848185,0.0,0.0,0.0,1000000.0,0.02,0
1.8743090064386798,-6.10430828277991,-0.048122594311321265,0.0,0.0,0.0,1000000.0,0.02,0
-4.534083674234403,6.221598788498671,0.7168105164831324,0.0,0.0,0.0,1000000.0,0.02,0
-2.5527184246653567,-8.027845589505501,0.14015615545182314,0.0,0.0,0.0,1000000.0,0.02,0
1.2654709438835936,0.22067052061376077,0.6459613123267918,0.0,0.0,0.0,1000000.0,0.02,0
-10.531480635871773,6.854376942218729,-0.47567568816101335,0.0,0.0,0.0,1000000.0,0.02,0
23.292574608983248,6.159499454903678,-0.14061345464720088,0.0,0.0,0.0,1000000.0,0.02,0
3.2553665739829896,-1.5323829833900358,-0.14857632402657384,0.0,0.0,0.0,1000000.0,0.02,0
2.360034056516259,-5.433353804080787,0.09321669426212242,0.0,0.0,0.0,1000000.0,0.02,0
13.795342989475145,-6.505858799289242,-0.05860563820058484,0.0,0.0,0.0,1000000.0,0.02,0
0.33366400062805013,0.33044328142631874,-0.02163504028847285,0.0,0.0,0.0,1000000.0,0.02,0
-1.8235373257045742,-18.51875790407412,0.16210443876990865,0.0,0.0,0.0,1000000.0,0.02,0
-7.108252378580001,2.4794229390936366,1.5146921358494145,0.0,0.0,0.0,1000000.0,0.02,0
8.245770374892652,-0.8319590998020016,0.7916302479642257,0.0,0.0,0.0,1000000.0,0.02,0
-5.6356172671041245,17.72600133274469,0.1532364461397826,0.0,0.0,0.0,1000000.0,0.02,0
2.024053844034323,11.309589476590958,-1.9439015743478336,0.0,0.0,0.0,1000000.0,0.02,0
0.0823272720482928,-1.2743148113807905,0.2242877688912417,0.0,0.0,0.0,1000000.0,0.02,0
-2.0798693008530873,-4.554411656325779,0.07237515123813587,0.0,0.0,0.0,1000000.0,0.02,0
10.404824856396532,12.998110199156136,0.808908350664792,0.0,0.0,0.0,1000000.0,0.02,0
0.6378278007864774,-1.0673611231314593,-0.41007652415332974,0.0,0.0,0.0,1000000.0,0.02,0
-0.14334931959405475,-0.0953157781372158,0.20013383970898424,0.0,0.0,0.0,1000000.0,0.02,0
-0.9311882930263399,0.4827757251848253,0.5566069353224581,0.0,0.0,0.0,1000000.0,0.02,0
13.2997436756432,-5.5697297369734295,0.7080793034796065,0.0,0.0,0.0,1000000.0,0.02,0
10.778399066488124,-8.801794520005329,0.9644501879419085,0.0,0.0,0.0,1000000.0,0.02,0
-9.874466243638677,-7.0805784164371355,1.1422734581044862,0.0,0.0,0.0,1000000.0,0.02,0
1.4220879121926917,0.7843940300560996,0.19838079082960558,0.0,0.0,0.0,1000000.0,0.02,0
6.072821331019876,0.8579276715717463,-0.18059279965029873,0.0,0.0,0.0,1000000.0,0.02,0
-0.13962176662865644,-0.3499086221197627,-1.991214495150568,0.0,0.0,0.0,1000000.0,0.02,0
2.4255410997652214,-6.123581440365338,-0.04029738756681933,0.0,0.0,0.0,1000000.0,0.02,0
-0.48536798039134166,1.5197044876633714,0.5368311263063639,0.0,0.0,0.0,1000000.0,0.02,0
2.946244150001266,-4.583951431629829,-0.5912767425232532,0.0,0.0,0.0,1000000.0,0.02,0
4.627302856266947,15.479998421828357,1.5790575819876356,0.0,0.0,0.0,1000000.0,0.02,0
2.349366078099703,-5.328723013866353,-1.8701129485804149,0.0,0.0,0.0,1000000.0,0.02,0
-3.2804230703114796,-12.928028718069255,0.4698472360595831,0.0,0.0,0.0,1000000.0,0.02,0
2.205127811212274,-19.957296346281215,0.856098955234665,0.0,0.0,0.0,1000000.0,0.02,0
7.016527304432987,1.8962537668336767,0.19714207483691837,0.0,0.0,0.0,1000000.0,0.02,0
-21.8022489150435,8.473160935322847,1.0153847845738415,0.0,0.0,0.0,1000000.0,0.02,0
-3.2662776257298485,7.415601593673992,0.8165864613559979,0.0,0.0,0.0,1000000.0,0.02,0
1.8554680273336213,-0.27219908459921643,0.49822872373618843,0.0,0.0,0.0,1000000.0,0.02,0
9.766210118733028,19.380223101226026,-0.4850238377245093,0.0,0.0,0.0,1000000.0,0.02,0
-9.66942681482187,-23.56101458626591,-0.09030206839358357,0.0,0.0,0.0,1000000.0,0.02,0
-5.114101394093391,-4.213597427617718,1.0942143577913992,0.0,0.0,0.0,1000000.0,0.02,0
-16.308222324761037,-1.8976313372355476,-0.9158363197126294,0.0,0.0,0.0,1000000.0,0.02,0
14.506772787881804,-11.380438808373261,-0.4551277122944919,0.0,0.0,0.0,1000000.0,0.02,0
19.84728340783226,-3.0126601495789984,0.20187816714087337,0.0,0.0,0.0,1000000.0,0.02,0
-0.8005832055495063,-1.457356826449885,-0.6592150047031309,0.0,0.0,0.0,1000000.0,0.02,0
-1.9741871637474058,-1.7953298822350887,0.11063102811288505,0.0,0.0,0.0,1000000.0,0.02,0
-6.819746468377953,9.322055236223216,-0.5809300534459947,0.0,0.0,0.0,1000000.0,0.02,0
-1.755901446476497,-4.4091624023607014,0.6774016317897589,0.0,0.0,0.0,1000000.0,0.02,0
-1.8787175657032527,-3.318602227686527,-0.9917512603000338,0.0,0.0,0.0,1000000.0,0.02,0
-0.9634389800400582,-4.177111035008147,-0.126460117826956,0.0,0.0,0.0,1000000.0,0.02,0
-4.310454217542552,3.157695312036013,0.16174827463051233,0.0,0.0,0.0,1000000.0,0.02,0
3.9220862351562316,0.016711689873442407,-1.55336496776353,0.0,0.0,0.0,1000000.0,0.02,0
-7.024919330300003,-13.092025469940257,-0.9489636262094976,0.0,0.0,0.0,1000000.0,0.02,0
-4.9158290125842425,-2.291771327770835,0.7466433715676724,0.0,0.0,0.0,1000000.0,0.02,0
1.145413400778079,-0.49384444075213196,1.6768606603389955,0.0,0.0,0.0,1000000.0,0.02,0
-0.49256257584795626,-0.011620400525943419,-1.7438920117696535,0.0,0.0,0.0,1000000.0,0.02,0
7.2249070721635,1.363556642751497,0.44142055539572844,0.0,0.0,0.0,1000000.0,0.02,0
-0.49006138485590045,-0.18262180919948873,-0.25491916747411825,0.0,0.0,0.0,1000000.0,0.02,0
22.737960685823964,-6.580101596732284,1.213205205614238,0.0,0.0,0.0,1000000.0,0.02,0
-10.123386898426165,-14.520209648382018,1.0117859290615083,0.0,0.0,0.0,1000000.0,0.02,0
2.1932929416200526,19.64895470309695,-0.564894269740063,0.0,0.0,0.0,1000000.0,0.02,0
-4.399529869250824,-5.755040799956555,0.22314035621278627,0.0,0.0,0.0,1000000.0,0.02,0
0.47568789695390656,-4.650080137041074,-0.053533409909044316,0.0,0.0,0.0,1000000.0,0.02,0
15.634975693088563,-12.32564451587668,-0.19420107759714433,0.0,0.0,0.0,1000000.0,0.02,0
-19.3255410444368,-11.138844475012187,1.888793663441855,0.0,0.0,0.0,1000000.0,0.02,0
-16.535097150153838,-3.444248809570317,0.7795151586705042,0.0,0.0,0.0,1000000.0,0.02,0
-3.1103921306097573,3.8786638678829117,-0.9689702430798262,0.0,0.0,0.0,1000000.0,0.02,0
0.2338329375847157,-0.014669821898925356,1.0394457669771526,0.0,0.0,0.0,1000000.0,0.02,0
3.210768562864163,-6.215384669202652,-1.125844078690199,0.0,0.0,0.0,1000000.0,0.02,0
6.679931177761458,-6.637386608987854,0.9106006657569896,0.0,0.0,0.0,1000000.0,0.02,0
-0.007045669126542465,-0.019263492774012445,0.5783945605930105,0.0,0.0,0.0,1000000.0,0.02,0
3.9786714018873433,13.916643942946084,-0.2447472970161737,0.0,0.0,0.0,1000000.0,0.02,0
24.49090628061827,7.586370022727306,0.20505742862979837,0.0,0.0,0.0,1000000.0,0.02,0
-4.619297359141748,-1.4958443610957364,0.6054632899240673,0.0,0.0,0.0,1000000.0,0.02,0
-0.4351378927517754,-1.3515936087539464,-0.3434175781335176,0.0,0.0,0.0,1000000.0,0.02,0
-2.3118789530917603,7.788708215916758,-0.029081066099563735,0.0,0.0,0.0,1000000.0,0.02,0
-12.989157701515804,-9.4855315653484,0.3976891462051224,0.0,0.0,0.0,1000000.0,0.02,0
-0.646640752176106,-0.7096204068680264,-1.191960839832344,0.0,0.0,0.0,1000000.0,0.02,0
0.9445798859902966,-2.9763058882766096,1.1449543875063943,0.0,0.0,0.0,1000000.0,0.02,0
1.9246011893553587,0.20128171751555596,-1.351207025602899,0.0,0.0,0.0,1000000.0,0.02,0
6.987783236898709,9.28497983877772,1.018715357308003,0.0,0.0,0.0,1000000.0,0.02,0
-1.9967816935408447,1.4034350288459139,-0.10345793940690484,0.0,0.0,0.0,1000000.0,0.02,0
0.19119666110924557,-0.2248856232850271,1.6823495848024876,0.0,0.0,0.0,1000000.0,0.02,0
-1.8497913311301872,0.5215809228138593,0.6932763154212909,0.0,0.0,0.0,1000000.0,0.02,0
-2.568282919405711,-13.704640933641542,0.2608260283226631,0.0,0.0,0.0,1000000.0,0.02,0
2.4154672632644028,3.2339863500833186,0.5190438695375406,0.0,0.0,0.0,1000000.0,0.02,0
0.478902950508819,-1.0693506592103894,0.8108004299633151,0.0,0.0,0.0,1000000.0,0.02,0
-6.924307118265737,12.142045252505106,1.6664020950839449,0.0,0.0,0.0,1000000.0,0.02,0
1.580885158623911,10.924842501128955,0.3835064957757188,0.0,0.0,0.0,1000000.0,0.02,0
-0.06512330914475424,0.3584995883796924,-0.26547224072128284,0.0,0.0,0.0,1000000.0,0.02,0
-0.06189308593194412,-0.8311876956329352,1.169336326135424,0.0,0.0,0.0,1000000.0,0.02,0
-18.20780875558731,4.2125143355640216,1.5696051929833743,0.0,0.0,0.0,1000000.0,0.02,0
-21.559327624857122,6.906312618229987,-1.7983930200454834,0.0,0.0,0.0,1000000.0,0.02,0
-1.3945254298179,-2.3667405537672046,-0.31844450794430745,0.0,0.0,0.0,1000000.0,0.02,0
-3.0368326723863457,4.554931691028229,0.39714675836183755,0.0,0.0,0.0,1000000.0,0.02,0
11.819439704950907,6.310713311073886,-0.16881978452866342,0.0,0.0,0.0,1000000.0,0.02,0
25.248807470978743,3.7957701154101704,-0.991113485125994,0.0,0.0,0.0,1000000.0,0.02,0
8.476538193860526,1.7048943466582216,-0.43095705842555354,0.0,0.0,0.0,1000000.0,0.02,0
17.805529151408003,-1.800398908615904,-0.4323016465842411,0.0,0.0,0.0,1000000.0,0.02,0
14.010116276279943,11.572233436692303,0.6633327260685755,0.0,0.0,0.0,1000000.0,0.02,0
-21.802932148080536,-5.050416067440323,-1.688175364758834,0.0,0.0,0.0,1000000.0,0.02,0
-12.35201260200599,-1.102696344400955,-0.6417987143423742,0.0,0.0,0.0,1000000.0,0.02,0
-2.4383044520516277,-8.985307695196918,0.36476610477415594,0.0,0.0,0.0,1000000.0,0.02,0
-15.750072605877248,2.3208758616705034,-0.0319934713787271,0.0,0.0,0.0,1000000.0,0.02,0
-0.39734128308733324,-0.2820325477601519,-1.9720885121351657,0.0,0.0,0.0,1000000.0,0.02,0
1.3053601075907635,-0.12038477350499188,-0.22017589398644866,0.0,0.0,0.0,1000000.0,0.02,0
0.9363888299047229,2.8179411138973776,-0.3826129925782542,0.0,0.0,0.0,1000000.0,0.02,0
9.85252361441512,3.317107331119985,-1.4298689488737768,0.0,0.0,0.0,1000000.0,0.02,0
8.313821704767069,20.368478224957276,-0.6320918697929319,0.0,0.0,0.0,1000000.0,0.02,0
0.2467998760743848,1.9895138987450953,-0.08873271059740517,0.0,0.0,0.0,1000000.0,0.02,0
0.41170543154689737,-1.3908822334543438,-0.2883995792494831,0.0,0.0,0.0,1000000.0,0.02,0
-0.0868060897778664,6.499767508835046,0.29461629793762345,0.0,0.0,0.0,1000000.0,0.02,0
8.62129761276762,3.554495617018714,0.32895356196915326,0.0,0.0,0.0,1000000.0,0.02,0
10.686447402331801,-3.1265493381324614,-0.2118930045081493,0.0,0.0,0.0,1000000.0,0.02,0
-3.8616204913031615,12.103333775921572,-1.637335482915483,0.0,0.0,0.0,1000000.0,0.02,0
-0.6490125782526183,0.15514061753346597,0.4091305009303614,0.0,0.0,0.0,1000000.0,0.02,0
0.8108255609985789,0.9046607896873358,-0.15379260447272092,0.0,0.0,0.0,1000000.0,0.02,0
12.240564398938908,-1.8717655589616577,1.862139426410974,0.0,0.0,0.0,1000000.0,0.02,0
-5.012388540969468,8.629687089513508,-0.2665507251760211,0.0,0.0,0.0,1000000.0,0.02,0
1.0227580623615709,-1.192822197365784,0.10941657767974533,0.0,0.0,0.0,1000000.0,0.02,0
-0.8766313362769997,-2.6679550668251273,-0.2828761675829474,0.0,0.0,0.0,1000000.0,0.02,0
0.17463479260226436,1.721910570086715,-0.9106644070364869,0.0,0.0,0.0,1000000.0,0.02,0
-0.3657610997774968,3.421825734582184,-1.8499873739124792,0.0,0.0,0.0,1000000.0,0.02,0
2.753542590974822,1.7427198038769007,-1.1599232919405678,0.0,0.0,0.0,1000000.0,0.02,0
3.6471130505214275,2.9313852614240856,-0.8608238997529707,0.0,0.0,0.0,1000000.0,0.02,0
0.07789917807494348,2.7746527334520508,1.2931714854552903,0.0,0.0,0.0,1000000.0,0.02,0
-15.059426041013333,8.169958982990174,1.032656264912963,0.0,0.0,0.0,1000000.0,0.02,0
6.049792163289709,-15.38550947959634,-1.4865304592806954,0.0,0.0,0.0,1000000.0,0.02,0
-4.021994916736011,-8.124059639330683,0.22968081786601413,0.0,0.0,0.0,1000000.0,0.02,0
-0.1745120299496338,0.4764573059785725,-0.12150785850109092,0.0,0.0,0.0,1000000.0,0.02,0
0.10680331634126038,7.87279025308121,1.136298229235563,0.0,0.0,0.0,1000000.0,0.02,0
2.1871897091911805,1.25201245187124,-0.27278567745926807,0.0,0.0,0.0,1000000.0,0.02,0
1.6926426029061776,6.123996612365157,-1.1003616737974395,0.0,0.0,0.0,1000000.0,0.02,0
-2.7878928551516604,-3.2547297260825787,-1.1842118806935673,0.0,0.0,0.0,1000000.0,0.02,0
5.488884118241568,-7.898022766090104,0.3015435178010808,0.0,0.0,0.0,1000000.0,0.02,0
0.07371928145274788,-0.20228743964409543,0.9949233777165531,0.0,0.0,0.0,1000000.0,0.02,0
-2.560340634603776,-8.685930927591794,-0.04093691241511355,0.0,0.0,0.0,1000000.0,0.02,0
0.3123528667069516,-1.7303698518366153,0.17111217196343098,0.0,0.0,0.0,1000000.0,0.02,0
3.1371087094345693,-19.701590463382956,-0.04460419180286568,0.0,0.0,0.0,1000000.0,0.02,0
-24.62762316427328,-9.308086244300421,-0.023593938331260667,0.0,0.0,0.0,1000000.0,0.02,0
-1.3944333525944537,10.366910938571847,1.9558276578493095,0.0,0.0,0.0,1000000.0,0.02,0
7.477950896736463,-10.27022464481627,1.0837976705135013,0.0,0.0,0.0,1000000.0,0.02,0
-14.101224175914183,-3.349852646758449,1.3543958317030844,0.0,0.0,0.0,1000000.0,0.02,0
3.651687177894726,3.01350441234539,-0.21340038641637982,0.0,0.0,0.0,1000000.0,0.02,0
17.210590354043465,8.348323377915802,0.24687534579247927,0.0,0.0,0.0,1000000.0,0.02,0
9.034550355094382,-5.064087394580046,1.6465065273143535,0.0,0.0,0.0,1000000.0,0.02,0
-17.31341286328638,-3.0249798671063535,0.4732994016426417,0.0,0.0,0.0,1000000.0,0.02,0
8.12735677689573,1.517190470851611,0.057153349723937374,0.0,0.0,0.0,1000000.0,0.02,0
-10.070524292604295,0.0053922358597505325,1.5790839994210772,0.0,0.0,0.0,1000000.0,0.02,0
-3.6181888879716273,-3.7892058481742286,0.46539920685721636,0.0,0.0,0.0,1000000.0,0.02,0
-0.03738922879665393,-0.12395646431782559,1.6720620071849277,0.0,0.0,0.0,1000000.0,0.02,0
22.658934112761234,17.427770711691036,0.775149162885655,0.0,0.0,0.0,1000000.0,0.02,0
4.326276637518264,-0.8592919418729908,0.24016317611777804,0.0,0.0,0.0,1000000.0,0.02,0
-1.2797307612469146,27.224347604023926,-1.540202055057187,0.0,0.0,0.0,1000000.0,0.02,0
-4.630744043202075,5.365415324433728,1.3335069496552237,0.0,0.0,0.0,1000000.0,0.02,0
-0.09403893760217676,-1.0392044264842695,0.10847077899494195,0.0,0.0,0.0,1000000.0,0.02,0
7.5796999046260565,2.913853144463078,-0.3954071160308281,0.0,0.0,0.0,1000000.0,0.02,0
1.1391170223797833,-2.742083394490224,-0.9741120955788434,0.0,0.0,0.0,1000000.0,0.02,0
2.488926990829517,1.747742033339401,-0.9015718226470817,0.0,0.0,0.0,1000000.0,0.02,0
10.978777133924067,15.661451719950733,-0.7198140558901764,0.0,0.0,0.0,1000000.0,0.02,0
11.819187113175206,-17.514373301002458,1.8756957465115462,0.0,0.0,0.0,1000000.0,0.02,0
-6.230639451431605,14.78045702132199,-0.38107066959203095,0.0,0.0,0.0,1000000.0,0.02,0
0.2900989257235953,1.0283493383477773,-0.3074575260455523,0.0,0.0,0.0,1000000.0,0.02,0
0.054291536026319046,0.27391936595604993,0.05207494267837465,0.0,0.0,0.0,1000000.0,0.02,0
-4.5194905794431675,3.306089073217359,-0.13681458663378976,0.0,0.0,0.0,1000000.0,0.02,0
-0.7253175016440969,1.5999415977837312,-0.17190489520318586,0.0,0.0,0.0,1000000.0,0.02,0
1.053359387971222,0.23861025895410506,-0.8769457779630994,0.0,0.0,0.0,1000000.0,0.02,0
-0.43925216739400486,-0.03500245721900853,0.3077321577401637,0.0,0.0,0.0,1000000.0,0.02,0
-5.243759572545242,0.3335717963005352,0.5923584442923397,0.0,0.0,0.0,1000000.0,0.02,0
5.082883389998739,23.281835415908603,0.09207749044896296,0.0,0.0,0.0,1000000.0,0.02,0
-8.254540974042893,-1.271310980122415,-0.13476274908666586,0.0,0.0,0.0,1000000.0,0.02,0
-7.162833984406143,18.846762277838394,0.039502135269446015,0.0,0.0,0.0,1000000.0,0.02,0
10.65162828290091,9.993029452745128,-0.9275998485921422,0.0,0.0,0.0,1000000.0,0.02,0
-2.6407338429437215,-3.5084618288511837,1.070578466835996,0.0,0.0,0.0,1000000.0,0.02,0
-13.5352953072098,-1.3799387217699686,-0.1426195076424328,0.0,0.0,0.0,1000000.0,0.02,0
0.23392658861625198,0.4246229516066705,-0.6877957451842516,0.0,0.0,0.0,1000000.0,0.02,0
0.8654226218719185,2.936042118024724,-0.07302941119196404,0.0,0.0,0.0,1000000.0,0.02,0
-13.42375469314845,17.122048193171626,1.5541668422531298,0.0,0.0,0.0,1000000.0,0.02,0
0.33422501763259016,8.349487661498522,-0.05414221092830562,0.0,0.0,0.0,1000000.0,0.02,0
-0.5975111507780878,0.10443080247806098,-1.684150422259985,0.0,0.0,0.0,1000000.0,0.02,0
-13.356093826030024,3.112403772825692,0.7061680130735581,0.0,0.0,0.0,1000000.0,0.02,0
-0.14599972109866952,0.6326180172815743,0.8866067611744013,0.0,0.0,0.0,1000000.0,0.02,0
-9.805523915542194,1.181164536507416,0.44783366625990517,0.0,0.0,0.0,1000000.0,0.02,0
2.4240112232179003,2.764170339520547,-0.4068452070081934,0.0,0.0,0.0,1000000.0,0.02,0
-9.257258607180136,-7.23397783444834,-0.9081064787059434,0.0,0.0,0.0,1000000.0,0.02,0
6.780535357726271,0.7391642074725298,-0.4433509961379922,0.0,0.0,0.0,1000000.0,0.02,0
11.246346587876955,9.103457712756262,0.8330566007908171,0.0,0.0,0.0,1000000.0,0.02,0
-6.65949725114068,-7.170627458150681,0.1657672962178589,0.0,0.0,0.0,1000000.0,0.02,0
-0.2574497576263774,0.12420633678838762,-0.5998297746676933,0.0,0.0,0.0,1000000.0,0.02,0
1.4665924751937258,-1.2147060586793148,1.0862410006129748,0.0,0.0,0.0,1000000.0,0.02,0
2.7189880476042956,6.097628145778817,1.1194617405490002,0.0,0.0,0.0,1000000.0,0.02,0
3.7540036878308127,4.379605058741026,-0.865239073075708,0.0,0.0,0.0,1000000.0,0.02,0
-4.703445352959645,-5.2663053002099165,0.03233494882093879,0.0,0.0,0.0,1000000.0,0.02,0
-0.30916888007791266,6.880961328934309,0.1566325374722517,0.0,0.0,0.0,1000000.0,0.02,0
-9.123608863110245,4.872487580772696,0.8575233238580999,0.0,0.0,0.0,1000000.0,0.02,0
-0.6318267572418556,-0.09974767023949811,-0.5505128806891149,0.0,0.0,0.0,1000000.0,0.02,0
-1.241725213245306,6.935734917452935,-0.27160146812180574,0.0,0.0,0.0,1000000.0,0.02,0
-6.127863836954494,-10.528079796182354,0.11116896828542266,0.0,0.0,0.0,1000000.0,0.02,0
14.986461760894784,3.6990067466016363,0.8268355888991925,0.0,0.0,0.0,1000000.0,0.02,0
6.592752570274649,6.767142575816902,-1.232948906638157,0.0,0.0,0.0,1000000.0,0.02,0
0.019560095423031054,-0.1611435273462489,-0.6636399789335634,0.0,0.0,0.0,1000000.0,0.02,0
2.4907119699046505,22.15808449096346,1.17239584106391,0.0,0.0,0.0,1000000.0,0.02,0
-0.6191909640697375,-0.43974062878736586,-0.10395198480342405,0.0,0.0,0.0,1000000.0,0.02,0
0.47650121863167927,6.67619005075692,-1.5060876735125568,0.0,0.0,0.0,1000000.0,0.02,0
9.960314569752073,-0.36042678867242633,-0.768864815144231,0.0,0.0,0.0,1000000.0,0.02,0
1.6945710716928253,-0.5957867782973719,-0.7465091494413185,0.0,0.0,0.0,1000000.0,0.02,0
-0.25033139206468524,-0.7654779207442709,-0.7526324612243913,0.0,0.0,0.0,1000000.0,0.02,0
-0.7195040551779087,-0.6953853032271259,1.5526742915191551,0.0,0.0,0.0,1000000.0,0.02,0
1.6676581760393507,-1.9057329861356824,0.15458524577977073,0.0,0.0,0.0,1000000.0,0.02,0
8.252493717513529,13.427231354191965,0.22678639498184783,0.0,0.0,0.0,1000000.0,0.02,0
-2.289532516846762,-9.836231983415368,1.3545425576690509,0.0,0.0,0.0,1000000.0,0.02,0
11.789937579485636,3.147347580819872,-0.7539734394084965,0.0,0.0,0.0,1000000.0,0.02,0
-19.433547309639152,20.183444788145184,0.7880200365286587,0.0,0.0,0.0,1000000.0,0.02,0
4.92534670890159,-1.8438137546732674,0.5015119650168787,0.0,0.0,0.0,1000000.0,0.02,0
4.123833117514868,-2.0260108997362494,1.4068959000134473,0.0,0.0,0.0,1000000.0,0.02,0
2.2201368746283934,1.8398559770856684,-0.5083706769659218,0.0,0.0,0.0,1000000.0,0.02,0
0.07907646333331438,5.774824631089412,0.0024311660834230864,0.0,0.0,0.0,1000000.0,0.02,0
-3.9298639610872437,-5.951399592912295,-0.5703588874613654,0.0,0.0,0.0,1000000.0,0.02,0
2.451953644486336,-1.028860370658534,0.5311992843777391,0.0,0.0,0.0,1000000.0,0.02,0
1.1862463223377784,1.8376355901858865,-1.046048071783451,0.0,0.0,0.0,1000000.0,0.02,0
-0.5295483207401228,-1.46667860491969,-0.9257353376136992,0.0,0.0,0.0,1000000.0,0.02,0
6.284599977448276,1.1423287667701068,-0.012797645335007601,0.0,0.0,0.0,1000000.0,0.02,0
13.970293323484023,-10.511238055013344,0.3079948130272854,0.0,0.0,0.0,1000000.0,0.02,0
9.476849143970751,-8.703887419927474,-0.5022938679139344,0.0,0.0,0.0,1000000.0,0.02,0
-2.360186096438316,7.692379324093674,0.04397995420803902,0.0,0.0,0.0,1000000.0,0.02,0
-5.240695930812958,-2.026554260149282,-0.4603102158968069,0.0,0.0,0.0,1000000.0,0.02,0
0.8294581454746633,-1.703391718302084,1.0201653735438407,0.0,0.0,0.0,1000000.0,0.02,0
2.161945161401719,2.3443996871900135,0.2586838262458988,0.0,0.0,0.0,1000000.0,0.02,0
1.5915307221338668,-6.199282499543862,-0.11387984262630546,0.0,0.0,0.0,1000000.0,0.02,0
0.4858827223145482,5.22209612419688,0.1663727353815485,0.0,0.0,0.0,1000000.0,0.02,0
-3.3225946731980307,-3.510137077925688,1.3816185708358732,0.0,0.0,0.0,1000000.0,0.02,0
-6.797733117624595,17.233117086953776,1.181074948541987,0.0,0.0,0.0,1000000.0,0.02,0
4.894015792551554,3.4712286943713146,0.36495704260980677,0.0,0.0,0.0,1000000.0,0.02,0
-4.422946381778735,-0.798985591829741,-1.2745819403215126,0.0,0.0,0.0,1000000.0,0.02,0
-2.6626646396310307,3.316102933582926,0.28723224390714375,0.0,0.0,0.0,1000000.0,0.02,0
-5.105392848535298,-3.9841461015150075,0.539993896435381,0.0,0.0,0.0,1000000.0,0.02,0
6.689990956791361,-0.9209072019677346,1.1722352280462713,0.0,0.0,0.0,1000000.0,0.02,0
-5.290987041180803,-3.5263524346503066,0.24565467941443053,0.0,0.0,0.0,1000000.0,0.02,0
-0.7148641284884425,-10.635137010463549,-0.09228930199722107,0.0,0.0,0.0,1000000.0,0.02,0
0.39835771355823335,0.23346682175277558,0.6803256542572509,0.0,0.0,0.0,1000000.0,0.02,0
-0.11024161221782829,1.7598734930101247,-1.9983862448245446,0.0,0.0,0.0,1000000.0,0.02,0
-0.20665150601006782,1.241519852562523,-1.5200966951577204,0.0,0.0,0.0,1000000.0,0.02,0
-0.5497169921610189,-0.9800674285722659,-0.16906811298991542,0.0,0.0,0.0,1000000.0,0.02,0
7.936733395198657,-3.535841232367729,1.8461441486047478,0.0,0.0,0.0,1000000.0,0.02,0
1.329749807552839,4.82817139576239,-0.9559832245607511,0.0,0.0,0.0,1000000.0,0.02,0
-2.2740785595271693,-0.145786829852331,-0.12058416507595116,0.0,0.0,0.0,1000000.0,0.02,0
-14.413006656323262,-19.42406853833812,0.49576089478743945,0.0,0.0,0.0,1000000.0,0.02,0
0.3128376937827119,8.850419969934345,-0.26595236810862044,0.0,0.0,0.0,1000000.0,0.02,0
-2.707434379698978,0.07662586447879037,1.9472987853079342,0.0,0.0,0.0,1000000.0,0.02,0
5.05523235232485,5.646639725046224,0.3227809175826044,0.0,0.0,0.0,1000000.0,0.02,0
2.3430908677145394,-21.104296215556253,-0.3556698603556683,0.0,0.0,0.0,1000000.0,0.02,0
-1.5054448348842773,6.906692757423977,0.48195484740888705,0.0,0.0,0.0,1000000.0,0.02,0
0.4130093031935743,4.223769469319016,-1.2320988340502526,0.0,0.0,0.0,1000000.0,0.02,0
-0.9972390344215089,-2.6495437078826436,0.48092281421572114,0.0,0.0,0.0,1000000.0,0.02,0
-2.8178814539752017,-1.830853573061486,1.2501525068919044,0.0,0.0,0.0,1000000.0,0.02,0
3.7280044396234224,0.9569379674791275,0.24045341977998724,0.0,0.0,0.0,1000000.0,0.02,0
13.927987376235322,-6.915946996471444,-0.5470762680503674,0.0,0.0,0.0,1000000.0,0.02,0
-1.0260325700462827,-0.08298349936906077,0.6007991228859542,0.0,0.0,0.0,1000000.0,0.02,0
0.6895908602560448,0.9600267938160257,-0.16870568410792064,0.0,0.0,0.0,1000000.0,0.02,0
16.931844488126924,5.5893000572563345,-0.6876970703365552,0.0,0.0,0.0,1000000.0,0.02,0
4.247473093304032,-0.3545393744282766,-0.39088036882946753,0.0,0.0,0.0,1000000.0,0.02,0
-9.033738757308296,4.469921178011746,1.0302849439927035,0.0,0.0,0.0,1000000.0,0.02,0
25.821585150539036,-1.6235499102252076,0.5422998142824911,0.0,0.0,0.0,1000000.0,0.02,0
-6.329023488846894,-1.4681972989540102,1.3450177412405369,0.0,0.0,0.0,1000000.0,0.02,0
-3.605816566207981,17.2701151296271,1.0541397328402047,0.0,0.0,0.0,1000000.0,0.02,0
-3.6024278989945255,2.862170894230825,-0.609272776819691,0.0,0.0,0.0,1000000.0,0.02,0
0.925571012445368,-11.921690625715339,-0.34664215501503026,0.0,0.0,0.0,1000000.0,0.02,0
2.29916181207721,-4.248080103473513,-1.90358953781441,0.0,0.0,0.0,1000000.0,0.02,0
-17.472079997456532,9.736101259528432,0.8555572392259201,0.0,0.0,0.0,1000000.0,0.02,0
3.204348030874078,-0.7993588094381411,-0.4485233559132036,0.0,0.0,0.0,1000000.0,0.02,0
-0.026901136634696864,0.7079917163266707,-0.04100886018338468,0.0,0.0,0.0,1000000.0,0.02,0
0.6194103398980741,-22.761699087449333,0.4939171799108957,0.0,0.0,0.0,1000000.0,0.02,0
0.7024794553893511,-0.6738215432503695,0.3789542069079985,0.0,0.0,0.0,1000000.0,0.02,0
-13.516268557477819,17.292734998564896,1.3932485142063937,0.0,0.0,0.0,1000000.0,0.02,0
-11.664482346803865,0.14412294355786404,-0.1959063584636187,0.0,0.0,0.0,1000000.0,0.02,0
1.3226113526573964,-0.593763619894206,-1.6137441566212374,0.0,0.0,0.0,1000000.0,0.02,0
6.043240305537494,-0.7746588119125988,1.3136253604772472,0.0,0.0,0.0,1000000.0,0.02,0
4.31810526710388,-6.09594583177214,0.7138246562893826,0.0,0.0,0.0,1000000.0,0.02,0
-3.7284422095918437,-2.787539600921129,-0.9222978395672587,0.0,0.0,0.0,1000000.0,0.02,0
4.9273674700787,11.151371526442633,0.47294145169296087,0.0,0.0,0.0,1000000.0,0.02,0
-0.13424537973348977,-1.3247641269752763,-1.0558754494208502,0.0,0.0,0.0,1000000.0,0.02,0
10.748172108088504,21.371853305017076,1.6262878702118613,0.0,0.0,0.0,1000000.0,0.02,0
-6.125215518413893,6.763574060929675,-0.543058604677058,0.0,0.0,0.0,1000000.0,0.02,0
7.584997104890596,-2.251132959459274,1.0327718926171725,0.0,0.0,0.0,1000000.0,0.02,0
7.305205284841155,-0.49574679444298964,-0.5410969335987073,0.0,0.0,0.0,1000000.0,0.02,0
-9.547605083953895,-11.321620830188815,0.9926475904156664,0.0,0.0,0.0,1000000.0,0.02,0
0.2528793976886521,0.056118537373525686,-0.567387283817582,0.0,0.0,0.0,1000000.0,0.02,0
8.904666842739513,-15.575331395225897,0.17810440141006012,0.0,0.0,0.0,1000000.0,0.02,0
1.9933616075432627,-5.337156022994324,-0.5739869910761826,0.0,0.0,0.0,1000000.0,0.02,0
-8.283351041312528,3.36912145220676,0.058323939741885766,0.0,0.0,0.0,1000000.0,0.02,0
6.703863330076154,10.27212689221676,-1.9475493422893217,0.0,0.0,0.0,1000000.0,0.02,0
-23.35083536230583,0.45565145958738495,-0.8458956527768189,0.0,0.0,0.0,1000000.0,0.02,0
19.17437232917246,-21.507546797413447,-0.19623956197881043,0.0,0.0,0.0,1000000.0,0.02,0
-5.568653004468567,6.285814453344852,-0.2004709081424476,0.0,0.0,0.0,1000000.0,0.02,0
-0.16035208536268497,22.759974488286986,-0.6842244947115139,0.0,0.0,0.0,1000000.0,0.02,0
-1.533751832257375,-2.0642436386401575,-1.6848439698600508,0.0,0.0,0.0,1000000.0,0.02,0
1.786276852721144,4.710793309132122,0.10113318319757347,0.0,0.0,0.0,1000000.0,0.02,0
-0.061471297847888254,-0.015896385421632412,0.46226770214455737,0.0,0.0,0.0,1000000.0,0.02,0
-0.13786861213934015,10.592069741037363,-0.14633195818004197,0.0,0.0,0.0,1000000.0,0.02,0
-2.015661611908205,-5.6324968739065255,-1.9092170633721546,0.0,0.0,0.0,1000000.0,0.02,0
9.228856851885556,-5.688679625699543,-0.3895469865142678,0.0,0.0,0.0,1000000.0,0.02,0
4.686806716550906,-3.9953535272703653,1.7371271924896812,0.0,0.0,0.0,1000000.0,0.02,0
2.168602251702578,-2.4503709275446446,0.0524253988758554,0.0,0.0,0.0,1000000.0,0.02,0
-19.47487220317219,-7.403787447784698,1.523945736911875,0.0,0.0,0.0,1000000.0,0.02,0
2.7799989580657023,1.0382958109151008,0.11209366743896343,0.0,0.0,0.0,1000000.0,0.02,0
-1.2794829400167922,-15.603347467689858,-0.2187853429601958,0.0,0.0,0.0,1000000.0,0.02,0
0.6826152810955046,-5.341827419843065,0.5104027108239224,0.0,0.0,0.0,1000000.0,0.02,0
15.060735503814426,0.05169107979958251,0.2816739162090913,0.0,0.0,0.0,1000000.0,0.02,0
-2.0076622230137966,2.6614164701209284,-1.464532473593386,0.0,0.0,0.0,1000000.0,0.02,0
10.090983976689522,-12.55391742848359,-0.5918850479903099,0.0,0.0,0.0,1000000.0,0.02,0
4.770589636461112,-1.5665077592338554,-0.2519688480854745,0.0,0.0,0.0,1000000.0,0.02,0
-0.4852171282937089,-0.2071963587041901,-0.09975567728660906,0.0,0.0,0.0,1000000.0,0.02,0
16.577230723803623,-4.705269005006714,-0.07623330237249792,0.0,0.0,0.0,1000000.0,0.02,0
-0.7837688742454111,0.4083932484542713,-1.2310538266736932,0.0,0.0,0.0,1000000.0,0.02,0
-3.1155643347138438,-4.63906995198793,0.3013209087350699,0.0,0.0,0.0,1000000.0,0.02,0
-3.6548767129392483,-7.014402931557544,-0.07344712558636779,0.0,0.0,0.0,1000000.0,0.02,0
9.379827746939657,7.4273258919713845,-0.05022835046455665,0.0,0.0,0.0,1000000.0,0.02,0
-2.4620776331086134,-0.37606462753665,-0.5142464318245512,0.0,0.0,0.0,1000000.0,0.02,0
-12.920645695803216,-17.148342933556272,1.3825984159282507,0.0,0.0,0.0,1000000.0,0.02,0
-0.6138305270329083,0.3797619904076401,0.07885112755788803,0.0,0.0,0.0,1000000.0,0.02,0
3.609131482373194,-6.124607341916505,-0.033631381149707984,0.0,0.0,0.0,1000000.0,0.02,0
-6.755997613833349,-6.180138194971254,0.09994661036034991,0.0,0.0,0.0,1000000.0,0.02,0
-1.4084964942696745,-2.702310932227566,-0.6907318770707294,0.0,0.0,0.0,1000000.0,0.02,0
-1.9677075407117879,-2.597038872812521,1.8644096634002496,0.0,0.0,0.0,1000000.0,0.02,0
7.781653429587604,3.2136380788247543,0.1658454410183987,0.0,0.0,0.0,1000000.0,0.02,0
9.989904636554773,2.8137531314637667,1.2037352594398048,0.0,0.0,0.0,1000000.0,0.02,0
-3.8616131409291627,-1.6334950928803769,0.9223806403646551,0.0,0.0,0.0,1000000.0,0.02,0
0.41500207572178727,-1.6257566237196917,0.01218674538922393,0.0,0.0,0.0,1000000.0,0.02,0
-2.110849668346772,6.248856509642274,0.6658592867771,0.0,0.0,0.0,1000000.0,0.02,0
1.3910029696630946,-11.077232964107683,-1.1739437253402345,0.0,0.0,0.0,1000000.0,0.02,0
7.093252952438897,1.7893070707424055,-0.9131504216611965,0.0,0.0,0.0,1000000.0,0.02,0
1.2293047846753526,-8.964974329732216,0.3543115980440952,0.0,0.0,0.0,1000000.0,0.02,0
-6.685485362109059,-0.7783556997908402,-1.1239113610512792,0.0,0.0,0.0,1000000.0,0.02,0
0.6647128876901466,18.421392412253706,-0.49945155012024767,0.0,0.0,0.0,1000000.0,0.02,0
-3.522816507368648,-5.708589200789762,0.2160169370759375,0.0,0.0,0.0,1000000.0,0.02,0
-25.729639932389798,-1.489094333890252,-0.8354451468354354,0.0,0.0,0.0,1000000.0,0.02,0
7.141244116613345,6.262135486079622,1.3047803163912004,0.0,0.0,0.0,1000000.0,0.02,0
-2.8808799693918683,1.3142754550290772,0.0360501871239336,0.0,0.0,0.0,1000000.0,0.02,0
-0.08388930170435736,-17.18136778010281,0.299307107859911,0.0,0.0,0.0,1000000.0,0.02,0
-5.302868800411572,-2.9430034294545253,0.01976200806472317,0.0,0.0,0.0,1000000.0,0.02,0
-11.312528475703468,11.456583232795884,-0.01700095855014716,0.0,0.0,0.0,1000000.0,0.02,0
-0.7511050974970525,-1.9635190221048084,0.07461984209080708,0.0,0.0,0.0,1000000.0,0.02,0
-1.0599311644377953,-0.6790721476454286,0.25828509674432354,0.0,0.0,0.0,1000000.0,0.02,0
-7.878897184667132,3.8883699303222268,0.7723204055886068,0.0,0.0,0.0,1000000.0,0.02,0
-2.6520972205794604,-0.002245163905473017,-0.13869522338713924,0.0,0.0,0.0,1000000.0,0.02,0
-5.689531162212057,-22.026197517240533,0.33666442837033816,0.0,0.0,0.0,1000000.0,0.02,0
-1.8039003197929275,-0.9786510300468865,0.36856419628312054,0.0,0.0,0.0,1000000.0,0.02,0
-9.432280768165633,-6.3923978685325595,-1.4044603462486096,0.0,0.0,0.0,1000000.0,0.02,0
14.222220802201003,-12.57778287048759,0.8030252627888865,0.0,0.0,0.0,1000000.0,0.02,0
-0.5485110798116238,0.6209914940945328,0.5708986075091964,0.0,0.0,0.0,1000000.0,0.02,0
-24.041282201906103,-12.834570071694339,-0.3339872517906288,0.0,0.0,0.0,1000000.0,0.02,0
9.31987249257243,13.581997730280719,-0.4139738810604845,0.0,0.0,0.0,1000000.0,0.02,0
3.9321546338351636,-4.039427929340887,0.5519272380045193,0.0,0.0,0.0,1000000.0,0.02,0
-10.996374402916832,3.5499769715643468,-0.19674869992236932,0.0,0.0,0.0,1000000.0,0.02,0
9.366337225794641,-13.12634130289458,-0.2278798051473876,0.0,0.0,0.0,1000000.0,0.02,0
-0.30261529757633726,2.298631457270329,-0.2724335184185964,0.0,0.0,0.0,1000000.0,0.02,0
0.0767531942505184,0.8040715495449051,0.8594585646953314,0.0,0.0,0.0,1000000.0,0.02,0
-2.019030415141102,2.3267485106851438,1.8694118522537568,0.0,0.0,0.0,1000000.0,0.02,0
3.36402749602648,-1.6646287053559174,1.4198668420942875,0.0,0.0,0.0,1000000.0,0.02,0
-1.2415281224990335,2.8731077438121964,-0.8812351259327595,0.0,0.0,0.0,1000000.0,0.02,0
-0.7653182322304672,-0.8532014452625337,-0.05053969835175742,0.0,0.0,0.0,1000000.0,0.02,0
10.01985150884052,-0.12138840915014965,-1.2805548184100841,0.0,0.0,0.0,1000000.0,0.02,0
-0.7572157922547338,-8.67821858838589,-1.5882262430122536,0.0,0.0,0.0,1000000.0,0.02,0
-15.244774556438466,-18.95492977643166,-0.5572870890742463,0.0,0.0,0.0,1000000.0,0.02,0
-2.905642291501171,-2.1950255238865277,0.4233567282647934,0.0,0.0,0.0,1000000.0,0.02,0
-1.3972162951254725,-3.6709445884580596,-0.018490605261765936,0.0,0.0,0.0,1000000.0,0.02,0
4.9889682896234016,0.5910704107512685,-0.15279298246013173,0.0,0.0,0.0,1000000.0,0.02,0
-10.852638911562087,5.34624987220824,0.37605345263478096,0.0,0.0,0.0,1000000.0,0.02,0
0.65960762635736,0.807211145615387,0.6858884472411475,0.0,0.0,0.0,1000000.0,0.02,0
21.82697057356064,-1.570942433944482,0.23406636441460105,0.0,0.0,0.0,1000000.0,0.02,0
-18.670807275863783,-5.088422464750382,0.637090611483969,0.0,0.0,0.0,1000000.0,0.02,0
1.5982311904925648,6.3343908260052935,0.20530738781240032,0.0,0.0,0.0,1000000.0,0.02,0
-0.11863220873969955,-0.10474979018428762,0.646547807739803,0.0,0.0,0.0,1000000.0,0.02,0
-4.626709069021931,6.653872679777107,-0.3327327160884277,0.0,0.0,0.0,1000000.0,0.02,0
-3.1242831084794545,4.876412590210796,-1.8334970770688637,0.0,0.0,0.0,1000000.0,0.02,0
1.7204678078180708,1.9827313464514797,-1.8121934204501686,0.0,0.0,0.0,1000000.0,0.02,0
-0.4704563309411467,0.12642360078108858,-0.3926380224822843,0.0,0.0,0.0,1000000.0,0.02,0
6.564769758621258,-0.08274344164562843,-0.14558153321800926,0.0,0.0,0.0,1000000.0,0.02,0
4.173041190750525,8.890257043657058,-0.25214419600026083,0.0,0.0,0.0,1000000.0,0.02,0
1.0349127197047416,0.7131944622998194,-0.9447509417827797,0.0,0.0,0.0,1000000.0,0.02,0
0.5742474607595486,-1.3637381150600267,0.4739362497793671,0.0,0.0,0.0,1000000.0,0.02,0
-0.18060331508033728,-1.591124559282406,-0.4678688234823625,0.0,0.0,0.0,1000000.0,0.02,0
4.903804730485984,-5.964806850096622,-0.2972059194040888,0.0,0.0,0.0,1000000.0,0.02,0
3.0571066703621343,-5.945096985387935,-1.0543769021606986,0.0,0.0,0.0,1000000.0,0.02,0
-11.342854038277956,26.55525237343575,-0.6283505086808194,0.0,0.0,0.0,1000000.0,0.02,0
0.04842833850332589,-0.030432678458987544,0.5305619379694431,0.0,0.0,0.0,1000000.0,0.02,0
-13.393701520733078,2.636255671719351,-1.468783267868866,0.0,0.0,0.0,1000000.0,0.02,0
3.2589514796210697,1.9545216453341183,-1.35118886181969,0.0,0.0,0.0,1000000.0,0.02,0
-6.3340083985694715,-6.699394839371597,-0.5291003924035831,0.0,0.0,0.0,1000000.0,0.02,0
-6.238838906596857,0.7003177862463469,-0.7416817809232565,0.0,0.0,0.0,1000000.0,0.02,0
5.690169188310189,-2.6308530168554873,0.38421999820612296,0.0,0.0,0.0,1000000.0,0.02,0
0.606915806928475,6.758089101806393,-0.3750379690097567,0.0,0.0,0.0,1000000.0,0.02,0
-24.823918192068092,3.623087228861891,-0.8053492045167063,0.0,0.0,0.0,1000000.0,0.02,0
-4.250458504627771,-4.370993779939664,-1.5606176265261373,0.0,0.0,0.0,1000000.0,0.02,0
0.0983346206281498,-12.863209056608786,-0.7869627415658291,0.0,0.0,0.0,1000000.0,0.02,0
-0.39151576909006525,-0.6750299966324487,0.38265974994766605,0.0,0.0,0.0,1000000.0,0.02,0
0.035683697535723945,0.10601447539550558,-0.11937313050583942,0.0,0.0,0.0,1000000.0,0.02,0
0.164266233057845,0.06698571315004283,1.288528909953091,0.0,0.0,0.0,1000000.0,0.02,0
-7.531648662915712,-9.871020655858246,-0.9487347449204995,0.0,0.0,0.0,1000000.0,0.02,0
10.690517224123807,-11.956944844391174,-0.4844258691755474,0.0,0.0,0.0,1000000.0,0.02,0
9.355691279137712,10.52428120345272,-0.9040479869963285,0.0,0.0,0.0,1000000.0,0.02,0
0.4523861679224551,27.73225002590335,-0.6483602929432593,0.0,0.0,0.0,1000000.0,0.02,0
2.2033939159115676,2.374963852902708,-1.9327072025277978,0.0,0.0,0.0,1000000.0,0.02,0
1.430175169135286,6.4828218025306095,1.1535807951943768,0.0,0.0,0.0,1000000.0,0.02,0
0.07108237309439576,10.373252962328795,0.2722529082830185,0.0,0.0,0.0,1000000.0,0.02,0
-0.39514864347598716,1.9691271489061093,-0.07123889377436043,0.0,0.0,0.0,1000000.0,0.02,0
-6.1822706205728295,-4.158045402061939,0.42426482103476637,0.0,0.0,0.0,1000000.0,0.02,0
-4.835576752953663,-1.2736121297641538,-0.4320993204056398,0.0,0.0,0.0,1000000.0,0.02,0
-4.3203894235180975,-0.8205330813003632,-0.5132300862155184,0.0,0.0,0.0,1000000.0,0.02,0
13.591085177097774,7.9637558130973085,1.0139269731629197,0.0,0.0,0.0,1000000.0,0.02,0
8.546401367570597,7.912702490455862,-0.8466556041048845,0.0,0.0,0.0,1000000.0,0.02,0
-26.83368442530548,0.6116418596738477,0.3297806858858845,0.0,0.0,0.0,1000000.0,0.02,0
-2.595566426919959,5.0989510566866985,-0.840514729437392,0.0,0.0,0.0,1000000.0,0.02,0
-0.8623923782403683,1.6692035271712862,-0.2836842954715122,0.0,0.0,0.0,1000000.0,0.02,0
0.6767173212818857,4.6681359972045895,-0.2651128544235348,0.0,0.0,0.0,1000000.0,0.02,0
5.0432072493171605,5.869304749848617,-0.48174356562758813,0.0,0.0,0.0,1000000.0,0.02,0
3.9223138045750017,0.18344944062975543,0.046442264039843195,0.0,0.0,0.0,1000000.0,0.02,0
-0.041181678415729346,-0.0202284689316609,-1.128172266718133,0.0,0.0,0.0,1000000.0,0.02,0
-2.4053643753099943,-0.9041138757783306,-0.1433614385604116,0.0,0.0,0.0,1000000.0,0.02,0
2.4534205225871815,0.19817629407497478,0.6537250065314852,0.0,0.0,0.0,1000000.0,0.02,0
-0.6723219337859683,0.9481991389226009,-1.5649789576663187,0.0,0.0,0.0,1000000.0,0.02,0
1.1098810692222005,0.9396959626429855,0.768226404600644,0.0,0.0,0.0,1000000.0,0.02,0
-7.746023575619887,-5.386220145126895,0.020802245075913106,0.0,0.0,0.0,1000000.0,0.02,0
6.144360239638153,-3.5728308639474253,-1.2600662350966427,0.0,0.0,0.0,1000000.0,0.02,0
-0.09371362098217144,-13.056425173577338,1.7280187600758525,0.0,0.0,0.0,1000000.0,0.02,0
-1.0908543215952313,-2.247481198706246,-0.9487591782822244,0.0,0.0,0.0,1000000.0,0.02,0
-6.663697472532846,2.5936540576796747,0.31030448057962357,0.0,0.0,0.0,1000000.0,0.02,0
-2.281568703005412,-3.1213501161066417,-1.0699898500460039,0.0,0.0,0.0,1000000.0,0.02,0
0.5591558333111205,2.031106504588603,0.39095393744604134,0.0,0.0,0.0,1000000.0,0.02,0
-4.935897024904989,1.863643533981416,-1.4239914603422879,0.0,0.0,0.0,1000000.0,0.02,0
1.2615353558834788,-0.942897573875952,-1.4445387419368707,0.0,0.0,0.0,1000000.0,0.02,0
14.216197323975626,-8.715588966204795,-1.2982339004696168,0.0,0.0,0.0,1000000.0,0.02,0
-2.0727072857417204,2.307573355946927,-0.24167421627957886,0.0,0.0,0.0,1000000.0,0.02,0
-9.252851433243377,-4.0064930078430585,1.1086470921190843,0.0,0.0,0.0,1000000.0,0.02,0
-15.776943221153418,-5.411532336153174,-0.7136543231294699,0.0,0.0,0.0,1000000.0,0.02,0
23.801084466851943,1.084644160589796,0.1906721919105756,0.0,0.0,0.0,1000000.0,0.02,0
1.0663194050147984,-6.327676015901858,-0.1765389512604747,0.0,0.0,0.0,1000000.0,0.02,0
-5.030704906156764,-6.913762758874813,-0.6826707845299067,0.0,0.0,0.0,1000000.0,0.02,0
-4.09144708133002,2.751718180314645,-0.2634859701264656,0.0,0.0,0.0,1000000.0,0.02,0
-4.724290102869553,1.9505852275609663,0.914794544659971,0.0,0.0,0.0,1000000.0,0.02,0
-1.6413470586892316,-5.673104875792995,0.29960905804496996,0.0,0.0,0.0,1000000.0,0.02,0
-3.69763444741105,-6.329432175567198,0.3235831015954256,0.0,0.0,0.0,1000000.0,0.02,0
-7.733760132200322,5.412652172555401,-0.40558058559641363,0.0,0.0,0.0,1000000.0,0.02,0
-0.6354997080173395,0.40390887011456983,-1.240684238068054,0.0,0.0,0.0,1000000.0,0.02,0
-6.470896585531565,16.2894964417193,-1.5600923805732512,0.0,0.0,0.0,1000000.0,0.02,0
-8.222908990237029,-1.344300303667948,1.6054253410064758,0.0,0.0,0.0,1000000.0,0.02,0
1.4999943448345558,-7.82994270411974,-0.03197181867214027,0.0,0.0,0.0,1000000.0,0.02,0
9.27986162346061,-1.6031303703444693,-0.02313162038333516,0.0,0.0,0.0,1000000.0,0.02,0
6.929330659453507,-1.4547596568217274,0.5977772941357813,0.0,0.0,0.0,1000000.0,0.02,0
3.612397939688591,-3.756538860609284,0.5940528399455989,0.0,0.0,0.0,1000000.0,0.02,0
2.6109871491110153,-0.24753747760013245,0.5974433176476719,0.0,0.0,0.0,1000000.0,0.02,0
-0.7537212090269971,-12.5267801916713,-0.3581880882639874,0.0,0.0,0.0,1000000.0,0.02,0
-5.567477567083178,1.7236413123544725,-0.7845259030693139,0.0,0.0,0.0,1000000.0,0.02,0
14.745824217150204,-7.297014218392362,0.1443831808837608,0.0,0.0,0.0,1000000.0,0.02,0
-7.100444570309695,13.506719989806657,-0.707588619323376,0.0,0.0,0.0,1000000.0,0.02,0
1.648137824928866,-3.103611509138672,1.0009843765065094,0.0,0.0,0.0,1000000.0,0.02,0
-12.669971473675345,-2.438920411806101,-0.15458617097388316,0.0,0.0,0.0,1000000.0,0.02,0
10.593591273210343,13.652777997005966,-1.3046168967331875,0.0,0.0,0.0,1000000.0,0.02,0
0.11290531017537167,-0.25550463216320735,0.11915941712170497,0.0,0.0,0.0,1000000.0,0.02,0
13.617038202828306,0.35135389511642684,0.1602670458299693,0.0,0.0,0.0,1000000.0,0.02,0
1.52642690178722,-0.9345157613167592,0.4111335967067431,0.0,0.0,0.0,1000000.0,0.02,0
-4.302033810960027,2.946018037691505,-0.42155141137453267,0.0,0.0,0.0,1000000.0,0.02,0
8.1387639065004,8.835422182853918,1.2827139604053226,0.0,0.0,0.0,1000000.0,0.02,0
-1.6210915067228036,-9.259462911841485,0.16634435625939847,0.0,0.0,0.0,1000000.0,0.02,0
0.9246482589434428,2.354890317256373,0.26185139758969367,0.0,0.0,0.0,1000000.0,0.02,0
-5.477048855325157,1.3284125278728578,-0.7732201830357033,0.0,0.0,0.0,1000000.0,0.02,0
4.818599591167907,-3.7739831208722987,0.8109775361089797,0.0,0.0,0.0,1000000.0,0.02,0
8.268698230607061,-1.764571063774967,0.14668414985646994,0.0,0.0,0.0,1000000.0,0.02,0
-2.7211245266456516,-2.0773427668632074,-1.0365085987649518,0.0,0.0,0.0,1000000.0,0.02,0
5.648108179638884,3.6926729453274794,0.7784227865711699,0.0,0.0,0.0,1000000.0,0.02,0
18.956974498636487,-0.8639562195054106,0.5328888045205566,0.0,0.0,0.0,1000000.0,0.02,0
6.48911235674784,-1.1305877081501958,-0.9621833498797736,0.0,0.0,0.0,1000000.0,0.02,0
0.8211578372466652,3.0596714122844384,0.04573807449678302,0.0,0.0,0.0,1000000.0,0.02,0
0.4251634264812725,-0.1961977856661816,-0.26219947914165154,0.0,0.0,0.0,1000000.0,0.02,0
0.7078972052815361,-3.8031385026809845,-1.4608422807138721,0.0,0.0,0.0,1000000.0,0.02,0
-3.0903714737981183,-0.3176462010388497,-0.8700683431166283,0.0,0.0,0.0,1000000.0,0.02,0
17.5703706859735,-14.605950498090749,-0.2828345296849193,0.0,0.0,0.0,1000000.0,0.02,0
0.62088726806409,1.2556185358693839,0.7270986262050911,0.0,0.0,0.0,1000000.0,0.02,0
2.0579037651109076,-4.356301266347023,-0.11110408835339491,0.0,0.0,0.0,1000000.0,0.02,0
-0.16652093973747825,-0.579684242841778,-1.1041964473431953,0.0,0.0,0.0,1000000.0,0.02,0
-2.4831007859625047,-1.7736487312966938,1.1014782094690814,0.0,0.0,0.0,1000000.0,0.02,0
6.150279687548378,6.635868308114854,-1.589456414654915,0.0,0.0,0.0,1000000.0,0.02,0
-0.06963840346101766,-0.005687698025918294,-0.21009804576611657,0.0,0.0,0.0,1000000.0,0.02,0
-8.873485099318836,8.826633663559434,-1.3774562212926984,0.0,0.0,0.0,1000000.0,0.02,0
0.05785685348643136,0.7889548499358567,-1.9538660377591137,0.0,0.0,0.0,1000000.0,0.02,0
-4.050710519724091,0.4037448392307761,0.11436668694939467,0.0,0.0,0.0,1000000.0,0.02,0
-14.677764049493065,7.1806041098413695,-0.8773623986935224,0.0,0.0,0.0,1000000.0,0.02,0
-1.5312448061157917,-4.638872951861562,-1.4461980383908708,0.0,0.0,0.0,1000000.0,0.02,0
5.014166939050618,-4.851281073759339,0.13674449124986854,0.0,0.0,0.0,1000000.0,0.02,0
-23.07467018961424,5.446521267627264,0.8615338494877891,0.0,0.0,0.0,1000000.0,0.02,0
1.074600992134497,-5.101109147311754,-0.2673372971270762,0.0,0.0,0.0,1000000.0,0.02,0
-1.0897484270005933,-8.746292324437027,0.33293493102064353,0.0,0.0,0.0,1000000.0,0.02,0
-0.3839600253006156,-6.846860959087043,1.0572807358754002,0.0,0.0,0.0,1000000.0,0.02,0
-1.819684622403354,-2.4444368990791254,-0.3014348259918762,0.0,0.0,0.0,1000000.0,0.02,0
6.302328250819587,-16.589130926329258,-0.6441093265646716,0.0,0.0,0.0,1000000.0,0.02,0
0.8436848473778571,1.1403279096491479,-0.3153572627578196,0.0,0.0,0.0,1000000.0,0.02,0
5.270879263765756,-3.1821660166246666,0.23982074612060522,0.0,0.0,0.0,1000000.0,0.02,0
-4.681246890700708,-8.801851075558218,-1.0305899875299067,0.0,0.0,0.0,1000000.0,0.02,0
-4.552483101054658,-4.259275101372405,-1.768484083825066,0.0,0.0,0.0,1000000.0,0.02,0
-8.510740062373491,8.853376457318255,1.5021729711595677,0.0,0.0,0.0,1000000.0,0.02,0
20.291809696113734,6.378086971411705,0.09168579581920966,0.0,0.0,0.0,1000000.0,0.02,0
0.05275849527680491,0.8887957373366787,-1.208054423821478,0.0,0.0,0.0,1000000.0,0.02,0
1.469959709182406,0.19168057724524484,0.047330450024063,0.0,0.0,0.0,1000000.0,0.02,0
15.527841249255484,20.22605306933025,0.0960086099554811,0.0,0.0,0.0,1000000.0,0.02,0
0.013654702357183583,3.72851178252273,1.0582320531546445,0.0,0.0,0.0,1000000.0,0.02,0
21.168741559351467,-6.356301491289594,1.500221603108268,0.0,0.0,0.0,1000000.0,0.02,0
6.618488798973873,1.9161061437304785,-0.8479336345156288,0.0,0.0,0.0,1000000.0,0.02,0
0.049245318780970396,-0.05429652928501287,0.8768462610041565,0.0,0.0,0.0,1000000.0,0.02,0
2.501837505231126,-9.889657366010605,-0.6378239125832659,0.0,0.0,0.0,1000000.0,0.02,0
0.42602817642820273,-2.661474600400806,-0.05902706510684741,0.0,0.0,0.0,1000000.0,0.02,0
-4.338072109698293,1.3426475705401781,-1.3755585942031452,0.0,0.0,0.0,1000000.0,0.02,0
-13.47520132476714,10.483615617254276,-0.18538422767780283,0.0,0.0,0.0,1000000.0,0.02,0
5.890348271767189,2.9277857274688217,1.1840201975738527,0.0,0.0,0.0,1000000.0,0.02,0
2.3323768585700098,8.93455257707584,-0.3077235053353329,0.0,0.0,0.0,1000000.0,0.02,0
-1.576456121860247,-1.6006927664107955,-0.21735566325946465,0.0,0.0,0.0,1000000.0,0.02,0
-3.5279787872548685,4.1975008090481145,1.0221576226673337,0.0,0.0,0.0,1000000.0,0.02,0
13.325170967794847,-11.575912400747665,-1.4276380205654444,0.0,0.0,0.0,1000000.0,0.02,0
1.1431158440904492,-0.9147093659609425,0.982205450538749,0.0,0.0,0.0,1000000.0,0.02,0
11.647426476993639,-6.33708295060349,-0.05060658327155121,0.0,0.0,0.0,1000000.0,0.02,0
-0.002015558184131585,-0.476237044204413,-0.7578879429271677,0.0,0.0,0.0,1000000.0,0.02,0
1.2176682461333213,0.778209876022776,-0.2734531887642424,0.0,0.0,0.0,1000000.0,0.02,0
-2.6426276670991937,-1.7620596356079272,-0.8522762529542902,0.0,0.0,0.0,1000000.0,0.02,0
0.009805621355890769,-0.06662504276578143,0.12853092889102324,0.0,0.0,0.0,1000000.0,0.02,0
9.431585546559898,-1.3123518711016129,1.1436519191033856,0.0,0.0,0.0,1000000.0,0.02,0
-0.4899384785228004,-1.1267734140150858,0.6285770238444375,0.0,0.0,0.0,1000000.0,0.02,0
5.44473080358117,-6.924368913935059,-0.5274877287068813,0.0,0.0,0.0,1000000.0,0.02,0
-3.2031305368394873,4.673112228524493,-0.8724569366947934,0.0,0.0,0.0,1000000.0,0.02,0
-5.716898221743945,-8.87584861915862,0.6952468991900789,0.0,0.0,0.0,1000000.0,0.02,0
-0.6924550595675835,0.03375694336356074,-1.9739085043188753,0.0,0.0,0.0,1000000.0,0.02,0
1.5831368148356406,1.0608800774858813,-0.6176486628621474,0.0,0.0,0.0,1000000.0,0.02,0
3.49524275871369,-0.26793999366731147,-0.06336476965899429,0.0,0.0,0.0,1000000.0,0.02,0
-19.267114971642588,-0.4221642364454396,-1.0104123595698118,0.0,0.0,0.0,1000000.0,0.02,0
10.285363586961843,-8.595622698701558,-0.8057998168066804,0.0,0.0,0.0,1000000.0,0.02,0
3.707783880557709,-2.040057402669783,0.8011329689335867,0.0,0.0,0.0,1000000.0,0.02,0
0.029186943642093854,-0.02444383705771997,-0.7159633597962181,0.0,0.0,0.0,1000000.0,0.02,0
21.287330569287253,5.46340140019046,0.32829653052365426,0.0,0.0,0.0,1000000.0,0.02,0
1.2304141879213533,6.439943790486714,0.03774215945176085,0.0,0.0,0.0,1000000.0,0.02,0
0.15010086064387163,2.8804695131625864,-0.03670008312992934,0.0,0.0,0.0,1000000.0,0.02,0
-7.077885732209015,-5.470520203613485,-0.15652645751640737,0.0,0.0,0.0,1000000.0,0.02,0
3.7592847258138904,9.280772741030002,1.1424177010343692,0.0,0.0,0.0,1000000.0,0.02,0
15.382396255137937,-1.0371212989222531,-0.4116067674184949,0.0,0.0,0.0,1000000.0,0.02,0
-16.879035022002874,0.5724028334041551,1.505335604680659,0.0,0.0,0.0,1000000.0,0.02,0
-0.48648740098871374,0.4385606184138844,-0.9883509688719734,0.0,0.0,0.0,1000000.0,0.02,0
0.5816578589036204,-3.5398670412532343,1.5558729440590637,0.0,0.0,0.0,1000000.0,0.02,0
-0.06060045497191071,2.0708905908055355,1.928654091411369,0.0,0.0,0.0,1000000.0,0.02,0
-4.335853114382807,-1.777998329415987,-0.6584512125722757,0.0,0.0,0.0,1000000.0,0.02,0
-2.2358898231141304,1.7298306444937632,-1.6411062573654673,0.0,0.0,0.0,1000000.0,0.02,0
10.765607059508273,15.41850770750746,0.07520368618703088,0.0,0.0,0.0,1000000.0,0.02,0
1.8464902576229916,-0.4029540709598361,-0.2714472044955176,0.0,0.0,0.0,1000000.0,0.02,0
-11.421215741818015,-0.031760921503151344,-0.1549618046051,0.0,0.0,0.0,1000000.0,0.02,0
4.093841603829119,0.7858096434005402,-0.10290758870970329,0.0,0.0,0.0,1000000.0,0.02,0
-0.21023681075225886,-0.29644798304308395,-0.6573081841245791,0.0,0.0,0.0,1000000.0,0.02,0
3.668871486685205,-3.760599380480651,0.01272131204376592,0.0,0.0,0.0,1000000.0,0.02,0
6.841880603443682,-7.383595135458481,1.7573703184195848,0.0,0.0,0.0,1000000.0,0.02,0
0.6014688175682124,-5.1774612685041035,0.7487989429692306,0.0,0.0,0.0,1000000.0,0.02,0
-13.572829317463398,-4.007205824163683,-0.1183113305853265,0.0,0.0,0.0,1000000.0,0.02,0
-3.5063545487801493,13.270661440259694,-0.23997305272184377,0.0,0.0,0.0,1000000.0,0.02,0
5.020252299041331,-1.8025079205909338,0.992315224345445,0.0,0.0,0.0,1000000.0,0.02,0
5.254624349904098,-1.0928448778618034,-0.20621383790001424,0.0,0.0,0.0,1000000.0,0.02,0
-0.1626571122114015,-0.9638635843900953,0.22049267085922786,0.0,0.0,0.0,1000000.0,0.02,0
13.015311288492425,-25.100550139653357,-0.8067177001495249,0.0,0.0,0.0,1000000.0,0.02,0
1.6911599451704165,1.6574800583304885,-1.2917948667192913,0.0,0.0,0.0,1000000.0,0.02,0
3.536527305785191,-2.865431908890196,1.8253178550330773,0.0,0.0,0.0,1000000.0,0.02,0
-0.5415373685543338,-0.7388092719057776,-0.16203217609303344,0.0,0.0,0.0,1000000.0,0.02,0
19.90797714046069,-8.999758658282282,0.39622661289270766,0.0,0.0,0.0,1000000.0,0.02,0
-0.7763282691452372,3.130257805939766,-0.4534439424272687,0.0,0.0,0.0,1000000.0,0.02,0
4.651175969506523,9.036160281632723,-0.03209517202907364,0.0,0.0,0.0,1000000.0,0.02,0
-2.043696829822204,0.7262552317608533,0.3869089805592605,0.0,0.0,0.0,1000000.0,0.02,0
2.6503821348336403,-1.5295161413934786,-0.3407567873574733,0.0,0.0,0.0,1000000.0,0.02,0
0.05579031732732176,0.047214173548876304,0.8144053514099188,0.0,0.0,0.0,1000000.0,0.02,0
-9.494028990182267,0.9361569297057518,-0.8804682179120711,0.0,0.0,0.0,1000000.0,0.02,0
7.591099479931624,-2.0931569040403586,-0.9734983401696047,0.0,0.0,0.0,1000000.0,0.02,0
-14.274760763510844,15.756336820992267,0.031682836471021325,0.0,0.0,0.0,1000000.0,0.02,0
3.0072878714650093,0.8116183937133459,-0.11972351098806655,0.0,0.0,0.0,1000000.0,0.02,0
4.815599615537987,-1.687159681232726,-0.10746900310387542,0.0,0.0,0.0,1000000.0,0.02,0
-0.0678019044871047,-2.8209791396267585,0.9437980765623326,0.0,0.0,0.0,1000000.0,0.02,0
3.87101779625612,19.791739333878468,0.33352781553593935,0.0,0.0,0.0,1000000.0,0.02,0
-3.6429976398239976,6.120444313683222,-0.9016091328291811,0.0,0.0,0.0,1000000.0,0.02,0
-6.128825169771983,-11.24621092943384,-0.18654210002281602,0.0,0.0,0.0,1000000.0,0.02,0
3.8079614451870603,17.27173835437776,1.1982962835368998,0.0,0.0,0.0,1000000.0,0.02,0
-16.876026457204528,9.556404458809034,-0.4998148077957527,0.0,0.0,0.0,1000000.0,0.02,0
7.153613657458354,-4.982285384115378,-1.3810267300200305,0.0,0.0,0.0,1000000.0,0.02,0
2.500863297394217,-4.455373122974742,0.5006437382558548,0.0,0.0,0.0,1000000.0,0.02,0
2.6070886391142167,4.201516524862614,0.26678577791657077,0.0,0.0,0.0,1000000.0,0.02,0
3.2925188952180298,2.8208909785835234,-1.5781667945902615,0.0,0.0,0.0,1000000.0,0.02,0
0.12152142319752728,-8.444975983717972,-0.7424571174092733,0.0,0.0,0.0,1000000.0,0.02,0
-4.379268605945998,10.011399251761576,-0.4838444118327052,0.0,0.0,0.0,1000000.0,0.02,0
-6.172293338684679,3.07322347093704,0.1194090504293639,0.0,0.0,0.0,1000000.0,0.02,0
-18.414175316198726,-0.6537632604646065,0.23281923844649732,0.0,0.0,0.0,1000000.0,0.02,0
5.763943739378093,-7.613943335688914,1.0538921204971272,0.0,0.0,0.0,1000000.0,0.02,0
-4.063600581347347,-6.892050401353142,0.45831852628528846,0.0,0.0,0.0,1000000.0,0.02,0
0.3199657313213535,-0.5158410951925609,-0.5161556570597625,0.0,0.0,0.0,1000000.0,0.02,0
-0.7264662854055396,4.702560554901458,-0.09634303448261772,0.0,0.0,0.0,1000000.0,0.02,0
-4.705663376488417,-9.528658606955783,-0.2560593765392625,0.0,0.0,0.0,1000000.0,0.02,0
-0.7951566956323127,0.11547408893238283,-0.2765687472054381,0.0,0.0,0.0,1000000.0,0.02,0
9.929112376202257,-21.0886461347512,-1.0770629397848754,0.0,0.0,0.0,1000000.0,0.02,0
-0.29149733550437895,9.342070269870176,-1.0877454492294252,0.0,0.0,0.0,1000000.0,0.02,0
-0.7371367478529333,1.5567411266629498,-0.01348692492711212,0.0,0.0,0.0,1000000.0,0.02,0
-4.293252520736168,7.630054287296043,1.1831970524326998,0.0,0.0,0.0,1000000.0,0.02,0
-0.4553153278010432,2.433913581367249,-0.7953229807425624,0.0,0.0,0.0,1000000.0,0.02,0
1.7069170763857946,-3.1125515939784867,-0.20504373200857895,0.0,0.0,0.0,1000000.0,0.02,0
14.669640734221387,-2.393291655235459,-0.13728659637184304,0.0,0.0,0.0,1000000.0,0.02,0
1.9701457765015136,-3.8612135963123837,-1.027227227156799,0.0,0.0,0.0,1000000.0,0.02,0
26.405057055118668,-3.039505143149808,-0.2650062234175783,0.0,0.0,0.0,1000000.0,0.02,0
-14.15718279435747,-5.257736702612423,0.14329847048979882,0.0,0.0,0.0,1000000.0,0.02,0
7.548024531698976,-7.520724625094128,0.7099563894107854,0.0,0.0,0.0,1000000.0,0.02,0
-3.4498262475829686,-4.010593800188421,0.7650188938797413,0.0,0.0,0.0,1000000.0,0.02,0
0.7489561487913882,0.6695321593660563,1.1370753776291744,0.0,0.0,0.0,1000000.0,0.02,0
-0.6878113034107742,2.6591257391084944,0.7492703218466881,0.0,0.0,0.0,1000000.0,0.02,0
-21.90348926441631,-3.668153141694743,-0.9648433911411631,0.0,0.0,0.0,1000000.0,0.02,0
-0.9083717528326428,3.253757963576845,-1.4972269996041474,0.0,0.0,0.0,1000000.0,0.02,0
-1.0160824813010956,-0.23530891740203283,-0.7143481922733583,0.0,0.0,0.0,1000000.0,0.02,0
0.017718983465331642,6.291284702468071,0.9521922253003909,0.0,0.0,0.0,1000000.0,0.02,0
-4.7606566681644065,-8.523622479163553,-1.0348440394436134,0.0,0.0,0.0,1000000.0,0.02,0
25.14735328605735,-10.579387022996212,0.7080161471692366,0.0,0.0,0.0,1000000.0,0.02,0
3.3461724402779236,-3.3326789560436123,-1.3235776154291736,0.0,0.0,0.0,1000000.0,0.02,0
-0.05601194759802597,-3.390012281581257,-0.0954613971175009,0.0,0.0,0.0,1000000.0,0.02,0
0.16389926632927684,0.6284783160412494,0.0005992609642362368,0.0,0.0,0.0,1000000.0,0.02,0
5.376637046067422,3.4762239494375717,0.5270502034663211,0.0,0.0,0.0,1000000.0,0.02,0
0.00814256145919442,-1.9658049028139515,-0.4721402524409486,0.0,0.0,0.0,1000000.0,0.02,0
0.10107698005675514,0.08503720522966719,-0.9226223477838635,0.0,0.0,0.0,1000000.0,0.02,0
7.192104898018819,2.66175747367047,-0.5425290572725601,0.0,0.0,0.0,1000000.0,0.02,0
0.09243580501938092,-0.07690394089266787,-0.8373785766668451,0.0,0.0,0.0,1000000.0,0.02,0
11.971945891087204,6.682899051449546,0.22606594891918164,0.0,0.0,0.0,1000000.0,0.02,0
-0.7114738445246126,0.02557080866618474,-1.1199508562463834,0.0,0.0,0.0,1000000.0,0.02,0
-2.2886813477962207,12.211101582274624,-0.8199597458932955,0.0,0.0,0.0,1000000.0,0.02,0
2.392963992435522,-0.8965113423613472,0.38355531871421356,0.0,0.0,0.0,1000000.0,0.02,0
-19.962105664268734,-15.213564618592665,0.533381854195083,0.0,0.0,0.0,1000000.0,0.02,0
-11.613911366831813,-10.897276418743168,0.03931143654010505,0.0,0.0,0.0,1000000.0,0.02,0
0.19093397437055173,3.054412831031464,0.662959068312083,0.0,0.0,0.0,1000000.0,0.02,0
-3.3262596356836562,0.41768105911765435,0.22120409608940594,0.0,0.0,0.0,1000000.0,0.02,0
-0.7426361407272561,-0.14115443696970623,1.6506082182863642,0.0,0.0,0.0,1000000.0,0.02,0
15.854730557504645,-0.6556582375944773,-0.9256365531083981,0.0,0.0,0.0,1000000.0,0.02,0
4.769838878746567,-2.1519194666359662,0.9123882739866884,0.0,0.0,0.0,1000000.0,0.02,0
3.2504123433202246,-0.10256136579363156,0.04498974786543464,0.0,0.0,0.0,1000000.0,0.02,0
0.28442034624987267,0.3155788127155133,-0.1385447450363877,0.0,0.0,0.0,1000000.0,0.02,0
13.24663882270287,12.244987750390145,0.5374009326925027,0.0,0.0,0.0,1000000.0,0.02,0
17.693106109541446,11.100588904497286,-0.10610356840065815,0.0,0.0,0.0,1000000.0,0.02,0
-1.5037182512252234,4.667361548604624,1.3385182196413972,0.0,0.0,0.0,1000000.0,0.02,0
15.644714852377772,12.227459346576193,0.007617369470009905,0.0,0.0,0.0,1000000.0,0.02,0
4.559798722963673,-0.292200027962546,0.41849030944126575,0.0,0.0,0.0,1000000.0,0.02,0
-2.473072137656458,1.5363457989535925,-0.8917970855997268,0.0,0.0,0.0,1000000.0,0.02,0
0.058413094656030805,0.5382522554418888,0.016678973531246477,0.0,0.0,0.0,1000000.0,0.02,0
2.7420633584292906,0.5016399528248022,-0.568418665166762,0.0,0.0,0.0,1000000.0,0.02,0
1.485499517244886,-8.260961769249365,-0.499004034941553,0.0,0.0,0.0,1000000.0,0.02,0
-15.56380413547742,-7.6512447032245605,-0.05662257566092954,0.0,0.0,0.0,1000000.0,0.02,0
-5.640008515290134,5.145982648614641,-1.2765671674957435,0.0,0.0,0.0,1000000.0,0.02,0
14.06720843444491,-15.037818496214296,0.13251126500435184,0.0,0.0,0.0,1000000.0,0.02,0
2.211129189953863,2.8959870004752277,-0.5324743841893191,0.0,0.0,0.0,1000000.0,0.02,0
-4.8410544846922114,1.8560400774170085,1.3357345286910363,0.0,0.0,0.0,1000000.0,0.02,0
17.4031759101528,-8.08153183368064,0.2812540007134654,0.0,0.0,0.0,1000000.0,0.02,0
26.34625794812235,0.14355186508680953,-1.3524037796721515,0.0,0.0,0.0,1000000.0,0.02,0
3.399833074551302,0.2938349299046938,1.19741880066268,0.0,0.0,0.0,1000000.0,0.02,0
-2.044191801411029,-2.75426937130875,0.0925947302144765,0.0,0.0,0.0,1000000.0,0.02,0
12.236970992380085,3.110232173297728,1.0220939008045518,0.0,0.0,0.0,1000000.0,0.02,0
0.012768279420712294,-0.5584028234874071,0.4477166302443383,0.0,0.0,0.0,1000000.0,0.02,0
4.476632041723765,-10.432336370069237,-0.02323045850911054,0.0,0.0,0.0,1000000.0,0.02,0
11.74519387627624,16.324981081056396,0.1412867641312303,0.0,0.0,0.0,1000000.0,0.02,0
5.369052329640583,-10.56112350954835,-0.7114967357784803,0.0,0.0,0.0,1000000.0,0.02,0
-0.19256891107041518,-1.2648284680670112,0.650460500476493,0.0,0.0,0.0,1000000.0,0.02,0
0.4149347755351197,0.31224766587141445,-1.2846961418925247,0.0,0.0,0.0,1000000.0,0.02,0
13.838163179775355,9.345348621730915,-1.2773702973610606,0.0,0.0,0.0,1000000.0,0.02,0
2.9755270042036503,11.407923857313023,-0.9846175267511041,0.0,0.0,0.0,1000000.0,0.02,0
5.574864064740226,1.522223992735657,1.56245122593523,0.0,0.0,0.0,1000000.0,0.02,0
2.939207045544111,8.649607950828877,-0.13902976109954057,0.0,0.0,0.0,1000000.0,0.02,0
7.882862507888209,6.846040764554582,0.612817186937308,0.0,0.0,0.0,1000000.0,0.02,0
-0.06331279104579488,-0.7521022118901826,-1.053304706675724,0.0,0.0,0.0,1000000.0,0.02,0
7.057604853051793,-9.48664521868458,0.39735538648673874,0.0,0.0,0.0,1000000.0,0.02,0
2.3178802953523534,0.9519144830415063,-0.3095199978896819,0.0,0.0,0.0,1000000.0,0.02,0
5.638794938709777,7.164757680916562,-0.9984561054165946,0.0,0.0,0.0,1000000.0,0.02,0
-19.071241150316876,-7.86958776550318,-1.941313093611683,0.0,0.0,0.0,1000000.0,0.02,0
-0.9178435372674163,-0.666048915006683,0.3190956434614618,0.0,0.0,0.0,1000000.0,0.02,0
-5.912340100645473,2.7947737018237575,-0.8700137782302573,0.0,0.0,0.0,1000000.0,0.02,0
20.294516440624168,3.9926933658530177,0.1994071972837439,0.0,0.0,0.0,1000000.0,0.02,0
-17.93356374207841,-23.657543956998698,-0.9555055842024753,0.0,0.0,0.0,1000000.0,0.02,0
1.5624361419486137,2.6919452097253433,0.03070315245849642,0.0,0.0,0.0,1000000.0,0.02,0
-14.224626123826493,-1.361321919890939,1.4420828798978267,0.0,0.0,0.0,1000000.0,0.02,0
4.145463459229626,3.2700862503270636,-0.310105853528019,0.0,0.0,0.0,1000000.0,0.02,0
-4.326942657978055,20.54402327143885,1.398409128595743,0.0,0.0,0.0,1000000.0,0.02,0
-1.1531191138286379,-0.8734948529266687,0.3354957015471962,0.0,0.0,0.0,1000000.0,0.02,0
-21.87307839284142,17.050069410285612,0.34815067258391075,0.0,0.0,0.0,1000000.0,0.02,0
2.3085469897462443,0.04137715830058383,1.4644686602422743,0.0,0.0,0.0,1000000.0,0.02,0
8.033355279421254,9.209434112573012,-0.8312412448564572,0.0,0.0,0.0,1000000.0,0.02,0
3.493764808062391,-2.227523711074995,-1.3950198888531018,0.0,0.0,0.0,1000000.0,0.02,0
20.10177094277895,-7.141213757759158,0.4447132511474283,0.0,0.0,0.0,1000000.0,0.02,0
-0.5043157917836774,1.074366227439525,-1.7869075806931054,0.0,0.0,0.0,1000000.0,0.02,0
12.188712275352657,-4.0661037547566945,-0.4253914289106344,0.0,0.0,0.0,1000000.0,0.02,0
-0.3826171622192048,7.1092869354128885,0.14566574570819135,0.0,0.0,0.0,1000000.0,0.02,0
9.846943711181956,0.3165650616903488,-1.672208311725682,0.0,0.0,0.0,1000000.0,0.02,0
11.23679669975032,25.51399623318034,0.6574719748626761,0.0,0.0,0.0,1000000.0,0.02,0
-4.642299428398778,4.930436670339024,1.57250737083449,0.0,0.0,0.0,1000000.0,0.02,0
-6.92276715613763,-11.616367801356938,0.025538686084630946,0.0,0.0,0.0,1000000.0,0.02,0
1.3019761318595646,-0.11467411519270643,-0.36213239264839103,0.0,0.0,0.0,1000000.0,0.02,0
-7.709110860033184,-5.212797386611128,-1.8656873255919981,0.0,0.0,0.0,1000000.0,0.02,0
-23.040340841873487,-10.018539407321235,-1.2017608636381274,0.0,0.0,0.0,1000000.0,0.02,0
7.267410590559051,9.947820747487842,-0.4102601580497831,0.0,0.0,0.0,1000000.0,0.02,0
-7.003876576229084,7.7380330588978135,-0.7033392224122146,0.0,0.0,0.0,1000000.0,0.02,0
-0.22853915911918765,0.32304135891688956,-1.7812333738125785,0.0,0.0,0.0,1000000.0,0.02,0
20.028852455818953,-3.506607775854338,-0.43371559960082795,0.0,0.0,0.0,1000000.0,0.02,0
2.5489879295187214,-13.702803653272579,0.4846395348407855,0.0,0.0,0.0,1000000.0,0.02,0
0.5120905743837041,-0.03439061151369798,0.7216682698554946,0.0,0.0,0.0,1000000.0,0.02,0
1.8161181072460328,-1.6003959705156068,0.15584670756976848,0.0,0.0,0.0,1000000.0,0.02,0
-1.4852374652503373,1.3670258308794538,-0.5198387767645638,0.0,0.0,0.0,1000000.0,0.02,0
-0.4020548701752141,10.189922776023762,0.5280119496288638,0.0,0.0,0.0,1000000.0,0.02,0
10.430605852405725,-5.600604170234044,-0.04848853357823746,0.0,0.0,0.0,1000000.0,0.02,0
-3.559368176260018,6.834397252881009,0.3440482667424094,0.0,0.0,0.0,1000000.0,0.02,0
0.6704727740607705,4.962837668482294,0.08758924540181567,0.0,0.0,0.0,1000000.0,0.02,0
-0.5980707765831472,9.101161352128699,0.1655238496608824,0.0,0.0,0.0,1000000.0,0.02,0
5.350255148114833,-6.3280828866416154,-0.2858261252008223,0.0,0.0,0.0,1000000.0,0.02,0
-1.6201690737177745,-0.69761307944333,-1.101948096826641,0.0,0.0,0.0,1000000.0,0.02,0
1.1857536465333067,0.3356011393139271,-0.1633855937491706,0.0,0.0,0.0,1000000.0,0.02,0
0.6359319958875297,0.07086023821862752,0.16737216168091162,0.0,0.0,0.0,1000000.0,0.02,0
-2.496581581997623,-3.7281553849093854,1.9916129985495052,0.0,0.0,0.0,1000000.0,0.02,0
-0.05525207548037205,4.495429007462783,-0.6302724872702541,0.0,0.0,0.0,1000000.0,0.02,0
3.548462119763721,3.094081369885498,-1.7769342050882377,0.0,0.0,0.0,1000000.0,0.02,0
19.97013301764124,-0.34168229717829135,-0.3438587777178368,0.0,0.0,0.0,1000000.0,0.02,0
-3.836964497491622,5.933908313399069,0.27909825346999373,0.0,0.0,0.0,1000000.0,0.02,0
-0.04524453931399069,0.6217203492735027,0.7136030773584929,0.0,0.0,0.0,1000000.0,0.02,0
0.005294590137000251,0.0002834522932108457,-0.885900555508262,0.0,0.0,0.0,1000000.0,0.02,0
1.5519631331185708,-3.6840986631241535,-0.43035109780794834,0.0,0.0,0.0,1000000.0,0.02,0
5.636740659539273,9.056293826658797,-0.4419770327368644,0.0,0.0,0.0,1000000.0,0.02,0
3.195381627827058,0.3932982125311519,-0.183247862155679,0.0,0.0,0.0,1000000.0,0.02,0
-1.2691486391338895,-2.490851861766857,1.736402982970933,0.0,0.0,0.0,1000000.0,0.02,0
-7.878622420365032,2.152263856521918,-0.4863276488887607,0.0,0.0,0.0,1000000.0,0.02,0
-5.880734270828061,1.3573435256162794,-0.11191159598990552,0.0,0.0,0.0,1000000.0,0.02,0
8.72608935355919,-2.800488588377707,-0.35099167482582505,0.0,0.0,0.0,1000000.0,0.02,0
6.884183553129141,12.306946101120667,-0.2967802336892529,0.0,0.0,0.0,1000000.0,0.02,0
3.879560694061466,3.215122016107866,-0.2611472493559024,0.0,0.0,0.0,1000000.0,0.02,0
19.06894206803241,-18.833978975775786,-0.2816161961885397,0.0,0.0,0.0,1000000.0,0.02,0
2.0360678700395147,-3.0717350812563717,-1.146567368162196,0.0,0.0,0.0,1000000.0,0.02,0
-0.08483224384307454,0.008328311366574576,-1.0408129616769664,0.0,0.0,0.0,1000000.0,0.02,0
0.6509244101914062,-10.821215218755967,-0.6736365465650209,0.0,0.0,0.0,1000000.0,0.02,0
13.25066947632094,8.157770517179229,0.32024096352275855,0.0,0.0,0.0,1000000.0,0.02,0
1.6924868463858453,0.648973816801257,-0.5669692534978488,0.0,0.0,0.0,1000000.0,0.02,0
7.409454598034069,-3.901061263078934,0.9568662574482731,0.0,0.0,0.0,1000000.0,0.02,0
-9.606077875060105,12.727962813645556,0.07910972740355149,0.0,0.0,0.0,1000000.0,0.02,0
-2.954115436316488,-5.429657247343745,1.3445324066350137,0.0,0.0,0.0,1000000.0,0.02,0
-6.771143633438545,24.1197297088204,0.005382904224522811,0.0,0.0,0.0,1000000.0,0.02,0
0.455072092914514,-1.2862663682263011,0.20705109603084804,0.0,0.0,0.0,1000000.0,0.02,0
4.336068597544871,-27.936942865165314,-1.125768607974618,0.0,0.0,0.0,1000000.0,0.02,0
0.07690981451706945,0.1891561952392949,1.2361304730867317,0.0,0.0,0.0,1000000.0,0.02,0
-0.9978500076393723,-1.8543039799110033,0.7844959256948902,0.0,0.0,0.0,1000000.0,0.02,0
-0.09556869772877831,-3.8597599941589236,-0.0333568886546356,0.0,0.0,0.0,1000000.0,0.02,0
-0.36879909892803614,0.04485547974856014,-0.4406331834233743,0.0,0.0,0.0,1000000.0,0.02,0
-0.39478118571675874,-0.37578617371616146,0.6107479152919977,0.0,0.0,0.0,1000000.0,0.02,0
-8.089680444323951,26.704464102359346,-0.911051092483584,0.0,0.0,0.0,1000000.0,0.02,0
-5.773108478912617,-18.962593041827375,0.9993964351837681,0.0,0.0,0.0,1000000.0,0.02,0
0.574575123262521,-4.547344069740622,0.012543571205367421,0.0,0.0,0.0,1000000.0,0.02,0
-7.643970197737636,5.791643402482136,0.012246172207659,0.0,0.0,0.0,1000000.0,0.02,0
-8.975858710884983,0.8251375836391617,-0.20214279340009877,0.0,0.0,0.0,1000000.0,0.02,0
7.048947134477148,8.991241233054135,-0.12404810005094458,0.0,0.0,0.0,1000000.0,0.02,0
0.05262589863016435,-0.30432018322690224,-0.13598913690814207,0.0,0.0,0.0,1000000.0,0.02,0
1.669823781823349,-8.376859633070309,-0.3958411543792222,0.0,0.0,0.0,1000000.0,0.02,0
-1.5673716876890724,9.73826399973502,0.8770466868295381,0.0,0.0,0.0,1000000.0,0.02,0
-14.33819529072733,14.412880195955102,0.78501157565504,0.0,0.0,0.0,1000000.0,0.02,0
1.790941929297622,-13.792401967706423,-0.5917383974197472,0.0,0.0,0.0,1000000.0,0.02,0
24.61045830963368,-3.3077091415530107,1.4661853063310506,0.0,0.0,0.0,1000000.0,0.02,0
-0.3628164712851277,7.692514815133921,-0.3978426543488558,0.0,0.0,0.0,1000000.0,0.02,0
0.22707580696968493,-1.2085782093970323,-0.47112855057462255,0.0,0.0,0.0,1000000.0,0.02,0
-17.615116229790477,2.045380266710567,0.9867929376557312,0.0,0.0,0.0,1000000.0,0.02,0
13.33730832694456,2.1139061561762196,0.9035370468640727,0.0,0.0,0.0,1000000.0,0.02,0
5.070381058784892,-5.8809985110766405,0.6242496137736921,0.0,0.0,0.0,1000000.0,0.02,0
0.7764396904939127,-6.045100218132301,0.7366897225069975,0.0,0.0,0.0,1000000.0,0.02,0
0.38265021330482146,0.31227463683376616,1.2626844370518109,0.0,0.0,0.0,1000000.0,0.02,0
5.187105246803899,6.1722190882380366,-0.15961083210734106,0.0,0.0,0.0,1000000.0,0.02,0
1.671733746233398,8.264156055915254,-1.001221216842474,0.0,0.0,0.0,1000000.0,0.02,0
12.815380362979106,-5.007145337146158,0.06264163519587207,0.0,0.0,0.0,1000000.0,0.02,0
4.201098428060228,-6.789799379271954,-0.041413550343134986,0.0,0.0,0.0,1000000.0,0.02,0
0.9755280334204108,0.029679949417858016,-1.7715826042174498,0.0,0.0,0.0,1000000.0,0.02,0
-7.397642182269391,11.498931938159743,-0.13731586745964375,0.0,0.0,0.0,1000000.0,0.02,0
-1.2439491697841472,-1.5642675282443543,1.051676605473685,0.0,0.0,0.0,1000000.0,0.02,0
-3.6501738400583736,-7.314665888626627,0.02322424163061232,0.0,0.0,0.0,1000000.0,0.02,0
-3.7079873996104595,3.0165418992540554,1.8666892558884358,0.0,0.0,0.0,1000000.0,0.02,0
-9.274715502262099,8.457135264834042,-0.8148698053202423,0.0,0.0,0.0,1000000.0,0.02,0
-0.6775833648653171,-0.7196964605075401,1.1668006398191801,0.0,0.0,0.0,1000000.0,0.02,0
-0.6524353631390277,-5.660346382933534,0.6316531656065232,0.0,0.0,0.0,1000000.0,0.02,0
4.111836602000815,14.73009832504005,0.7137846027125718,0.0,0.0,0.0,1000000.0,0.02,0
-15.768924467064613,-3.0723266879249023,-0.7097514860144125,0.0,0.0,0.0,1000000.0,0.02,0
-0.19738817965464517,-0.4250649286959896,-0.235702872232868,0.0,0.0,0.0,1000000.0,0.02,0
1.459034280737546,3.034654299539207,0.41883214061747687,0.0,0.0,0.0,1000000.0,0.02,0
-5.560600504911004,-0.6815712476283361,-0.3920619949183841,0.0,0.0,0.0,1000000.0,0.02,0
0.5971445582046301,5.706506450236622,0.2536355562028314,0.0,0.0,0.0,1000000.0,0.02,0
3.17907253044073,7.94286516231375,-1.7361910056791263,0.0,0.0,0.0,1000000.0,0.02,0
1.0329710310557143,0.36831904092825274,0.38232447363079913,0.0,0.0,0.0,1000000.0,0.02,0
0.37756244705681746,1.4983743762314898,-1.3128677914080473,0.0,0.0,0.0,1000000.0,0.02,0
-2.46711253183027,1.8940424627836672,-1.7873766125593482,0.0,0.0,0.0,1000000.0,0.02,0
0.14745684181054564,-2.576083659381969,-1.2833132778126508,0.0,0.0,0.0,1000000.0,0.02,0
5.129822485034833,17.92059329292925,-0.6705643214792198,0.0,0.0,0.0,1000000.0,0.02,0
-0.927751824493065,0.6022357571248119,-0.7897796559848898,0.0,0.0,0.0,1000000.0,0.02,0
6.882392241711233,-7.8726723146333315,-0.2966014640432748,0.0,0.0,0.0,1000000.0,0.02,0
6.60548385731038,-13.419424441050861,1.244329231675616,0.0,0.0,0.0,1000000.0,0.02,0
-4.699756218651487,9.38286399534976,-0.6836150934126755,0.0,0.0,0.0,1000000.0,0.02,0
2.618288902353759,-0.9316725196549195,-0.4267405426156854,0.0,0.0,0.0,1000000.0,0.02,0
2.627860266410866,1.7224736812898176,-0.6793054155334337,0.0,0.0,0.0,1000000.0,0.02,0
-1.2287380651437658,-0.6101112784523887,-1.2212926301872873,0.0,0.0,0.0,1000000.0,0.02,0
-1.608003073944865,-0.14778178103627326,-0.15077528600866152,0.0,0.0,0.0,1000000.0,0.02,0
-0.46397960514342,-9.535756306508128,0.9825078407315466,0.0,0.0,0.0,1000000.0,0.02,0
-2.6945007790502102,-10.730447539111964,0.05410653225029538,0.0,0.0,0.0,1000000.0,0.02,0
-4.390011481296681,-3.525548412920169,0.3427408059911512,0.0,0.0,0.0,1000000.0,0.02,0
-0.4499174954816248,-17.960595904554015,0.07849205261146874,0.0,0.0,0.0,1000000.0,0.02,0
0.6886777727451361,1.4525701903254626,0.2892852537704105,0.0,0.0,0.0,1000000.0,0.02,0
7.283280454977333,-10.097150634157707,-0.4647108365771171,0.0,0.0,0.0,1000000.0,0.02,0
5.022583354070761,-8.152204439907841,0.2577293541883865,0.0,0.0,0.0,1000000.0,0.02,0
-0.5357728334912792,0.2890369393440282,0.34497741232682877,0.0,0.0,0.0,1000000.0,0.02,0
-0.8162838699460341,-0.8343528953925357,-1.614749465584703,0.0,0.0,0.0,1000000.0,0.02,0
-12.444033935879752,5.08133664726476,0.9925743273819592,0.0,0.0,0.0,1000000.0,0.02,0
-2.401915906403066,22.17787397325788,0.11194957541029105,0.0,0.0,0.0,1000000.0,0.02,0
0.0752263544922824,-0.12128772397874402,0.004200534151425295,0.0,0.0,0.0,1000000.0,0.02,0
-0.598192688152285,0.6433511224241839,0.0858620337372713,0.0,0.0,0.0,1000000.0,0.02,0
-18.31516491857816,-1.862163915445193,0.49802933990615816,0.0,0.0,0.0,1000000.0,0.02,0
0.9744068955494081,-1.501861174644749,1.0713612871373774,0.0,0.0,0.0,1000000.0,0.02,0
13.053395064353793,2.0288277216488737,-0.6623938639203528,0.0,0.0,0.0,1000000.0,0.02,0
-10.168660568862744,-8.59301654145897,-1.5345163150475551,0.0,0.0,0.0,1000000.0,0.02,0
0.455412248331447,-26.857868115559874,0.7461686452933982,0.0,0.0,0.0,1000000.0,0.02,0
18.311425797516556,5.452545013899106,-0.01983458754159617,0.0,0.0,0.0,1000000.0,0.02,0
-0.9203049498204424,0.15261283491809882,-1.2964768819128665,0.0,0.0,0.0,1000000.0,0.02,0
-2.1443891694899406,-1.6976472137817478,-0.5054316212055658,0.0,0.0,0.0,1000000.0,0.02,0
-1.602903972203621,0.539408160290633,0.7985937221145276,0.0,0.0,0.0,1000000.0,0.02,0
-1.1570230120952267,-0.31163393105188786,-0.9560651588710938,0.0,0.0,0.0,1000000.0,0.02,0
6.46793426480494,-7.289605126370731,1.5500116413424712,0.0,0.0,0.0,1000000.0,0.02,0
3.072223735731468,-0.6519044894222582,-0.3748459275034799,0.0,0.0,0.0,1000000.0,0.02,0
6.525372507127409,5.376685935048303,0.5407331051420448,0.0,0.0,0.0,1000000.0,0.02,0
-3.1604794313196445,6.765714185543333,0.24171025670187873,0.0,0.0,0.0,1000000.0,0.02,0
-0.4838689541647855,0.31304463777013747,-1.197555993958729,0.0,0.0,0.0,1000000.0,0.02,0
22.156262472783602,-5.423122989535113,-0.16780043960628532,0.0,0.0,0.0,1000000.0,0.02,0
1.5359386366072287,1.4514079596333591,-0.1664916527194995,0.0,0.0,0.0,1000000.0,0.02,0
-5.412191270069355,10.765578585779515,-0.31981010087575346,0.0,0.0,0.0,1000000.0,0.02,0
2.8006440665166203,-1.1028450409024497,-0.291720557980657,0.0,0.0,0.0,1000000.0,0.02,0
18.601262384363086,1.1775017297863866,0.24140181169660302,0.0,0.0,0.0,1000000.0,0.02,0
1.1798381079132136,14.128590358825418,1.2307752737074313,0.0,0.0,0.0,1000000.0,0.02,0
8.651865379888536,-0.5270139335177538,-0.3279193814713217,0.0,0.0,0.0,1000000.0,0.02,0
-6.588629353220692,8.042122015051241,0.9265225876792531,0.0,0.0,0.0,1000000.0,0.02,0
7.782096702576048,6.417134115425009,0.23782121875592566,0.0,0.0,0.0,1000000.0,0.02,0
2.2806230223612536,-1.6177356864532315,0.820578326804962,0.0,0.0,0.0,1000000.0,0.02,0
4.289755197485992,-1.6616945107610683,-0.8836663155653559,0.0,0.0,0.0,1000000.0,0.02,0
-9.231063859864058,-14.332548887401547,-1.4694830520964706,0.0,0.0,0.0,1000000.0,0.02,0
-16.980811927665798,3.210547113601838,0.45450346627086,0.0,0.0,0.0,1000000.0,0.02,0
-10.986104889808034,-0.40869080518092843,-0.5251427163733897,0.0,0.0,0.0,1000000.0,0.02,0
7.93177074290412,-7.0343233817857636,-0.1667993739848006,0.0,0.0,0.0,1000000.0,0.02,0
-10.346098705111125,-4.59113568778596,1.1064020125376919,0.0,0.0,0.0,1000000.0,0.02,0
5.928759781475342,-9.182258379057108,0.7514506649992123,0.0,0.0,0.0,1000000.0,0.02,0
1.919229191732893,-4.579515206325671,0.3000043981774825,0.0,0.0,0.0,1000000.0,0.02,0
-2.7055910562958285,2.984802929268245,-1.8232546471883868,0.0,0.0,0.0,1000000.0,0.02,0
-7.730816534474276,1.3614701825936188,0.06530705415651461,0.0,0.0,0.0,1000000.0,0.02,0
-0.3061325006275368,1.6750349627828647,0.47669825321089654,0.0,0.0,0.0,1000000.0,0.02,0
-4.78764193224864,-8.063759128183806,-1.9014151723329,0.0,0.0,0.0,1000000.0,0.02,0
4.6216386996371535,5.321589565217757,0.5388014877023828,0.0,0.0,0.0,1000000.0,0.02,0
-2.621611067983551,0.6487859247501161,-0.0661723737631208,0.0,0.0,0.0,1000000.0,0.02,0
13.001840218383943,7.819493235804708,1.2111139420515578,0.0,0.0,0.0,1000000.0,0.02,0
10.186525142892739,-4.44268380907867,0.595862663296165,0.0,0.0,0.0,1000000.0,0.02,0
-7.793454933503592,-0.06686014060179739,-0.2705868196038672,0.0,0.0,0.0,1000000.0,0.02,0
-1.6734026324246964,1.5858512120138928,0.1283566339894504,0.0,0.0,0.0,1000000.0,0.02,0
5.231393152152658,-0.18566909466346623,0.7275878767620663,0.0,0.0,0.0,1000000.0,0.02,0
-7.070201430273929,2.2735311514414196,0.5282707278046672,0.0,0.0,0.0,1000000.0,0.02,0
-3.0850973025365627,0.8790922988624412,1.3586378054434567,0.0,0.0,0.0,1000000.0,0.02,0
-0.8174757045722941,-12.938933007296757,0.947433865959808,0.0,0.0,0.0,1000000.0,0.02,0
10.81935459860313,-18.753191226752854,0.43501910190620485,0.0,0.0,0.0,1000000.0,0.02,0
-0.013842119523493731,-0.10691714491125467,0.009607005385343648,0.0,0.0,0.0,1000000.0,0.02,0
-1.2571346805234587,-6.408050936050913,0.6419870714771356,0.0,0.0,0.0,1000000.0,0.02,0
0.9370065400160922,2.450028211934615,1.6162970585311145,0.0,0.0,0.0,1000000.0,0.02,0
-2.1243502484907504,1.846882443692712,-0.6716263151212791,0.0,0.0,0.0,1000000.0,0.02,0
0.16267317161180994,-1.937970093778132,-0.04055748701920425,0.0,0.0,0.0,1000000.0,0.02,0
-7.5155039481044605,11.025633002609204,0.2749830676731042,0.0,0.0,0.0,1000000.0,0.02,0
-0.5463140845596905,3.2397867429811638,-0.07727014630780005,0.0,0.0,0.0,1000000.0,0.02,0
-1.9544292887390127,-5.202549937243049,0.23587974845795845,0.0,0.0,0.0,1000000.0,0.02,0
-5.221626510197762,-6.307180468563835,0.4487088249851592,0.0,0.0,0.0,1000000.0,0.02,0
-6.629743958192462,-4.850580097020998,1.2493282540769544,0.0,0.0,0.0,1000000.0,0.02,0
2.117114066873197,-23.012245356705602,0.1375484782526959,0.0,0.0,0.0,1000000.0,0.02,0
0.866726833174056,3.665252599053194,-1.0356492081041004,0.0,0.0,0.0,1000000.0,0.02,0
0.09343815254779117,-0.5896529174062862,-0.14954015770155937,0.0,0.0,0.0,1000000.0,0.02,0
-8.659202913519596,5.9849568572652565,0.018166837962475313,0.0,0.0,0.0,1000000.0,0.02,0
0.16464884367056679,0.004511342738512981,-0.20319667353633886,0.0,0.0,0.0,1000000.0,0.02,0
5.794693090016322,5.066001599524478,-1.3493586412481058,0.0,0.0,0.0,1000000.0,0.02,0
8.656513000492318,10.929104988615842,0.4405636950862517,0.0,0.0,0.0,1000000.0,0.02,0
3.5860723752129737,-9.214286604744373,-0.8592714234662209,0.0,0.0,0.0,1000000.0,0.02,0
-9.946574181022218,1.1086898071664915,1.020810198217493,0.0,0.0,0.0,1000000.0,0.02,0
-5.807555196308706,-9.067416247970293,0.21302823505537294,0.0,0.0,0.0,1000000.0,0.02,0
-0.4463917525619129,0.8839871176290774,-0.6972758862004449,0.0,0.0,0.0,1000000.0,0.02,0
1.4447335836224189,-1.0308297726831677,1.0394896128691364,0.0,0.0,0.0,1000000.0,0.02,0
-4.188648517148467,8.651495004423882,1.6228005663340772,0.0,0.0,0.0,1000000.0,0.02,0
-2.3304640389228535,-2.1086775671246216,-1.7018402323694533,0.0,0.0,0.0,1000000.0,0.02,0
-3.4729627821457476,5.736229652045153,-0.34159904869868907,0.0,0.0,0.0,1000000.0,0.02,0
-15.649131709987946,13.283476856002906,0.6960517397999455,0.0,0.0,0.0,1000000.0,0.02,0
-1.089088029471682,-1.6165926209448689,-0.012838063726594129,0.0,0.0,0.0,1000000.0,0.02,0
-2.510697285335482,-3.2189045699400807,0.38920989037888987,0.0,0.0,0.0,1000000.0,0.02,0
-5.6932317805421055,-10.674185736981501,0.028016640707620333,0.0,0.0,0.0,1000000.0,0.02,0
4.718171457512748,-6.179424164021481,-1.3167947259911257,0.0,0.0,0.0,1000000.0,0.02,0
-9.507673662207358,2.475020521281486,1.5189998247944905,0.0,0.0,0.0,1000000.0,0.02,0
1.0490858099821363,5.696531410479419,-1.0533847213647949,0.0,0.0,0.0,1000000.0,0.02,0
3.6173050323336593,-3.5974283526269923,-0.3383411242035397,0.0,0.0,0.0,1000000.0,0.02,0
1.2440325626052926,7.715126900128291,0.7420896180794996,0.0,0.0,0.0,1000000.0,0.02,0
-0.6841128597346724,3.50851658971659,0.18359393183818185,0.0,0.0,0.0,1000000.0,0.02,0
-10.72269017214468,14.577252503801438,-0.7793497033034624,0.0,0.0,0.0,1000000.0,0.02,0
2.2898541410229676,9.378645542827362,0.9308381053727715,0.0,0.0,0.0,1000000.0,0.02,0
-2.535217598484692,-0.2911385605476591,-1.3593733041489848,0.0,0.0,0.0,1000000.0,0.02,0
1.7129278698769455,-1.1914656133208306,0.8291768751882023,0.0,0.0,0.0,1000000.0,0.02,0
-0.9218856071374726,2.271588406000924,-0.038948966422339026,0.0,0.0,0.0,1000000.0,0.02,0
-21.988945825202652,-19.09317057742512,-1.0956765623623683,0.0,0.0,0.0,1000000.0,0.02,0
10.306656386402473,3.834651799475469,-1.3927086956939796,0.0,0.0,0.0,1000000.0,0.02,0
-1.3298816753914635,-5.2811276141060794,-0.5972517399412149,0.0,0.0,0.0,1000000.0,0.02,0
7.464841843837121,13.858707825561071,-0.2513959968804267,0.0,0.0,0.0,1000000.0,0.02,0
-17.46710398579825,-0.18770837514051084,0.2727072788516107,0.0,0.0,0.0,1000000.0,0.02,0
-2.8052089413851085,-0.5259891137729499,-0.8088366461953527,0.0,0.0,0.0,1000000.0,0.02,0
-0.7751004475962451,-0.31231841881778555,-0.9870996000285537,0.0,0.0,0.0,1000000.0,0.02,0
12.763436614864453,6.014019883980261,-0.1487997370340972,0.0,0.0,0.0,1000000.0,0.02,0
-1.0333120185919737,3.8643522472106877,0.4019244486717488,0.0,0.0,0.0,1000000.0,0.02,0
21.084329632918536,3.8892460306507717,-0.3062979987404342,0.0,0.0,0.0,1000000.0,0.02,0
-10.658470240421407,3.06428645652237,0.58336976547709,0.0,0.0,0.0,1000000.0,0.02,0
-0.620913403395568,-3.494643731572054,-0.09198091465516356,0.0,0.0,0.0,1000000.0,0.02,0
0.052188089655029184,3.225652332898226,0.7994696199544284,0.0,0.0,0.0,1000000.0,0.02,0
1.2549770324182148,-0.8646694170187985,-0.3182718615122502,0.0,0.0,0.0,1000000.0,0.02,0
-2.4812405004787843,-1.8634791153262464,0.27773987947040535,0.0,0.0,0.0,1000000.0,0.02,0
2.63356311989484,-0.2703821259204655,-0.1895405665675458,0.0,0.0,0.0,1000000.0,0.02,0
3.4106805410665366,3.7656592107586384,-0.027876810455747858,0.0,0.0,0.0,1000000.0,0.02,0
-3.142048653346187,-0.004356139893754021,0.643706927302671,0.0,0.0,0.0,1000000.0,0.02,0
0.4000563702047418,-1.130487550806785,0.7433460257828646,0.0,0.0,0.0,1000000.0,0.02,0
5.363881694679305,-2.7558132397596484,-0.7402138917404875,0.0,0.0,0.0,1000000.0,0.02,0
4.072526840480755,-3.2231307874800463,0.017006083674813155,0.0,0.0,0.0,1000000.0,0.02,0
2.7516091237003466,0.07954045627622519,0.39705811554821757,0.0,0.0,0.0,1000000.0,0.02,0
-0.08812033613974624,0.08221794970194234,-0.14674768605110344,0.0,0.0,0.0,1000000.0,0.02,0
6.0207310917257075,24.366094095010943,-1.6730849537795471,0.0,0.0,0.0,1000000.0,0.02,0
-5.6541408446827255,6.517712007721887,-1.873780114278726,0.0,0.0,0.0,1000000.0,0.02,0
1.0144646503916097,-5.014723509225326,0.3321833886094083,0.0,0.0,0.0,1000000.0,0.02,0
6.343089598930305,-4.376730771061091,0.14801736543461708,0.0,0.0,0.0,1000000.0,0.02,0
3.270336102994645,3.1746513463479675,-0.13915819487911385,0.0,0.0,0.0,1000000.0,0.02,0
2.7275035194270694,-3.312648053863201,-0.7540744015980883,0.0,0.0,0.0,1000000.0,0.02,0
0.6362534900033958,1.3871744576743905,-0.7356430861653207,0.0,0.0,0.0,1000000.0,0.02,0
-4.702582179611109,5.599858814719748,-0.3217284754455543,0.0,0.0,0.0,1000000.0,0.02,0
2.656435019656891,-0.21594836522583274,-0.5986886195766683,0.0,0.0,0.0,1000000.0,0.02,0
-8.415364928502422,5.351958462003283,-1.9893972799383244,0.0,0.0,0.0,1000000.0,0.02,0
0.04441053732148458,-19.65092886273953,-0.046032388892604637,0.0,0.0,0.0,1000000.0,0.02,0
8.117246482244092,-3.452659920397442,-0.7015284155519979,0.0,0.0,0.0,1000000.0,0.02,0
-5.719880476843692,2.9888522670238866,0.6961298497622233,0.0,0.0,0.0,1000000.0,0.02,0
-0.07455089417847487,-0.010242000248485348,-0.06182541433262134,0.0,0.0,0.0,1000000.0,0.02,0
6.29522017175021,-5.785082226574371,-0.09511814381266337,0.0,0.0,0.0,1000000.0,0.02,0
15.684966149332348,14.724120975915492,-0.18066769180783648,0.0,0.0,0.0,1000000.0,0.02,0
-11.777554896220783,-9.167461017003383,-1.1607502091044761,0.0,0.0,0.0,1000000.0,0.02,0
-3.032610045703649,-5.410228457183828,-0.07963764746405655,0.0,0.0,0.0,1000000.0,0.02,0
-7.077301519814513,-0.5453688388683157,0.062077890554204096,0.0,0.0,0.0,1000000.0,0.02,0
2.1815482457096036,-3.659097915941087,0.14319369309323182,0.0,0.0,0.0,1000000.0,0.02,0
-4.400338995261825,1.8961497467426764,-0.7724469515981269,0.0,0.0,0.0,1000000.0,0.02,0
-10.211666202176291,-1.9863973965147985,-0.45291886881771504,0.0,0.0,0.0,1000000.0,0.02,0
0.9573987126965111,-4.971602981801582,-0.4382462928677553,0.0,0.0,0.0,1000000.0,0.02,0
14.610144328211423,-1.4624318286451756,0.1808927002498777,0.0,0.0,0.0,1000000.0,0.02,0
7.450978735043356,-12.140820919210821,0.7782548118002879,0.0,0.0,0.0,1000000.0,0.02,0
-0.38276390883040123,-0.3425417679890176,0.8912489039692764,0.0,0.0,0.0,1000000.0,0.02,0
-11.696989250863357,12.353302848098838,-0.8851088999277854,0.0,0.0,0.0,1000000.0,0.02,0
4.94538495643283,-2.993131269958578,-0.5777083460159647,0.0,0.0,0.0,1000000.0,0.02,0
3.2482276208522856,2.6422340370184156,0.9949631326892003,0.0,0.0,0.0,1000000.0,0.02,0
2.447189245043835,-5.919122720622287,-0.22502741170721663,0.0,0.0,0.0,1000000.0,0.02,0
-4.400461044461372,-5.75564050516786,-0.48964307251238814,0.0,0.0,0.0,1000000.0,0.02,0
2.1036531236247344,-0.5311592723361006,0.7892438564830879,0.0,0.0,0.0,1000000.0,0.02,0
-17.17185707742184,-1.0816883067371301,0.9457814431454103,0.0,0.0,0.0,1000000.0,0.02,0
-0.6922712443454924,0.675532059180154,-1.211172478901184,0.0,0.0,0.0,1000000.0,0.02,0
0.15418623890624433,0.9007674417353467,-0.0005268112129215297,0.0,0.0,0.0,1000000.0,0.02,0
-7.699212338297268,5.080675587369163,0.44645192873108286,0.0,0.0,0.0,1000000.0,0.02,0
0.8474959122870159,7.030536966306589,-0.024310526929295584,0.0,0.0,0.0,1000000.0,0.02,0
-3.1866710937587737,-0.4556834816654552,-1.6797116807911578,0.0,0.0,0.0,1000000.0,0.02,0
-0.1984666085291124,2.4753241133802657,-0.9717923469075522,0.0,0.0,0.0,1000000.0,0.02,0
-0.898353427778526,-2.249556560085867,-1.856935262021545,0.0,0.0,0.0,1000000.0,0.02,0
1.5069826732268767,-2.013598804472805,-0.22175873474375063,0.0,0.0,0.0,1000000.0,0.02,0
1.3771753285430284,0.5405519865113453,-0.5120340631448093,0.0,0.0,0.0,1000000.0,0.02,0
16.191814702468907,9.141386214660942,-1.5191965286340698,0.0,0.0,0.0,1000000.0,0.02,0
14.053972954792442,-26.21840773671388,-0.6797556549332748,0.0,0.0,0.0,1000000.0,0.02,0
-5.005601700426946,-0.4428018843004002,-0.6572749167684186,0.0,0.0,0.0,1000000.0,0.02,0
1.6339477746408018,0.8756191837272219,-0.3377125346463812,0.0,0.0,0.0,1000000.0,0.02,0
2.003425351163033,-2.3796538537017105,-1.4371586652199593,0.0,0.0,0.0,1000000.0,0.02,0
-0.18246991850987465,4.791412873937724,0.033653889885427724,0.0,0.0,0.0,1000000.0,0.02,0
2.775444013821352,-2.477035051886555,-1.4283231316174332,0.0,0.0,0.0,1000000.0,0.02,0
-1.1772817739702843,1.3889114639083158,-0.23213482696913434,0.0,0.0,0.0,1000000.0,0.02,0
3.7667696313645878,-2.298993797030328,1.022223462133077,0.0,0.0,0.0,1000000.0,0.02,0
0.4025295777949082,1.7085686573364474,1.8967207778538047,0.0,0.0,0.0,1000000.0,0.02,0
6.92425820337242,-20.124357991190585,0.6304945767198085,0.0,0.0,0.0,1000000.0,0.02,0
0.40103192542914384,0.641816965706603,-1.3511612791324765,0.0,0.0,0.0,1000000.0,0.02,0
-4.555569264430932,-8.477116889128498,-1.7276855605242094,0.0,0.0,0.0,1000000.0,0.02,0
3.4334969066765306,1.521376076009119,-0.12893168354884388,0.0,0.0,0.0,1000000.0,0.02,0
19.326648438052374,2.327171195286643,1.864101055580333,0.0,0.0,0.0,1000000.0,0.02,0
0.597663134442034,1.5111994244226723,-0.29106684272218075,0.0,0.0,0.0,1000000.0,0.02,0
-5.412208810396498,10.80490019413238,-0.4487554760389356,0.0,0.0,0.0,1000000.0,0.02,0
-1.5528923066483575,-1.739769759220744,-0.2889009079837157,0.0,0.0,0.0,1000000.0,0.02,0
3.0223867454812168,-2.56297706577803,1.0853594897778969,0.0,0.0,0.0,1000000.0,0.02,0
3.521222606503463,2.641038107915675,0.08609352431885853,0.0,0.0,0.0,1000000.0,0.02,0
3.850613715902856,26.68350484442196,-0.007384950313486627,0.0,0.0,0.0,1000000.0,0.02,0
7.457822862622173,3.6082141501875915,-0.326505529667517,0.0,0.0,0.0,1000000.0,0.02,0
0.051540854827998396,-0.48643639550074996,-0.7228451778328795,0.0,0.0,0.0,1000000.0,0.02,0
-5.208493207720067,-5.2184170680438795,0.10142198275913294,0.0,0.0,0.0,1000000.0,0.02,0
0.9840800087860933,1.8084540466316892,0.23455093254205295,0.0,0.0,0.0,1000000.0,0.02,0
-9.504466060152469,8.86520149808231,0.11211069235931248,0.0,0.0,0.0,1000000.0,0.02,0
-6.020450351636367,2.965317453796341,1.5548848748658397,0.0,0.0,0.0,1000000.0,0.02,0
-0.18354741824931384,5.540489932295007,1.0515307658480335,0.0,0.0,0.0,1000000.0,0.02,0
2.314532040595062,-8.390069497741544,-1.586473019447439,0.0,0.0,0.0,1000000.0,0.02,0
-2.9895642026187246,-9.536835069335565,-1.079405707340734,0.0,0.0,0.0,1000000.0,0.02,0
-19.12147110333168,14.629386504562307,0.6754157002605483,0.0,0.0,0.0,1000000.0,0.02,0
0.7691014984627096,0.8077812850275431,-0.0382136355035696,0.0,0.0,0.0,1000000.0,0.02,0
2.626985691118088,-7.530781298015432,0.5052588595597234,0.0,0.0,0.0,1000000.0,0.02,0
18.536692972739782,4.6630399164649186,0.4640684235805006,0.0,0.0,0.0,1000000.0,0.02,0
-4.5013420711101855,10.568118889277972,-0.40133368659591273,0.0,0.0,0.0,1000000.0,0.02,0
-12.105691105081156,4.399337301004657,-1.9147513200503932,0.0,0.0,0.0,1000000.0,0.02,0
-2.9995993268953067,0.8676909274815303,-0.7563109670397621,0.0,0.0,0.0,1000000.0,0.02,0
-0.19476677166709574,-1.2325132545436353,0.10285267996414849,0.0,0.0,0.0,1000000.0,0.02,0
1.3997240466849643,-4.153401806209912,0.04172780767864648,0.0,0.0,0.0,1000000.0,0.02,0
-4.414252530720531,4.764134134195839,0.5598527478230197,0.0,0.0,0.0,1000000.0,0.02,0
-7.7457558667053,-6.489667447187392,-0.8729504642581931,0.0,0.0,0.0,1000000.0,0.02,0
6.572489416399026,-0.9465491671284618,-0.1906254901719171,0.0,0.0,0.0,1000000.0,0.02,0
-6.646175077241172,1.1964291863467726,-1.848057613316767,0.0,0.0,0.0,1000000.0,0.02,0
-6.07216564288281,-8.206886994263902,0.2710594475272545,0.0,0.0,0.0,1000000.0,0.02,0
14.114338440556875,16.67466277671964,-0.5259239644528568,0.0,0.0,0.0,1000000.0,0.02,0
17.834465228853492,-9.692162243237796,-0.07671595811087606,0.0,0.0,0.0,1000000.0,0.02,0
-7.048124840755128,-8.423018497705751,0.913929082887269,0.0,0.0,0.0,1000000.0,0.02,0
0.11157145522638326,-0.11602669780929065,-1.5081978679589563,0.0,0.0,0.0,1000000.0,0.02,0
-4.5574016162565965,-11.749406705390223,0.5087269371029812,0.0,0.0,0.0,1000000.0,0.02,0
-0.8121456073949507,-3.230543245736928,0.8191800554984052,0.0,0.0,0.0,1000000.0,0.02,0
-14.870651744284883,5.599273473320823,-0.06582256435071887,0.0,0.0,0.0,1000000.0,0.02,0
-0.2892054053804375,-0.06899145176044191,-0.2873787105684631,0.0,0.0,0.0,1000000.0,0.02,0
3.5933590470531254,23.204412925045883,-0.9467399622704074,0.0,0.0,0.0,1000000.0,0.02,0
-8.711936906981729,1.6394638947787166,0.5827829786338734,0.0,0.0,0.0,1000000.0,0.02,0
8.899131606439765,-14.131541946518105,0.7709621238870241,0.0,0.0,0.0,1000000.0,0.02,0
-2.8071832382022723,-2.2147473194456637,0.5168882990758679,0.0,0.0,0.0,1000000.0,0.02,0
-8.402290052756433,2.8667230089206766,-0.4283140125401488,0.0,0.0,0.0,1000000.0,0.02,0
2.061872230212044,0.07524912807409137,-0.38190778637739875,0.0,0.0,0.0,1000000.0,0.02,0
0.15404654757800057,0.7243543468498402,0.047917400784540654,0.0,0.0,0.0,1000000.0,0.02,0
-11.289485650692603,4.010704697292391,0.9762900242456611,0.0,0.0,0.0,1000000.0,0.02,0
11.03501970102374,1.8783695687386983,-0.6635217875310646,0.0,0.0,0.0,1000000.0,0.02,0
-12.785185092467238,-9.905945682990518,0.331589251279115,0.0,0.0,0.0,1000000.0,0.02,0
12.184056291966648,15.412614645138264,1.3242901315366327,0.0,0.0,0.0,1000000.0,0.02,0
-16.34115366909845,11.008008977847354,0.6601687871075104,0.0,0.0,0.0,1000000.0,0.02,0
-19.47001784964725,-14.748899877256564,1.0659635732959334,0.0,0.0,0.0,1000000.0,0.02,0
0.6676565818107212,0.6637278644394297,-0.28381317501560055,0.0,0.0,0.0,1000000.0,0.02,0
-11.61290192218224,14.985932817265176,1.170006949079113,0.0,0.0,0.0,1000000.0,0.02,0
-14.403855989965889,-1.8318723893584974,-0.1969941068792478,0.0,0.0,0.0,1000000.0,0.02,0
0.0412365277054316,-0.2631999135807798,-0.8779767798961773,0.0,0.0,0.0,1000000.0,0.02,0
-0.9777597951131844,0.09664765537356601,0.9293167290062572,0.0,0.0,0.0,1000000.0,0.02,0
1.7397952454152952,-2.2735616359520248,-0.7425041858827388,0.0,0.0,0.0,1000000.0,0.02,0
-2.2663626754110777,-1.5216315214858553,-0.24846095867789053,0.0,0.0,0.0,1000000.0,0.02,0
-5.191919868433946,-3.705547434200072,-1.9717907368132588,0.0,0.0,0.0,1000000.0,0.02,0
19.87625533036615,5.963178551873009,0.3606493829711894,0.0,0.0,0.0,1000000.0,0.02,0
-0.16871264200165523,1.2830998812832346,-0.4039293473931993,0.0,0.0,0.0,1000000.0,0.02,0
1.525170747765334,-11.103428566575817,-1.0584662836712004,0.0,0.0,0.0,1000000.0,0.02,0
4.79147583328769,2.395138068558317,-0.3583176397451586,0.0,0.0,0.0,1000000.0,0.02,0
-3.431881316034569,0.25304768396984456,-0.10343814923554806,0.0,0.0,0.0,1000000.0,0.02,0
6.593956161020662,-0.16147606865274958,0.3413215148231652,0.0,0.0,0.0,1000000.0,0.02,0
-7.610344986336166,4.153290317299152,-1.615681814435356,0.0,0.0,0.0,1000000.0,0.02,0
0.9448531198415588,4.304205519654659,-0.10392437608466487,0.0,0.0,0.0,1000000.0,0.02,0
0.7004653037798738,3.646064995943418,-0.8762279844412806,0.0,0.0,0.0,1000000.0,0.02,0
0.48312010723983867,-3.445898379031873,-0.3067684132550301,0.0,0.0,0.0,1000000.0,0.02,0
4.612150751638177,7.8875478386017,0.21401111857807997,0.0,0.0,0.0,1000000.0,0.02,0
-5.1753630888894575,3.9241058502795303,0.4287268189361102,0.0,0.0,0.0,1000000.0,0.02,0
4.3306142945402115,2.6248635348489127,-0.4735940719149161,0.0,0.0,0.0,1000000.0,0.02,0
-5.711540109982536,0.5984129289024052,-1.3590137299876437,0.0,0.0,0.0,1000000.0,0.02,0
3.616359901120224,-7.888181253167816,-0.7501353901709553,0.0,0.0,0.0,1000000.0,0.02,0
-0.20237740072141275,0.2844965906211,-0.006074344049725511,0.0,0.0,0.0,1000000.0,0.02,0
-6.378351586313646,-5.932938098668409,-0.8831816924796758,0.0,0.0,0.0,1000000.0,0.02,0
-23.4472774604321,-0.048453773846452726,-1.781797363823289,0.0,0.0,0.0,1000000.0,0.02,0
-4.790552130691255,2.876193777667822,-0.1970909653616495,0.0,0.0,0.0,1000000.0,0.02,0
-4.657118445973895,-2.064040892059721,-0.0923372569225398,0.0,0.0,0.0,1000000.0,0.02,0
-6.582611178790599,8.221545407209153,-0.48628571803682963,0.0,0.0,0.0,1000000.0,0.02,0
-0.7557665082921121,-3.1886818397097207,-0.18554282419758028,0.0,0.0,0.0,1000000.0,0.02,0
-0.926256856339946,-1.1607902190799404,0.10600880178317329,0.0,0.0,0.0,1000000.0,0.02,0
0.9246288217812481,1.0990681111406446,-0.24980879989324745,0.0,0.0,0.0,1000000.0,0.02,0
0.17690999269349406,-0.2928127598717799,-0.08240317065313096,0.0,0.0,0.0,1000000.0,0.02,0
3.1894725173386567,-1.9395284428079658,-0.4677432630614815,0.0,0.0,0.0,1000000.0,0.02,0
5.754975256029016,7.701193254135078,-0.6663650651523216,0.0,0.0,0.0,1000000.0,0.02,0
2.655567676100095,0.2406903251328239,0.8321341896540417,0.0,0.0,0.0,1000000.0,0.02,0
2.818495194355005,-1.0013049168586359,1.1019294476477626,0.0,0.0,0.0,1000000.0,0.02,0
15.936129685619955,19.74234507803235,-1.0023527228396913,0.0,0.0,0.0,1000000.0,0.02,0
-14.12014694232659,1.5388649321317607,-0.10638473247891156,0.0,0.0,0.0,1000000.0,0.02,0
-1.631129253723354,0.4886394837964577,-0.9194826672643792,0.0,0.0,0.0,1000000.0,0.02,0
-4.818975757374867,1.2701997424487887,1.2818072479642018,0.0,0.0,0.0,1000000.0,0.02,0
0.15092426971906714,0.24008141703896707,-0.16779436925971503,0.0,0.0,0.0,1000000.0,0.02,0
-3.799576981683858,2.4514744205693773,-1.533797799965173,0.0,0.0,0.0,1000000.0,0.02,0
-0.10591794679626844,0.04936423044013399,1.0657100703241635,0.0,0.0,0.0,1000000.0,0.02,0
26.43753562866717,9.651631290309782,-1.0689738911002484,0.0,0.0,0.0,1000000.0,0.02,0
0.5951219417575232,0.4815762744962242,-0.9167351429700181,0.0,0.0,0.0,1000000.0,0.02,0
8.186023198510231,-5.219090931626101,0.4276842359937998,0.0,0.0,0.0,1000000.0,0.02,0
-4.817386128577889,-9.472415089238433,0.7927095207310231,0.0,0.0,0.0,1000000.0,0.02,0
0.456584847146761,0.15133088762718358,-0.09261559809804254,0.0,0.0,0.0,1000000.0,0.02,0
0.35850430619187984,3.2441203943756176,0.8066612631083494,0.0,0.0,0.0,1000000.0,0.02,0
27.824009063238424,3.8139783701166206,-0.30727959514075476,0.0,0.0,0.0,1000000.0,0.02,0
-1.4338864439542052,-1.5835306092316919,-0.17109795363918234,0.0,0.0,0.0,1000000.0,0.02,0
-3.1072652990810132,2.1747064571737744,0.8655176575125898,0.0,0.0,0.0,1000000.0,0.02,0
4.466145293748876,-7.629591259748533,0.33093182215993355,0.0,0.0,0.0,1000000.0,0.02,0
10.83393951403477,10.236291727299752,-0.23323948566008568,0.0,0.0,0.0,1000000.0,0.02,0
-0.041525416290417685,0.762723703685592,0.4751604681298973,0.0,0.0,0.0,1000000.0,0.02,0
-0.9139258509789461,0.21294973252449423,1.7421498604456707,0.0,0.0,0.0,1000000.0,0.02,0
8.421438734359706,4.706091528289946,-0.14087749808353855,0.0,0.0,0.0,1000000.0,0.02,0
-14.117613803813514,-25.56694882653585,-0.12918698024842445,0.0,0.0,0.0,1000000.0,0.02,0
-3.284940727642853,7.234211210209378,0.15739130084408703,0.0,0.0,0.0,1000000.0,0.02,0
13.957835216753075,-25.782800826188407,0.6342890685062921,0.0,0.0,0.0,1000000.0,0.02,0
-3.142420154668754,3.4296447837421655,0.6319349826831653,0.0,0.0,0.0,1000000.0,0.02,0
0.6989056319624717,0.003307852275968241,0.25821261232417214,0.0,0.0,0.0,1000000.0,0.02,0
-0.3305202034513465,9.398385982815094,-1.347482142406835,0.0,0.0,0.0,1000000.0,0.02,0
-16.0715215194101,13.019452074041018,-0.11608243159875986,0.0,0.0,0.0,1000000.0,0.02,0
6.305792073088001,12.613718835027614,0.08486788022667824,0.0,0.0,0.0,1000000.0,0.02,0
1.4676375102255454,-3.284408891191485,0.2401028144141284,0.0,0.0,0.0,1000000.0,0.02,0
-16.49001482420682,-13.49731837315115,0.10068326918926918,0.0,0.0,0.0,1000000.0,0.02,0
-8.738805356028257,-6.145945574085566,-1.6660415080734934,0.0,0.0,0.0,1000000.0,0.02,0
-5.412937325229752,6.223559069909674,-0.6862151260540754,0.0,0.0,0.0,1000000.0,0.02,0
-2.8003731041997995,-12.43986852525615,-0.042671917773035695,0.0,0.0,0.0,1000000.0,0.02,0
-3.113370073758085,0.26316229619554865,1.20094433352652,0.0,0.0,0.0,1000000.0,0.02,0
17.017357099324304,-0.5749133043997525,-0.590822453575087,0.0,0.0,0.0,1000000.0,0.02,0
16.889711131609452,10.135427047791232,0.2972849394450314,0.0,0.0,0.0,1000000.0,0.02,0
-5.582144016201674,2.562480846601247,0.1725259638022001,0.0,0.0,0.0,1000000.0,0.02,0
0.6768404623766967,0.0928749239742524,0.27905336002385805,0.0,0.0,0.0,1000000.0,0.02,0
17.18171514456896,15.298209261844729,0.5101798353961611,0.0,0.0,0.0,1000000.0,0.02,0
-26.553038010023265,-11.144604152095917,0.7847203122186563,0.0,0.0,0.0,1000000.0,0.02,0
-2.1072796304222288,-1.0297898725110453,-1.088666730451445,0.0,0.0,0.0,1000000.0,0.02,0
-0.06867221920766485,0.09910423124841056,0.7666382550518245,0.0,0.0,0.0,1000000.0,0.02,0
-4.257546948344177,-3.4642437850356647,1.3200389795604623,0.0,0.0,0.0,1000000.0,0.02,0
-0.2255367490542398,-0.0024287840591757895,-1.045496117852192,0.0,0.0,0.0,1000000.0,0.02,0
-18.988981644319388,-19.280190898611107,-0.20075313275506534,0.0,0.0,0.0,1000000.0,0.02,0
4.185416347731484,-2.6998882134060045,-0.019306152668134402,0.0,0.0,0.0,1000000.0,0.02,0
-2.060660958459222,-0.3205752179697019,0.7460586973545773,0.0,0.0,0.0,1000000.0,0.02,0
8.38825581334817,12.935290544302875,-0.7469397873105672,0.0,0.0,0.0,1000000.0,0.02,0
6.616530593364374,-5.838778476595105,-0.043508784661917765,0.0,0.0,0.0,1000000.0,0.02,0
2.8556089435278285,-5.716254381268097,0.912984301547767,0.0,0.0,0.0,1000000.0,0.02,0
2.49278651307061,0.25039144296093346,0.5618082608185304,0.0,0.0,0.0,1000000.0,0.02,0
0.020103242623382644,-10.2562691234695,1.733807288853649,0.0,0.0,0.0,1000000.0,0.02,0
-15.98338305972574,-20.133881920698244,0.1535233543040153,0.0,0.0,0.0,1000000.0,0.02,0
1.5076588319028263,1.9223716483878024,-0.09932866276425667,0.0,0.0,0.0,1000000.0,0.02,0
1.1195959557300184,7.07341011788639,0.4783733568418942,0.0,0.0,0.0,1000000.0,0.02,0
-10.165048992222422,-6.722986346428604,-1.516163967130189,0.0,0.0,0.0,1000000.0,0.02,0
-1.0152340677809302,0.23894175865452014,-0.18758927252924185,0.0,0.0,0.0,1000000.0,0.02,0
-7.172874011470181,-0.18601787527701472,-0.5225965868962703,0.0,0.0,0.0,1000000.0,0.02,0
-0.5889977929876751,0.6050766848135218,-1.3901307487686116,0.0,0.0,0.0,1000000.0,0.02,0
-3.471721566097992,-2.010923982182642,-0.2667043463970824,0.0,0.0,0.0,1000000.0,0.02,0
23.78023837257301,-2.962625300041257,1.0323956590014216,0.0,0.0,0.0,1000000.0,0.02,0
-0.11596805496409433,-0.34036092001116136,1.243856244739324,0.0,0.0,0.0,1000000.0,0.02,0
5.581322529038836,2.810182798996286,-1.1857315310604184,0.0,0.0,0.0,1000000.0,0.02,0
2.6980669736155303,-7.6947113726877605,0.8994843960465015,0.0,0.0,0.0,1000000.0,0.02,0
2.0133092610698977,-1.3753693322153506,0.666089417615928,0.0,0.0,0.0,1000000.0,0.02,0
-3.0061259223297827,5.526863211634352,-1.0549579872411412,0.0,0.0,0.0,1000000.0,0.02,0
0.16411902144184837,-19.854677236350508,-1.532673103969377,0.0,0.0,0.0,1000000.0,0.02,0
-1.0117630638265247,-1.4818514121912676,0.29018346113300186,0.0,0.0,0.0,1000000.0,0.02,0
0.2354352237710403,-0.7391063848555984,-0.5738781675483091,0.0,0.0,0.0,1000000.0,0.02,0
0.015603849106789304,0.003965321247532703,0.357753202533333,0.0,0.0,0.0,1000000.0,0.02,0
3.346665775403269,-1.1171484645005565,1.2511741706390582,0.0,0.0,0.0,1000000.0,0.02,0
16.010865959472316,7.562122685727412,0.32967046380364096,0.0,0.0,0.0,1000000.0,0.02,0
1.904296669432523,-1.735241308746682,-0.0224172841408814,0.0,0.0,0.0,1000000.0,0.02,0
-1.7339320329207208,11.91877533393673,0.7914091010276989,0.0,0.0,0.0,1000000.0,0.02,0
-0.8798434748674832,-0.9047492302499166,0.2436396395343019,0.0,0.0,0.0,1000000.0,0.02,0
0.1144513438038942,-0.5643828332930774,0.45242055778421,0.0,0.0,0.0,1000000.0,0.02,0
4.076682517863646,-3.3494281535016692,0.8969987575278981,0.0,0.0,0.0,1000000.0,0.02,0
19.33374661142447,17.136236092170737,-0.3081627122387385,0.0,0.0,0.0,1000000.0,0.02,0
-8.43537049067675,-19.376990439336367,0.7774422802614378,0.0,0.0,0.0,1000000.0,0.02,0
3.3979295431528307,11.272325598684105,-0.07502435001913543,0.0,0.0,0.0,1000000.0,0.02,0
-3.9768805134808645,-12.789936050975008,-0.0813043642321567,0.0,0.0,0.0,1000000.0,0.02,0
10.69283543682278,-10.342660092517562,-1.2053867590142904,0.0,0.0,0.0,1000000.0,0.02,0
-0.1684929196384728,1.966801730405621,-1.9282249911721703,0.0,0.0,0.0,1000000.0,0.02,0
17.117958077135032,22.91019872458379,-1.5571069204039878,0.0,0.0,0.0,1000000.0,0.02,0
-20.039753630633516,16.78143688132949,-0.48313857497683976,0.0,0.0,0.0,1000000.0,0.02,0
-4.810090609184465,11.313393961129233,-0.1357855410410167,0.0,0.0,0.0,1000000.0,0.02,0
-0.5073451975779003,0.281211424082774,0.15752909778123314,0.0,0.0,0.0,1000000.0,0.02,0
-2.646917047114988,17.109239416757415,-1.1443445898731763,0.0,0.0,0.0,1000000.0,0.02,0
21.968351575743945,-9.255803519271359,-0.04808472812988196,0.0,0.0,0.0,1000000.0,0.02,0
-1.871159274408319,-1.3412345237541372,-0.29611210353289064,0.0,0.0,0.0,1000000.0,0.02,0
-5.452772454681564,21.2832863599806,-0.8446746882769158,0.0,0.0,0.0,1000000.0,0.02,0
0.9811525198283518,-11.827969762296357,-0.29505662615884365,0.0,0.0,0.0,1000000.0,0.02,0
0.48955902677968294,-5.451717335543288,0.17984405943819848,0.0,0.0,0.0,1000000.0,0.02,0
0.902635794852665,0.39012828730893884,-0.28482837425954255,0.0,0.0,0.0,1000000.0,0.02,0
2.0369011616292574,0.014455456088773182,0.15476656180222026,0.0,0.0,0.0,1000000.0,0.02,0
5.392597616607954,2.8651041434869935,0.973172783224121,0.0,0.0,0.0,1000000.0,0.02,0
0.5177681472920654,0.8432232131958225,-1.207811880222101,0.0,0.0,0.0,1000000.0,0.02,0
-0.7694449288035866,2.0065867660339083,-0.43599056025555605,0.0,0.0,0.0,1000000.0,0.02,0
14.494374780379754,6.206258307995866,1.1390412074439462,0.0,0.0,0.0,1000000.0,0.02,0
-13.312964148258922,-10.301369758363721,-0.6725518562040609,0.0,0.0,0.0,1000000.0,0.02,0
3.2384969023020935,5.295776648820514,0.2959952269044974,0.0,0.0,0.0,1000000.0,0.02,0
18.003860212366543,-15.687176553577766,0.26716010308427585,0.0,0.0,0.0,1000000.0,0.02,0
0.24079846806077837,-4.523779582378069,-0.03757656237745266,0.0,0.0,0.0,1000000.0,0.02,0
-1.570149319840369,-1.6135591671584855,0.24413317184063388,0.0,0.0,0.0,1000000.0,0.02,0
-0.832270872613495,0.9594335534014167,-0.1884661692186418,0.0,0.0,0.0,1000000.0,0.02,0
2.7727724514091445,-6.497587267117036,-0.26666063435926723,0.0,0.0,0.0,1000000.0,0.02,0
-4.854499230654525,-2.4990991914632694,0.54232050854647,0.0,0.0,0.0,1000000.0,0.02,0
1.275648975142794,2.605709389753536,1.6845003673050085,0.0,0.0,0.0,1000000.0,0.02,0
20.37987789230518,-1.4637558811033762,-0.12184400100789805,0.0,0.0,0.0,1000000.0,0.02,0
-1.0532047811995773,-3.111602551925092,-0.5769483900185772,0.0,0.0,0.0,1000000.0,0.02,0
-0.4614868408999422,0.15627962318411368,0.28584839577059107,0.0,0.0,0.0,1000000.0,0.02,0
0.7983702217185037,-0.5382768514362226,-0.2912811852514219,0.0,0.0,0.0,1000000.0,0.02,0
-2.6792969101899438,2.291818465359589,-0.250467791819033,0.0,0.0,0.0,1000000.0,0.02,0
-2.1123159472536055,1.4608585973079906,-1.3108814446634565,0.0,0.0,0.0,1000000.0,0.02,0
-0.23700876832137666,0.41032454992086936,1.334619659424007,0.0,0.0,0.0,1000000.0,0.02,0
-6.613403152392554,2.2389230667455604,0.16560398687088806,0.0,0.0,0.0,1000000.0,0.02,0
0.3627668311802647,-3.687452743879851,-0.9026329800982067,0.0,0.0,0.0,1000000.0,0.02,0
1.1296451948588917,2.9873638109481613,-0.3545446499561873,0.0,0.0,0.0,1000000.0,0.02,0
0.190792497375692,0.40101814141899955,-0.4081042835509825,0.0,0.0,0.0,1000000.0,0.02,0
4.461021439662752,4.334282844936118,0.5715565002986631,0.0,0.0,0.0,1000000.0,0.02,0
2.1211147946070796,-2.1439286245262674,0.6890865912706099,0.0,0.0,0.0,1000000.0,0.02,0
7.109919857693609,-11.733056625675651,0.466819195004776,0.0,0.0,0.0,1000000.0,0.02,0
0.3819364477910888,-15.791386011701583,-0.8548779262420592,0.0,0.0,0.0,1000000.0,0.02,0
-0.11859598284995293,-2.5362449867307166,0.5815520815042712,0.0,0.0,0.0,1000000.0,0.02,0
0.4187391515144136,6.662234863690496,0.554750002474595,0.0,0.0,0.0,1000000.0,0.02,0
-8.133032026134783,-5.76589860616422,0.8434841713560006,0.0,0.0,0.0,1000000.0,0.02,0
-11.43188037822412,7.537615878496224,1.2846917678451124,0.0,0.0,0.0,1000000.0,0.02,0
5.173011056133168,9.399289048196538,-0.9372519713263694,0.0,0.0,0.0,1000000.0,0.02,0
8.789441070436466,-19.02092894251137,0.8713901902126331,0.0,0.0,0.0,1000000.0,0.02,0
-5.739877885152781,26.1067587732718,0.6128659535867191,0.0,0.0,0.0,1000000.0,0.02,0
-0.6943793448982785,-6.069472584173009,-1.2644468308421466,0.0,0.0,0.0,1000000.0,0.02,0
15.304516703856763,11.095508812346182,-0.13752696377825302,0.0,0.0,0.0,1000000.0,0.02,0
-6.025422991340247,-1.0038011893400103,0.5126123020737374,0.0,0.0,0.0,1000000.0,0.02,0
10.271947985095762,7.507367324065112,1.434524243811718,0.0,0.0,0.0,1000000.0,0.02,0
-0.009490668750654867,8.201885074966054,1.1440479226306106,0.0,0.0,0.0,1000000.0,0.02,0
-5.307262814649069,-0.2969827140952544,-1.0676261876414985,0.0,0.0,0.0,1000000.0,0.02,0
0.6108554587528885,3.49781806521141,-0.5089976771330083,0.0,0.0,0.0,1000000.0,0.02,0
-2.761174596823991,7.490703700362188,-1.29966164213464,0.0,0.0,0.0,1000000.0,0.02,0
4.711143061392772,0.3352100142160446,-0.6589310436521734,0.0,0.0,0.0,1000000.0,0.02,0
1.9555634320142739,0.030599529340835135,-0.4020529155498771,0.0,0.0,0.0,1000000.0,0.02,0
1.040012154835965,-2.71454493262023,0.9642342617709696,0.0,0.0,0.0,1000000.0,0.02,0
5.450212664193004,-15.175197964785188,-0.6291785171969169,0.0,0.0,0.0,1000000.0,0.02,0
-3.6187300546926657,2.965480742144114,0.13318291157986284,0.0,0.0,0.0,1000000.0,0.02,0
-5.873716803481743,1.6510450250710331,-0.3264388579268802,0.0,0.0,0.0,1000000.0,0.02,0
3.5340604455682656,1.289765255972428,-0.6944261023086309,0.0,0.0,0.0,1000000.0,0.02,0
0.5057574487031925,-5.70416878788864,-0.33966719831808234,0.0,0.0,0.0,1000000.0,0.02,0
8.112591420158473,-21.513360263315928,1.3247557865071196,0.0,0.0,0.0,1000000.0,0.02,0
3.4483679913224545,4.860152325375445,-1.6399015393470817,0.0,0.0,0.0,1000000.0,0.02,0
-13.757274250148509,9.999118232341388,0.34032467545233036,0.0,0.0,0.0,1000000.0,0.02,0
0.19064146566139745,-9.145238339510446,1.397384179322363,0.0,0.0,0.0,1000000.0,0.02,0
-5.082019798427579,-6.495992895828898,0.3844631967461778,0.0,0.0,0.0,1000000.0,0.02,0
-13.827395148144399,0.6257111793167159,0.6489231606762402,0.0,0.0,0.0,1000000.0,0.02,0
4.052110965417898,25.876794741734365,-0.16064343751325527,0.0,0.0,0.0,1000000.0,0.02,0
0.005744417832744687,0.0037144158754849666,-0.2428307095164257,0.0,0.0,0.0,1000000.0,0.02,0
-3.2519384011397476,3.604556487168461,-0.4275885994272546,0.0,0.0,0.0,1000000.0,0.02,0
2.2984422699400024,-1.9717757782662668,0.5414972989246349,0.0,0.0,0.0,1000000.0,0.02,0
3.336739421343048,-4.986028941944435,0.011673158145016238,0.0,0.0,0.0,1000000.0,0.02,0
-3.0362040942461497,-5.886559940644102,0.47365338981320537,0.0,0.0,0.0,1000000.0,0.02,0
-25.884811778048096,-2.370821746518475,0.2858196230128005,0.0,0.0,0.0,1000000.0,0.02,0
-1.254610175567061,3.5478573375753846,-0.012496563093337798,0.0,0.0,0.0,1000000.0,0.02,0
-8.465522468296722,9.749374879212656,-0.6300425133934073,0.0,0.0,0.0,1000000.0,0.02,0
-14.250646688327892,-2.643738872396944,-1.915102720313011,0.0,0.0,0.0,1000000.0,0.02,0
-10.581597699454075,3.6810037703990073,-0.11600625663345099,0.0,0.0,0.0,1000000.0,0.02,0
2.2398527658211056,0.2966351587811989,-0.17968140148516643,0.0,0.0,0.0,1000000.0,0.02,0
3.823742684457582,-16.875398531621634,-1.0859955036362487,0.0,0.0,0.0,1000000.0,0.02,0
4.536783399265964,-9.52335401749858,-1.5546198825464401,0.0,0.0,0.0,1000000.0,0.02,0
2.7401179115321916,-11.244758098597119,-0.5080939840385961,0.0,0.0,0.0,1000000.0,0.02,0
3.494702008885084,-1.7377954259681214,-0.27981112260870766,0.0,0.0,0.0,1000000.0,0.02,0
-0.5014318760652801,17.900359915415493,-0.15875415345174826,0.0,0.0,0.0,1000000.0,0.02,0
-0.8388903728920317,0.05535025766721185,0.14840169522533397,0.0,0.0,0.0,1000000.0,0.02,0
-3.33111668031146,1.595898784573843,0.670297954329973,0.0,0.0,0.0,1000000.0,0.02,0
2.7311518852677077,8.233144795554585,-1.1479636878854755,0.0,0.0,0.0,1000000.0,0.02,0
-4.025345251136183,-1.9308559338343974,1.1908324182511194,0.0,0.0,0.0,1000000.0,0.02,0
-3.0774644133777085,2.978784261397351,1.8209123955206037,0.0,0.0,0.0,1000000.0,0.02,0
6.654297718580678,-4.0699280187017175,-0.19919403598133378,0.0,0.0,0.0,1000000.0,0.02,0
6.019837447821914,20.71309957025398,0.036734641290389725,0.0,0.0,0.0,1000000.0,0.02,0
-0.1690147689462672,-1.2722427167691475,0.9735233945117594,0.0,0.0,0.0,1000000.0,0.02,0
-0.8641427033925786,0.08210041873934046,-0.6954899203810916,0.0,0.0,0.0,1000000.0,0.02,0
4.287704914103257,4.603333170866004,0.3382567281033957,0.0,0.0,0.0,1000000.0,0.02,0
5.261687534339276,-2.8542178300851284,-1.0116781749824835,0.0,0.0,0.0,1000000.0,0.02,0
9.353883179060478,3.5630155012146756,0.15638843816288528,0.0,0.0,0.0,1000000.0,0.02,0
-0.8942858600412681,3.902263313152084,-0.4832632554871301,0.0,0.0,0.0,1000000.0,0.02,0
0.8715560948190803,0.0959027210238456,0.7197495961843057,0.0,0.0,0.0,1000000.0,0.02,0
11.285623539035788,-3.8083100468611804,-1.0634014888114232,0.0,0.0,0.0,1000000.0,0.02,0
-7.950427462261441,-0.07171382252213915,1.5742301223605404,0.0,0.0,0.0,1000000.0,0.02,0
-0.5744745239279907,0.36599574074857805,-1.1291184234474496,0.0,0.0,0.0,1000000.0,0.02,0
-0.557591273665673,0.12480901219756813,-1.2446998446585527,0.0,0.0,0.0,1000000.0,0.02,0
-3.2135743480055576,0.6774863437480918,0.21157665563259265,0.0,0.0,0.0,1000000.0,0.02,0
-0.8046723129367337,-0.33351038851126413,-0.5851962977934111,0.0,0.0,0.0,1000000.0,0.02,0
-3.2454161497285043,2.2777844725487646,0.11732653276425431,0.0,0.0,0.0,1000000.0,0.02,0
-0.28489184662287365,-2.615246536414782,1.1488336433562578,0.0,0.0,0.0,1000000.0,0.02,0
9.106917646617683,-1.5126812987989529,-0.15491951815742588,0.0,0.0,0.0,1000000.0,0.02,0
8.65141165223319,1.9454722840145138,0.7100966157353392,0.0,0.0,0.0,1000000.0,0.02,0
-1.1596485175463036,-0.4652280693630255,-0.17200483650578402,0.0,0.0,0.0,1000000.0,0.02,0
11.313627383135552,-16.693885464483525,0.1627269112157368,0.0,0.0,0.0,1000000.0,0.02,0
-13.135923807003369,-5.429913172809864,0.18049336333739951,0.0,0.0,0.0,1000000.0,0.02,0
1.423498312446932,3.4395149393848765,0.34989626693690656,0.0,0.0,0.0,1000000.0,0.02,0
-5.514246425256609,-8.720161760987596,-0.7059921756979541,0.0,0.0,0.0,1000000.0,0.02,0
2.286739450792142,-5.786529181360596,0.5719639099565121,0.0,0.0,0.0,1000000.0,0.02,0
-0.09234560941300926,1.2029116777766533,0.9055459308284233,0.0,0.0,0.0,1000000.0,0.02,0
3.037962937933325,3.3541291123846864,0.4074161337733564,0.0,0.0,0.0,1000000.0,0.02,0
1.4983808369255125,-2.327150567329766,-0.1895463728260527,0.0,0.0,0.0,1000000.0,0.02,0
-2.519678063323276,9.37445614685495,-0.7167739468820882,0.0,0.0,0.0,1000000.0,0.02,0
1.5320443493012192,-0.002441831270754004,1.2730571736350802,0.0,0.0,0.0,1000000.0,0.02,0
-4.266332012975588,3.5634044150405297,-1.6311160421065845,0.0,0.0,0.0,1000000.0,0.02,0
7.830897290227185,-14.75385575662562,-0.8731888211478038,0.0,0.0,0.0,1000000.0,0.02,0
0.41843241651138596,3.170024176325303,-1.5756840487231996,0.0,0.0,0.0,1000000.0,0.02,0
5.490690891561636,1.8644487104576295,0.0896764294142951,0.0,0.0,0.0,1000000.0,0.02,0
0.3231524881711965,2.0665668543753823,1.8734895743554993,0.0,0.0,0.0,1000000.0,0.02,0
2.9839363919017647,-0.03657412716344887,0.6338365785667914,0.0,0.0,0.0,1000000.0,0.02,0
11.794160292603157,6.933650318528757,-0.47763058339561937,0.0,0.0,0.0,1000000.0,0.02,0
15.004793532670659,2.3374681440007894,-0.706289501707194,0.0,0.0,0.0,1000000.0,0.02,0
7.368033958323968,10.077221084596463,-0.2982516379041007,0.0,0.0,0.0,1000000.0,0.02,0
-1.4099916147915426,-10.779703182871122,0.19125245526521262,0.0,0.0,0.0,1000000.0,0.02,0
5.434602995339796,-2.454810636640872,0.933116298437751,0.0,0.0,0.0,1000000.0,0.02,0
-0.695947946743596,1.7278414936332087,1.0131711847293454,0.0,0.0,0.0,1000000.0,0.02,0
-10.119726230791859,3.0711850407220926,1.5018806541560297,0.0,0.0,0.0,1000000.0,0.02,0
-2.5791138916002745,-0.14110535585915798,-0.36696145874614494,0.0,0.0,0.0,1000000.0,0.02,0
-5.735613785631514,-0.5327642753579325,0.1709580287714223,0.0,0.0,0.0,1000000.0,0.02,0
2.019730510318242,2.0490788635647723,0.3390328821264186,0.0,0.0,0.0,1000000.0,0.02,0
-5.614069042970289,-6.031032262151659,0.2322272263375602,0.0,0.0,0.0,1000000.0,0.02,0
0.6054323331972585,-0.6496346754200346,-1.3719752988452463,0.0,0.0,0.0,1000000.0,0.02,0
14.124366225685685,16.303718944825736,0.21162079310238546,0.0,0.0,0.0,1000000.0,0.02,0
7.218521158533092,1.0093398856099276,0.22517742658817408,0.0,0.0,0.0,1000000.0,0.02,0
-10.3626539123638,-6.2331594176142575,0.36104255230902904,0.0,0.0,0.0,1000000.0,0.02,0
0.9028417552110859,-0.03340595891557767,-0.17698984007334317,0.0,0.0,0.0,1000000.0,0.02,0
-3.317082204063696,5.9776040523770275,0.34138979303004646,0.0,0.0,0.0,1000000.0,0.02,0
6.862729849863091,7.423176669735385,-0.34712349250144303,0.0,0.0,0.0,1000000.0,0.02,0
-2.1877797959850374,-0.15600800988356067,0.6133939554407366,0.0,0.0,0.0,1000000.0,0.02,0
-8.21341841754639,-12.920731320886933,-1.9055624311797148,0.0,0.0,0.0,1000000.0,0.02,0
-8.845203341687974,-6.405515047341353,1.1125594718495622,0.0,0.0,0.0,1000000.0,0.02,0
-23.910850965228846,8.472602953000825,1.270186906028095,0.0,0.0,0.0,1000000.0,0.02,0
13.364988289012311,0.7666489171788695,-0.21508954710788064,0.0,0.0,0.0,1000000.0,0.02,0
-5.237699703520772,-1.3248998545392003,1.5068562349260857,0.0,0.0,0.0,1000000.0,0.02,0
-6.941571068251599,-15.277127976294965,0.10473612350609152,0.0,0.0,0.0,1000000.0,0.02,0
0.02780508889415607,-0.03295418791556846,-0.8642468847277778,0.0,0.0,0.0,1000000.0,0.02,0
0.3010197619309487,0.11986045922997203,-1.5499485569115077,0.0,0.0,0.0,1000000.0,0.02,0
8.225952122163353,3.573921291522308,-1.0602910924447713,0.0,0.0,0.0,1000000.0,0.02,0
-0.10589155145226864,0.009657599746758668,0.4116809094416709,0.0,0.0,0.0,1000000.0,0.02,0
2.1162598753211728,-0.9470888056939761,0.27425043198247945,0.0,0.0,0.0,1000000.0,0.02,0
-2.718174317799425,0.09682689941033978,0.5502053014283508,0.0,0.0,0.0,1000000.0,0.02,0
1.6700622225700246,-6.342477436815577,0.6841802030454414,0.0,0.0,0.0,1000000.0,0.02,0
6.066413932681011,2.5486586739354675,0.4179911891810537,0.0,0.0,0.0,1000000.0,0.02,0
-6.137611185166645,-5.765568483348037,-0.15885770530840304,0.0,0.0,0.0,1000000.0,0.02,0
-2.791553455617285,1.8381111324123116,-0.34809181074145545,0.0,0.0,0.0,1000000.0,0.02,0
15.242504965450468,0.19194720552425049,0.1256165149073567,0.0,0.0,0.0,1000000.0,0.02,0
22.078085737507838,-1.4574204968624145,-1.755955705033844,0.0,0.0,0.0,1000000.0,0.02,0
11.33735845793295,4.842515269427344,-0.13117080812751247,0.0,0.0,0.0,1000000.0,0.02,0
8.32102197879222,19.874453458941836,0.28385941246677504,0.0,0.0,0.0,1000000.0,0.02,0
-0.4439455905162895,29.78487403201746,0.4184397657873058,0.0,0.0,0.0,1000000.0,0.02,0
2.6428855795487864,0.0669861850022945,-0.07310724597172857,0.0,0.0,0.0,1000000.0,0.02,0
-1.5953035655192913,-4.45166340945026,1.2757254752938252,0.0,0.0,0.0,1000000.0,0.02,0
4.552654826967909,-4.125858044378893,0.15552623190428072,0.0,0.0,0.0,1000000.0,0.02,0
-2.5050356935887614,-3.2841967900242386,0.13760221568740505,0.0,0.0,0.0,1000000.0,0.02,0
9.099640826314877,11.062671473325576,1.7280845925277903,0.0,0.0,0.0,1000000.0,0.02,0
6.28930016446292,0.10307578197421215,-0.46093309700661944,0.0,0.0,0.0,1000000.0,0.02,0
5.699401001913682,-2.1707067687379755,-1.4627755064741166,0.0,0.0,0.0,1000000.0,0.02,0
-5.3820331480886505,-2.62617507907951,0.5496491084136705,0.0,0.0,0.0,1000000.0,0.02,0
7.449977333177471,6.2251948225464036,-1.6836587808231718,0.0,0.0,0.0,1000000.0,0.02,0
0.8200745058978164,-17.69968631576335,-1.2441200788685247,0.0,0.0,0.0,1000000.0,0.02,0
9.95903952215357,4.746845300156325,0.8572543287053724,0.0,0.0,0.0,1000000.0,0.02,0
0.5353822065688651,-2.423293836881524,0.5598983526889239,0.0,0.0,0.0,1000000.0,0.02,0
1.234071235176922,-0.21203336004372578,-0.09187988986180606,0.0,0.0,0.0,1000000.0,0.02,0
-1.7344219168474653,-0.26924323606970413,1.9980475241732414,0.0,0.0,0.0,1000000.0,0.02,0
2.15808123433684,-0.8207058174788591,0.3617489795803701,0.0,0.0,0.0,1000000.0,0.02,0
-0.49116686775708557,-0.3657502798726485,1.3209358719338162,0.0,0.0,0.0,1000000.0,0.02,0
4.650325675667744,6.458407545949135,0.29513327775605624,0.0,0.0,0.0,1000000.0,0.02,0
6.274719543313293,12.248633339047055,-0.19283128840116337,0.0,0.0,0.0,1000000.0,0.02,0
2.539879344755018,-2.844354709084777,-0.44930206029758857,0.0,0.0,0.0,1000000.0,0.02,0
14.355157303673883,6.125909092918794,-0.8128730528676549,0.0,0.0,0.0,1000000.0,0.02,0
0.34638413041836,10.35824933371277,0.7053092940647137,0.0,0.0,0.0,1000000.0,0.02,0
0.4037130881462304,1.2043817011259361,-0.13648061873156703,0.0,0.0,0.0,1000000.0,0.02,0
0.45477202270742284,0.4280189705600305,0.5655734451065033,0.0,0.0,0.0,1000000.0,0.02,0
-8.339894311235664,-10.679919394068165,0.5136799430619243,0.0,0.0,0.0,1000000.0,0.02,0
-13.459937722518063,-11.793678370177236,-1.5301959309258537,0.0,0.0,0.0,1000000.0,0.02,0
2.4480639943010205,2.252192867400351,0.7022044097062325,0.0,0.0,0.0,1000000.0,0.02,0
5.205360170894672,-6.226468657134317,-0.14140785208774087,0.0,0.0,0.0,1000000.0,0.02,0
-1.3449005342190146,12.41120523960151,1.495671880937719,0.0,0.0,0.0,1000000.0,0.02,0
0.7323262066416217,-1.0570337114636241,0.18951008748265963,0.0,0.0,0.0,1000000.0,0.02,0
-3.681689488094728,-12.811410980933118,-0.7325542221890009,0.0,0.0,0.0,1000000.0,0.02,0
-0.049179037395398945,1.584099422732487,-0.6593513096563886,0.0,0.0,0.0,1000000.0,0.02,0
12.316168151410302,-21.381070861584035,0.8520654817794711,0.0,0.0,0.0,1000000.0,0.02,0
0.6076293415596046,-2.978786696647446,-0.9211622147752943,0.0,0.0,0.0,1000000.0,0.02,0
-0.8310109339755916,3.535221475943446,-0.8506064668609659,0.0,0.0,0.0,1000000.0,0.02,0
2.076062789403621,29.01055671508721,1.4333300948558145,0.0,0.0,0.0,1000000.0,0.02,0
14.454781968635643,1.1716927645640456,-1.3193507705137248,0.0,0.0,0.0,1000000.0,0.02,0
-9.19419764368657,-11.918412161115613,1.850231073591277,0.0,0.0,0.0,1000000.0,0.02,0
4.988140908411328,-10.750427704858316,1.0481948660089744,0.0,0.0,0.0,1000000.0,0.02,0
-4.5603156039372745,-3.924723115125721,-0.8953670682190209,0.0,0.0,0.0,1000000.0,0.02,0
-7.907480795031343,-6.0722586303938195,0.19401019787661422,0.0,0.0,0.0,1000000.0,0.02,0
-3.317785886741688,-11.959341319007644,0.5574009149371522,0.0,0.0,0.0,1000000.0,0.02,0
-3.806824658676352,4.419114755230556,1.4132866829979998,0.0,0.0,0.0,1000000.0,0.02,0
-8.951792327516175,-10.787968191864302,-0.28275101428834937,0.0,0.0,0.0,1000000.0,0.02,0
0.10466757796916855,0.03737054757377745,0.7226164789226122,0.0,0.0,0.0,1000000.0,0.02,0
-0.2010277171684706,0.868322067141758,-0.09956726732807919,0.0,0.0,0.0,1000000.0,0.02,0
-7.36739084993934,1.0599512466937715,-1.0097602179641934,0.0,0.0,0.0,1000000.0,0.02,0
0.4443094611567169,-1.750959558769389,-1.3167000223160201,0.0,0.0,0.0,1000000.0,0.02,0
4.982540522269516,-2.3740586480942802,-1.3883907563047835,0.0,0.0,0.0,1000000.0,0.02,0
6.69540890419987,12.011624301794605,-0.33301977796050597,0.0,0.0,0.0,1000000.0,0.02,0
-8.905817712738893,-2.275929178672081,-1.443558633070853,0.0,0.0,0.0,1000000.0,0.02,0
-0.02643507604573131,0.013549398054051807,0.3409036607057896,0.0,0.0,0.0,1000000.0,0.02,0
16.777728039240838,-8.367498118242205,0.7120436584100576,0.0,0.0,0.0,1000000.0,0.02,0
0.47825448905151635,-0.02465724847012039,-0.3975854616476493,0.0,0.0,0.0,1000000.0,0.02,0
2.2441958592030367,3.5416783960291602,0.8774433101524659,0.0,0.0,0.0,1000000.0,0.02,0
5.094965698503542,0.31274888984687144,-0.6054743282129538,0.0,0.0,0.0,1000000.0,0.02,0
10.776019260810383,15.458514589576524,-0.20540653244777296,0.0,0.0,0.0,1000000.0,0.02,0
-17.24675760146219,-16.821914504404297,-0.7241749800701953,0.0,0.0,0.0,1000000.0,0.02,0
1.1113267362947479,-1.2450458401233415,-0.005686206005107941,0.0,0.0,0.0,1000000.0,0.02,0
1.0909585613466282,0.9265310203934315,-0.8025272672349502,0.0,0.0,0.0,1000000.0,0.02,0
-9.770742455886706,-6.875961517192546,0.9712375678530876,0.0,0.0,0.0,1000000.0,0.02,0
0.5015998289748106,19.156021398370125,0.23717201563230095,0.0,0.0,0.0,1000000.0,0.02,0
-0.23413659464315795,3.752046116424571,-1.2835444427993403,0.0,0.0,0.0,1000000.0,0.02,0
2.575416369122156,3.930473393288713,0.3192040566589691,0.0,0.0,0.0,1000000.0,0.02,0
-23.143599790812328,0.5502839265698313,-1.1251880433714385,0.0,0.0,0.0,1000000.0,0.02,0
9.579819891657495,8.189085002967794,-0.714831124628879,0.0,0.0,0.0,1000000.0,0.02,0
3.1978266250877407,-11.803362986222226,-0.48328986925585316,0.0,0.0,0.0,1000000.0,0.02,0
-1.5126131037000774,-19.48272565660836,-0.08976012461881044,0.0,0.0,0.0,1000000.0,0.02,0
1.9842789270629737,3.2593671783187688,0.584965860950839,0.0,0.0,0.0,1000000.0,0.02,0
-0.7884046366067659,0.9885729736876143,1.910406758372286,0.0,0.0,0.0,1000000.0,0.02,0
-7.107569985329788,-0.22969445885993978,-0.9411648911948074,0.0,0.0,0.0,1000000.0,0.02,0
-8.553030345415282,-3.9376674619517833,-0.5729621510484648,0.0,0.0,0.0,1000000.0,0.02,0
0.4386345926900409,-3.3747459552530428,-1.946573464736396,0.0,0.0,0.0,1000000.0,0.02,0
3.930412176802166,-4.842215865715206,-0.6072763092218327,0.0,0.0,0.0,1000000.0,0.02,0
-12.46673527620867,2.876202551367059,0.07496346380242436,0.0,0.0,0.0,1000000.0,0.02,0
23.55207998114344,-12.206408791405524,0.21264576098758692,0.0,0.0,0.0,1000000.0,0.02,0
-24.595335497136112,3.238515167797053,0.21579791479491384,0.0,0.0,0.0,1000000.0,0.02,0
-10.652111254307835,-6.7898097845947065,0.3154207175321906,0.0,0.0,0.0,1000000.0,0.02,0
3.3461458799401433,-2.906517967008815,-0.5401430447984135,0.0,0.0,0.0,1000000.0,0.02,0
-0.28112865654292557,1.2974257859076475,0.2714439570463858,0.0,0.0,0.0,1000000.0,0.02,0
-0.22785039959906603,-0.016290325019829507,0.6883046356390867,0.0,0.0,0.0,1000000.0,0.02,0
-1.9828369245889683,3.0010231144949837,1.5116495759425783,0.0,0.0,0.0,1000000.0,0.02,0
-3.02836940722485,-5.205306930470692,-0.6763272465108381,0.0,0.0,0.0,1000000.0,0.02,0
-14.488093412438023,6.007480054897486,1.2289256782344014,0.0,0.0,0.0,1000000.0,0.02,0
6.127862813360385,5.145675759526801,-0.5816790421601237,0.0,0.0,0.0,1000000.0,0.02,0
-6.182084219739269,9.847607318642678,-0.7800612233238047,0.0,0.0,0.0,1000000.0,0.02,0
0.3868549529135077,-1.7340764987436947,-0.34411303522685355,0.0,0.0,0.0,1000000.0,0.02,0
3.2136822138210652,0.3060640500284602,-0.6793837182239688,0.0,0.0,0.0,1000000.0,0.02,0
4.488026028808375,-1.0982153464827364,-1.4099726725877906,0.0,0.0,0.0,1000000.0,0.02,0
17.765108170526272,-0.44221661324721667,-1.0884191343295848,0.0,0.0,0.0,1000000.0,0.02,0
-21.9939334432211,12.816185821181133,0.7236823893642894,0.0,0.0,0.0,1000000.0,0.02,0
20.01073860791865,0.9314480457025022,0.3180183850056739,0.0,0.0,0.0,1000000.0,0.02,0
0.04477619227523929,-1.0022147491906463,-0.21367506100648903,0.0,0.0,0.0,1000000.0,0.02,0
-1.1706505817068547,1.8198773374425679,-0.6698529740782266,0.0,0.0,0.0,1000000.0,0.02,0
-0.3279184645593686,1.7876423171763518,1.0486540226687815,0.0,0.0,0.0,1000000.0,0.02,0
-0.4402504784414322,0.5545141363842522,-0.7118424249753419,0.0,0.0,0.0,1000000.0,0.02,0
2.0445110967891025,0.6602833765961362,0.34957341675834375,0.0,0.0,0.0,1000000.0,0.02,0
-1.470095741629092,-8.371240825386543,-1.032790635829052,0.0,0.0,0.0,1000000.0,0.02,0
-14.195823935065253,23.762543995247764,-0.14438930011134232,0.0,0.0,0.0,1000000.0,0.02,0
-1.599484726439772,-0.5123631754695472,-1.2526614475429296,0.0,0.0,0.0,1000000.0,0.02,0
-8.764502806014766,5.760469597450863,0.26568474783549867,0.0,0.0,0.0,1000000.0,0.02,0
-3.2333023384763484,-1.9676029776863884,-0.21205632891076576,0.0,0.0,0.0,1000000.0,0.02,0
0.4379509219192262,-0.9704804837411154,1.8556724640350053,0.0,0.0,0.0,1000000.0,0.02,0
0.13983201530417233,0.0748477663511947,-1.4048358567214647,0.0,0.0,0.0,1000000.0,0.02,0
1.7684198135876994,-0.4456912722067293,-0.6617467049020744,0.0,0.0,0.0,1000000.0,0.02,0
-0.37648582399189284,0.11766330816181456,-0.854085271959546,0.0,0.0,0.0,1000000.0,0.02,0
1.6772100576193683,-1.8705803520554882,1.279273976792675,0.0,0.0,0.0,1000000.0,0.02,0
-25.026515327998546,0.9328070700436822,0.32815579340642476,0.0,0.0,0.0,1000000.0,0.02,0
4.169586397821128,-3.6212685109286302,-0.6667359000354018,0.0,0.0,0.0,1000000.0,0.02,0
2.0304701087932098,0.9492018196122058,0.5152994167404472,0.0,0.0,0.0,1000000.0,0.02,0
-17.54343998552487,-2.8420218930403163,1.092162115478434,0.0,0.0,0.0,1000000.0,0.02,0
3.354705386844549,3.1587475087057277,-0.09120050182071093,0.0,0.0,0.0,1000000.0,0.02,0
-1.142938284657937,9.389814720187935,1.8902096409137545,0.0,0.0,0.0,1000000.0,0.02,0
-0.15169340476343457,0.08180377985611796,1.028597219201929,0.0,0.0,0.0,1000000.0,0.02,0
2.967174070262237,0.10806007072357618,-0.8538960783664109,0.0,0.0,0.0,1000000.0,0.02,0
-0.21751169315889196,-2.904517299655989,-1.6705985639017777,0.0,0.0,0.0,1000000.0,0.02,0
-13.953149314553723,8.357228268569651,0.13444127200872735,0.0,0.0,0.0,1000000.0,0.02,0
-6.468602123900334,3.646730376196956,1.4053977353390206,0.0,0.0,0.0,1000000.0,0.02,0
-2.5206015645682838,-0.9513478263500023,-0.1408607484030968,0.0,0.0,0.0,1000000.0,0.02,0
1.2436494233693318,-6.747220996625167,-0.01997830258388955,0.0,0.0,0.0,1000000.0,0.02,0
-26.83550932087867,1.1754768495583998,0.06369703768401891,0.0,0.0,0.0,1000000.0,0.02,0
-15.01392629627426,14.395358625160023,-0.3823044074931703,0.0,0.0,0.0,1000000.0,0.02,0
1.0481883911824497,-4.866021868936299,1.8710877208774406,0.0,0.0,0.0,1000000.0,0.02,0
-0.45097654250592445,7.863724739013029,-1.9297890872207821,0.0,0.0,0.0,1000000.0,0.02,0
-0.8492075016857165,1.4036627416676066,-0.9825921693036337,0.0,0.0,0.0,1000000.0,0.02,0
-3.31179023665271,-2.7447454439733634,0.23705313341602174,0.0,0.0,0.0,1000000.0,0.02,0
-6.048556001767327,6.829942708267157,0.34594054973710264,0.0,0.0,0.0,1000000.0,0.02,0
5.939767237627344,-4.849521111918707,-0.17335279447103424,0.0,0.0,0.0,1000000.0,0.02,0
0.5870123658690123,0.42833188125673566,-0.3563014599667129,0.0,0.0,0.0,1000000.0,0.02,0
-0.9713083374015518,2.107704360692378,-0.4668825997825756,0.0,0.0,0.0,1000000.0,0.02,0
23.54581186149696,4.919707548162446,-1.1085083683521884,0.0,0.0,0.0,1000000.0,0.02,0
-6.689228722542928,3.239694089289169,-1.4304240721616832,0.0,0.0,0.0,1000000.0,0.02,0
1.4014259191183662,0.22240577641706258,-1.6425824136176201,0.0,0.0,0.0,1000000.0,0.02,0
-0.48909912102065733,0.2932281141216461,0.30308771893950937,0.0,0.0,0.0,1000000.0,0.02,0
-9.685395854307124,-0.560263469206194,0.13185983214735142,0.0,0.0,0.0,1000000.0,0.02,0
3.0674850594695147,-3.4949821459825197,0.06108459842522773,0.0,0.0,0.0,1000000.0,0.02,0
0.30889095858229754,1.514558262048204,1.0359403495705815,0.0,0.0,0.0,1000000.0,0.02,0
4.081552187148256,9.302419258752545,1.458063140398628,0.0,0.0,0.0,1000000.0,0.02,0
-0.5502626131356234,1.3846203889353101,1.025372914686134,0.0,0.0,0.0,1000000.0,0.02,0
-8.98344652530032,-16.204854420014158,-1.481030195020086,0.0,0.0,0.0,1000000.0,0.02,0
-10.374783183454213,1.8032631534354342,0.12943879888646492,0.0,0.0,0.0,1000000.0,0.02,0
1.151662093043632,-0.8283519497235533,-0.9876511763117639,0.0,0.0,0.0,1000000.0,0.02,0
11.23057762046568,14.040763790219518,0.0667251163268121,0.0,0.0,0.0,1000000.0,0.02,0
4.047362191294228,-0.7045628760243297,-0.05600525627285613,0.0,0.0,0.0,1000000.0,0.02,0
-2.409372883964223,1.2520084079778626,0.4785555899741043,0.0,0.0,0.0,1000000.0,0.02,0
0.4749407971610836,-4.394746437100005,-0.8731303396338106,0.0,0.0,0.0,1000000.0,0.02,0
4.324847085747093,0.8927305894952661,-0.3793219097073486,0.0,0.0,0.0,1000000.0,0.02,0
0.7025019212819265,-4.387881916630524,0.20504731427322564,0.0,0.0,0.0,1000000.0,0.02,0
-10.385881471056713,2.9436798306211753,-0.552199205267792,0.0,0.0,0.0,1000000.0,0.02,0
-3.737764664341011,-1.1719249946006947,0.6627211024163504,0.0,0.0,0.0,1000000.0,0.02,0
-0.45039418379322027,0.2645519497236142,-0.39528560216436315,0.0,0.0,0.0,1000000.0,0.02,0
1.586014132591279,7.626971582714447,0.0685471777632296,0.0,0.0,0.0,1000000.0,0.02,0
1.3761142965301025,1.7340508154278005,0.35483792637391964,0.0,0.0,0.0,1000000.0,0.02,0
-9.103819466289538,7.58499460317557,-0.22688783259182888,0.0,0.0,0.0,1000000.0,0.02,0
-7.710291529394022,-11.517642733228305,1.0133623675251666,0.0,0.0,0.0,1000000.0,0.02,0
-6.53909486490506,-17.001736692760602,0.031815185624725295,0.0,0.0,0.0,1000000.0,0.02,0
-6.831160482535055,-15.032667039360936,-1.7752132529291629,0.0,0.0,0.0,1000000.0,0.02,0
1.4318965587463002,1.9129827192852187,-1.8479230232758441,0.0,0.0,0.0,1000000.0,0.02,0
1.3483734371819196,0.06589486895929553,0.11228678134944658,0.0,0.0,0.0,1000000.0,0.02,0
-1.0087991008242734,-14.548888830018075,1.74599438622392,0.0,0.0,0.0,1000000.0,0.02,0
7.531717422738335,23.343669661337806,-0.2583114436116558,0.0,0.0,0.0,1000000.0,0.02,0
-2.6037766061219325,-0.416145100426404,-0.3335152740030578,0.0,0.0,0.0,1000000.0,0.02,0
-20.234642602204932,-6.002592270411063,0.5042602062055295,0.0,0.0,0.0,1000000.0,0.02,0
8.6102073642848,-15.90520901603357,-1.936619635247637,0.0,0.0,0.0,1000000.0,0.02,0
1.3485044735714704,0.7934208030417502,1.3868284771413126,0.0,0.0,0.0,1000000.0,0.02,0
-11.709826748661293,7.999522486732877,0.4338495789758099,0.0,0.0,0.0,1000000.0,0.02,0
-3.5909396254307855,-13.204916908188324,-0.5237369623071277,0.0,0.0,0.0,1000000.0,0.02,0
9.965142348426049,3.599965437504358,-1.0601207498107312,0.0,0.0,0.0,1000000.0,0.02,0
-0.04027468182260258,-7.232196223167624,0.4469988258725417,0.0,0.0,0.0,1000000.0,0.02,0
-16.428683208985664,8.007685296905818,-0.08881655620694584,0.0,0.0,0.0,1000000.0,0.02,0
-2.4614681236205342,-2.0901850615853195,-0.3827170448935746,0.0,0.0,0.0,1000000.0,0.02,0
7.478322410563979,-4.141461353627772,-0.680450429975128,0.0,0.0,0.0,1000000.0,0.02,0
-20.369407636520776,12.120213606504091,-0.37914223956580084,0.0,0.0,0.0,1000000.0,0.02,0
-3.7716146972497833,16.00437389258746,1.8828758178075642,0.0,0.0,0.0,1000000.0,0.02,0
-7.223674058794002,11.161707432615756,0.1455552671798177,0.0,0.0,0.0,1000000.0,0.02,0
-0.03197902210151715,4.2628494933919905,-0.022943586397238924,0.0,0.0,0.0,1000000.0,0.02,0
11.883674255747424,1.4519554406960327,-0.026463087127273965,0.0,0.0,0.0,1000000.0,0.02,0
6.890081203984278,-1.3035466144906496,-0.45728061986739466,0.0,0.0,0.0,1000000.0,0.02,0
-1.5922706758424878,-8.677859149513058,0.45352985904912924,0.0,0.0,0.0,1000000.0,0.02,0
0.6697382359765438,-1.1586881890699088,0.25967616093007884,0.0,0.0,0.0,1000000.0,0.02,0
4.355727287868314,-0.4201230881691427,-0.15633631970421558,0.0,0.0,0.0,1000000.0,0.02,0
-2.3304769293904317,3.2342306513267154,0.2837878113961372,0.0,0.0,0.0,1000000.0,0.02,0
6.344137328202677,0.22744609008379163,-1.0599844314513103,0.0,0.0,0.0,1000000.0,0.02,0
1.1476189862865385,3.9925003238509715,1.7960050534545777,0.0,0.0,0.0,1000000.0,0.02,0
-3.792515838737553,4.311981972770569,0.13568455153151682,0.0,0.0,0.0,1000000.0,0.02,0
10.309408378150906,5.2732440313196385,-0.27474223189901714,0.0,0.0,0.0,1000000.0,0.02,0
-6.5786451502049115,-7.1799165104773515,0.07864403571059775,0.0,0.0,0.0,1000000.0,0.02,0
-10.169991293752432,4.0221779639898765,0.9442162679507637,0.0,0.0,0.0,1000000.0,0.02,0
3.7876601167970354,-5.165471196628822,-0.1770251170838355,0.0,0.0,0.0,1000000.0,0.02,0
4.056312027166008,3.568706011043783,-1.0106160797461055,0.0,0.0,0.0,1000000.0,0.02,0
-5.403226614228006,5.172827741451708,0.6033752835033264,0.0,0.0,0.0,1000000.0,0.02,0
2.732644288504852,-23.529668945149798,-0.7339830181726121,0.0,0.0,0.0,1000000.0,0.02,0
0.051868511681457674,0.09161277107683183,-1.499717672607268,0.0,0.0,0.0,1000000.0,0.02,0
0.3833129949912865,2.8044886579483568,0.044212782483866064,0.0,0.0,0.0,1000000.0,0.02,0
2.6461806522025313,-0.8383909175664568,1.9213037454652735,0.0,0.0,0.0,1000000.0,0.02,0
0.0912676645881757,0.06111833510454939,0.19148498656886392,0.0,0.0,0.0,1000000.0,0.02,0
1.2785750059746648,-6.217665213477999,-0.5927405049458141,0.0,0.0,0.0,1000000.0,0.02,0
-1.321449519437563,-0.7283352381531635,0.38921212271085537,0.0,0.0,0.0,1000000.0,0.02,0
4.819534082795018,6.932959841364319,0.05203504728064434,0.0,0.0,0.0,1000000.0,0.02,0
-5.193995849208515,1.076079859193182,0.5540949251810421,0.0,0.0,0.0,1000000.0,0.02,0
6.181315554626061,-0.8125264608074912,-1.2272888523048682,0.0,0.0,0.0,1000000.0,0.02,0
-10.800179756062471,12.536597710600212,-0.17986662821566757,0.0,0.0,0.0,1000000.0,0.02,0
3.9902141868143555,-6.385181253587234,1.88797086569096,0.0,0.0,0.0,1000000.0,0.02,0
5.926787423846774,6.050581526029525,-0.7161609823707336,0.0,0.0,0.0,1000000.0,0.02,0
2.529108001382127,1.6645687724212197,0.017430589253685014,0.0,0.0,0.0,1000000.0,0.02,0
-0.25547001027471405,-1.2065022938528085,-0.3431837133281199,0.0,0.0,0.0,1000000.0,0.02,0
-11.703719495848608,6.353173944812034,-0.2943165800315777,0.0,0.0,0.0,1000000.0,0.02,0
-8.077346790730822,-4.1809100706763545,-0.6146559115260066,0.0,0.0,0.0,1000000.0,0.02,0
-5.0926434105458736,-4.337092882104581,-0.09389689401099766,0.0,0.0,0.0,1000000.0,0.02,0
0.707013971578295,0.011370612264370373,-0.7778933780276063,0.0,0.0,0.0,1000000.0,0.02,0
5.166870450383722,-4.056425681983623,0.16938520560457704,0.0,0.0,0.0,1000000.0,0.02,0
-2.6534529424635727,-2.3600214567334143,1.3532054625645777,0.0,0.0,0.0,1000000.0,0.02,0
1.2301166554606322,1.2061316844556662,1.9584859660340497,0.0,0.0,0.0,1000000.0,0.02,0
4.650011005968849,3.466019683692542,-0.9535630948480742,0.0,0.0,0.0,1000000.0,0.02,0
-3.5662715511732834,1.7233755976551266,-0.04856355814797375,0.0,0.0,0.0,1000000.0,0.02,0
5.500084564356043,1.0657915939759826,0.23967851955869968,0.0,0.0,0.0,1000000.0,0.02,0
-1.8469312132283278,-1.7030124791362098,1.7871889673861956,0.0,0.0,0.0,1000000.0,0.02,0
-1.4320935994109423,-0.48654783989038913,0.04279018948022628,0.0,0.0,0.0,1000000.0,0.02,0
19.794781853184027,-10.314061720979293,0.9900939103890707,0.0,0.0,0.0,1000000.0,0.02,0
-4.074990941666043,-4.96368839992393,0.771572472172938,0.0,0.0,0.0,1000000.0,0.02,0
3.063599986930821,16.51018238915397,1.7987123483252843,0.0,0.0,0.0,1000000.0,0.02,0
-0.02616711353483372,0.017990429124689435,-0.4902041511382009,0.0,0.0,0.0,1000000.0,0.02,0
0.19491809802031207,17.640169028199633,-0.6147471665155111,0.0,0.0,0.0,1000000.0,0.02,0
-1.3691859605972585,13.82024598879143,-1.5192010509488902,0.0,0.0,0.0,1000000.0,0.02,0
1.7738568978697995,-2.3790556380811623,0.7615563747754388,0.0,0.0,0.0,1000000.0,0.02,0
1.893972045024253,-0.10962782698778507,-0.06686019965090662,0.0,0.0,0.0,1000000.0,0.02,0
-0.009528208684535671,8.451577231378558,0.5494231375307566,0.0,0.0,0.0,1000000.0,0.02,0
-10.625209297708452,-5.544733521252518,-0.5554080421823224,0.0,0.0,0.0,1000000.0,0.02,0
1.421602755486231,0.5654644561135239,0.40729144371538606,0.0,0.0,0.0,1000000.0,0.02,0
0.0016346848403750475,0.010167479414371147,0.8946767140884972,0.0,0.0,0.0,1000000.0,0.02,0
-7.23844574154916,7.089730348841706,-0.38789080317641833,0.0,0.0,0.0,1000000.0,0.02,0
2.461282662186366,2.45856776248772,0.4135109313848764,0.0,0.0,0.0,1000000.0,0.02,0
-21.608454137768675,-1.7743549329251636,-0.024080425373969483,0.0,0.0,0.0,1000000.0,0.02,0
-4.296960785701092,7.111557493448475,0.15025626673912296,0.0,0.0,0.0,1000000.0,0.02,0
13.589318329681824,7.441516626927182,0.05084588701580284,0.0,0.0,0.0,1000000.0,0.02,0
8.593388940929895,2.996948572733769,0.8223960784247701,0.0,0.0,0.0,1000000.0,0.02,0
18.23599801235807,-12.60788042628713,-1.9522045794509229,0.0,0.0,0.0,1000000.0,0.02,0
-1.3270636428738711,6.33288920947153,0.8503371277809508,0.0,0.0,0.0,1000000.0,0.02,0
-3.206138601601826,0.44833373822662786,0.8225215852572667,0.0,0.0,0.0,1000000.0,0.02,0
-2.3665934038184067,-2.9809139062992345,-0.024725583919021688,0.0,0.0,0.0,1000000.0,0.02,0
-2.3916554536046237,-5.725327011321123,-1.8247227127429966,0.0,0.0,0.0,1000000.0,0.02,0
-2.4597791677983833,-3.059395954864185,-1.5110313199738767,0.0,0.0,0.0,1000000.0,0.02,0
3.752503471959914,0.5896472111589766,-1.8777999814323643,0.0,0.0,0.0,1000000.0,0.02,0
-3.17212590115585,-10.988659117998507,0.001763120126043738,0.0,0.0,0.0,1000000.0,0.02,0
-1.0869255508465328,-3.132376338054746,1.2991994185986018,0.0,0.0,0.0,1000000.0,0.02,0
-5.289231023299112,1.8826093522541054,0.18002320060548627,0.0,0.0,0.0,1000000.0,0.02,0
0.8376715819651519,1.1519486556505814,-1.2659446682948428,0.0,0.0,0.0,1000000.0,0.02,0
3.867540552413281,4.956383957709819,1.2363544407786398,0.0,0.0,0.0,1000000.0,0.02,0
-2.464043657044867,10.620888467592087,0.6901199749467155,0.0,0.0,0.0,1000000.0,0.02,0
2.2644824738634743,7.29745034036015,-0.015050543056786658,0.0,0.0,0.0,1000000.0,0.02,0
-0.01947617582778469,-0.5390230888621302,-0.18289584988051555,0.0,0.0,0.0,1000000.0,0.02,0
15.3315350958377,2.8499820623668546,1.795138278785866,0.0,0.0,0.0,1000000.0,0.02,0
0.22089350948081873,0.1950114142832241,0.16661004581885486,0.0,0.0,0.0,1000000.0,0.02,0
-0.9600805797750118,-0.45288419488246606,-0.6428347198839157,0.0,0.0,0.0,1000000.0,0.02,0
3.455218211076812,-6.034669767719004,1.225015192464518,0.0,0.0,0.0,1000000.0,0.02,0
-4.370461561619086,-8.65559493673319,0.26440211635836874,0.0,0.0,0.0,1000000.0,0.02,0
-5.348852157287977,-0.6748268073886511,0.6275421580689144,0.0,0.0,0.0,1000000.0,0.02,0
-0.9301825748677721,-1.3386898726036132,0.26698719875261556,0.0,0.0,0.0,1000000.0,0.02,0
0.7231404610434692,26.286606626864515,0.4378461660431592,0.0,0.0,0.0,1000000.0,0.02,0
-7.67228499969835,-1.8430317893651889,0.3015446371465398,0.0,0.0,0.0,1000000.0,0.02,0
0.009233556459000704,3.2743542815818962,0.2467775471029432,0.0,0.0,0.0,1000000.0,0.02,0
-16.66610118343345,-16.332838117345723,-0.6532428621077679,0.0,0.0,0.0,1000000.0,0.02,0
-0.6766305016736468,1.687568994173159,-0.7950122198163632,0.0,0.0,0.0,1000000.0,0.02,0
-3.7939195754706536,-1.8985040783463667,-1.1016449375945951,0.0,0.0,0.0,1000000.0,0.02,0
0.7793234317023813,-1.084176378246586,0.2238079146733183,0.0,0.0,0.0,1000000.0,0.02,0
-6.080177054536854,-28.338125313700683,-0.5373784649111073,0.0,0.0,0.0,1000000.0,0.02,0
-17.65324795025329,2.1978671367680094,0.12491920215449515,0.0,0.0,0.0,1000000.0,0.02,0
-3.060705582658735,-5.792380745555835,-0.036555004935562074,0.0,0.0,0.0,1000000.0,0.02,0
-24.992121512131284,-7.302373512333175,-0.41261817654658284,0.0,0.0,0.0,1000000.0,0.02,0
-9.514384417762733,4.128173887414684,1.3415379235985574,0.0,0.0,0.0,1000000.0,0.02,0
-0.019327268977521666,1.1011965503473962,0.3046270069558412,0.0,0.0,0.0,1000000.0,0.02,0
-4.024109614306893,-3.1508680379075744,-1.2234479045564894,0.0,0.0,0.0,1000000.0,0.02,0
-26.497519468192547,9.56815738175612,-0.39822578761317295,0.0,0.0,0.0,1000000.0,0.02,0
-10.98129289159307,7.7399330267605935,1.0325026267195065,0.0,0.0,0.0,1000000.0,0.02,0
-0.752951163582765,-6.2706155199102,1.159932911391401,0.0,0.0,0.0,1000000.0,0.02,0
-4.684502269631678,-12.378039371854102,-0.48888101046379795,0.0,0.0,0.0,1000000.0,0.02,0
0.3459919162856179,-18.477903748160017,-0.996980684412792,0.0,0.0,0.0,1000000.0,0.02,0
-0.1884574403017626,-3.8065107583839017,-0.28312698940866277,0.0,0.0,0.0,1000000.0,0.02,0
10.466651416719179,2.6513873472977125,-0.8321469124894083,0.0,0.0,0.0,1000000.0,0.02,0
-0.013357601417855598,0.010715117806306986,-1.6152072712353318,0.0,0.0,0.0,1000000.0,0.02,0
-13.786245661123745,-3.926396180704228,0.20811489106587988,0.0,0.0,0.0,1000000.0,0.02,0
1.7288414068749682,-4.048444614546539,-0.34358453927894317,0.0,0.0,0.0,1000000.0,0.02,0
-0.2043225542929379,3.331797735138159,-1.1923817218120574,0.0,0.0,0.0,1000000.0,0.02,0
-0.3622259855072369,2.735893705027366,-1.787013896991903,0.0,0.0,0.0,1000000.0,0.02,0
2.5291285652617757,-1.0619815268002561,-1.5465752483336637,0.0,0.0,0.0,1000000.0,0.02,0
-8.689567558627582,-4.256476585330694,-1.5442774740230076,0.0,0.0,0.0,1000000.0,0.02,0
-7.017402684766867,-3.0298713704079185,-0.04091799202706703,0.0,0.0,0.0,1000000.0,0.02,0
3.9253903101410286,-4.039892621720935,-0.6524857380282505,0.0,0.0,0.0,1000000.0,0.02,0
11.908784479484828,12.586865643396049,0.03744192040404215,0.0,0.0,0.0,1000000.0,0.02,0
-5.995337462480138,13.292960393387999,1.9379571440684673,0.0,0.0,0.0,1000000.0,0.02,0
5.019433194302954,3.7611623681966577,-0.26442744178564226,0.0,0.0,0.0,1000000.0,0.02,0
1.8917002206855718,6.192146269195191,-0.5535330960186213,0.0,0.0,0.0,1000000.0,0.02,0
2.738061918708318,-3.6136071911247596,-0.06295781444286064,0.0,0.0,0.0,1000000.0,0.02,0
-4.781905715893131,-2.918673689007942,1.117983434067506,0.0,0.0,0.0,1000000.0,0.02,0
-2.9065659569951507,-10.88545986909629,-0.292710453580713,0.0,0.0,0.0,1000000.0,0.02,0
4.371332812170807,6.730656588123803,0.21458141775723405,0.0,0.0,0.0,1000000.0,0.02,0
-3.2337363555075513,-1.526287041912697,-1.2376627698300986,0.0,0.0,0.0,1000000.0,0.02,0
-8.77437477657413,2.4247192140475793,0.25188278803477804,0.0,0.0,0.0,1000000.0,0.02,0
-3.4401840007209468,4.930147302038853,-1.3168952627685293,0.0,0.0,0.0,1000000.0,0.02,0
1.104720128644129,-5.18255125767056,0.07760677536633409,0.0,0.0,0.0,1000000.0,0.02,0
18.720515625425513,4.078615555716256,-0.932108446675131,0.0,0.0,0.0,1000000.0,0.02,0
15.865887127904353,-19.722329058301703,0.032834951559230774,0.0,0.0,0.0,1000000.0,0.02,0
-0.00920484352015015,-0.5375917594200245,0.46907304185929544,0.0,0.0,0.0,1000000.0,0.02,0
-2.3068886656714516,-4.024957006076213,0.09652245356142597,0.0,0.0,0.0,1000000.0,0.02,0
8.52362927946686,-2.4757134231926856,0.548939184863845,0.0,0.0,0.0,1000000.0,0.02,0
-7.0192861443910495,5.232958608233307,0.27471388210784564,0.0,0.0,0.0,1000000.0,0.02,0
9.806931876158899,-19.99075836810383,0.1807415925941207,0.0,0.0,0.0,1000000.0,0.02,0
4.5826979547723194,6.5088949150987725,0.02030733869262047,0.0,0.0,0.0,1000000.0,0.02,0
-11.697501160267345,-27.201448246883924,1.5284870097509504,0.0,0.0,0.0,1000000.0,0.02,0
-0.4808446647420956,0.7631553335711972,-0.6469419359702098,0.0,0.0,0.0,1000000.0,0.02,0
-0.6670178928276675,1.8166324187106282,-1.4335416352673862,0.0,0.0,0.0,1000000.0,0.02,0
-3.6985695313941918,-20.220467283161195,0.08315853682800878,0.0,0.0,0.0,1000000.0,0.02,0
3.128463400471009,-10.296616865128062,-1.2557677419564621,0.0,0.0,0.0,1000000.0,0.02,0
21.44788381815609,-18.080859209166125,-0.7161262206249148,0.0,0.0,0.0,1000000.0,0.02,0
6.126678226797612,-0.4745095956598752,-1.9079206022487956,0.0,0.0,0.0,1000000.0,0.02,0
-0.7279730600569617,0.4316298851478727,-0.3508025637072629,0.0,0.0,0.0,1000000.0,0.02,0
15.11743687928091,-21.61705581473683,0.9165769099214209,0.0,0.0,0.0,1000000.0,0.02,0
2.668795989715875,4.121321099680621,1.359960460457196,0.0,0.0,0.0,1000000.0,0.02,0
-1.550962405605348,-4.879146949137499,-1.0102513415310597,0.0,0.0,0.0,1000000.0,0.02,0
11.774563187900366,-21.901852114926196,-1.8591184554540936,0.0,0.0,0.0,1000000.0,0.02,0
-4.617985399113124,-0.20628176042901236,1.0497303153097262,0.0,0.0,0.0,1000000.0,0.02,0
-1.0650309658106465,-1.470383773981483,-0.15844897447560502,0.0,0.0,0.0,1000000.0,0.02,0
0.576997990055724,-3.2586298559054234,-0.12482402692954064,0.0,0.0,0.0,1000000.0,0.02,0
17.56364083415051,11.975415842810921,0.04283750382696372,0.0,0.0,0.0,1000000.0,0.02,0
-0.29180049735138286,-3.679504202568399,-0.5061899908606131,0.0,0.0,0.0,1000000.0,0.02,0
5.990354216280777,-4.150212783949111,1.7788664893240362,0.0,0.0,0.0,1000000.0,0.02,0
-1.1981311481685781,0.09234717659910083,-0.17858147342562347,0.0,0.0,0.0,1000000.0,0.02,0
-18.10155924961067,19.22434089081112,-0.36599288227873217,0.0,0.0,0.0,1000000.0,0.02,0
-8.996041839512857,-9.370211608452564,0.1727351867518392,0.0,0.0,0.0,1000000.0,0.02,0
1.7579379479266566,-0.745439405426504,1.0656708090415243,0.0,0.0,0.0,1000000.0,0.02,0
-6.806798703866248,7.881584312601093,0.5998894969975996,0.0,0.0,0.0,1000000.0,0.02,0
-3.982295949310034,-5.753489438190626,0.777274132829656,0.0,0.0,0.0,1000000.0,0.02,0
8.645417245071089,-4.837720488523064,-1.3184005877137794,0.0,0.0,0.0,1000000.0,0.02,0
0.2083307741546884,1.7204700134891164,-1.9176723557586284,0.0,0.0,0.0,1000000.0,0.02,0
-3.1650688411302554,1.0958230406043743,1.6466425265641629,0.0,0.0,0.0,1000000.0,0.02,0
-0.9685378116040437,0.9483784181618465,0.8892480285760946,0.0,0.0,0.0,1000000.0,0.02,0
-25.365010917038646,-3.8632563752063103,-0.5287088399645752,0.0,0.0,0.0,1000000.0,0.02,0
-2.779373998717168,2.3655319838577644,0.0029110987764751073,0.0,0.0,0.0,1000000.0,0.02,0
7.3438194443807925,-13.632533266282204,0.27269219269933753,0.0,0.0,0.0,1000000.0,0.02,0
8.164487383192732,16.694924302091163,0.6530475123167898,0.0,0.0,0.0,1000000.0,0.02,0
-3.853722637606351,-5.7822969557519,-0.8090942283242475,0.0,0.0,0.0,1000000.0,0.02,0
-2.491058193102252,-4.241114858629452,0.36062434399659615,0.0,0.0,0.0,1000000.0,0.02,0
-5.132324637835385,-3.887805843524548,0.6471608742841051,0.0,0.0,0.0,1000000.0,0.02,0
-0.0511118197211589,1.3403881733010539,1.1562712802200492,0.0,0.0,0.0,1000000.0,0.02,0
-26.260412454519418,-4.264096847286026,-1.6391322923786706,0.0,0.0,0.0,1000000.0,0.02,0
0.5659305153933873,2.8072553927380177,0.2300217277734813,0.0,0.0,0.0,1000000.0,0.02,0
-6.242914039026778,1.660314187866759,-1.0841771469521122,0.0,0.0,0.0,1000000.0,0.02,0
-4.155585293588572,-2.721714374598949,-1.106331679980486,0.0,0.0,0.0,1000000.0,0.02,0
1.2238988718761392,22.175042843492644,0.5966574344020463,0.0,0.0,0.0,1000000.0,0.02,0
5.7510281660106735,6.917124536771887,-0.06994135744221452,0.0,0.0,0.0,1000000.0,0.02,0
-6.166644841501679,1.280848417462544,0.46956693906493374,0.0,0.0,0.0,1000000.0,0.02,0
0.47946177851461863,-0.21443297288862342,0.5564690797677772,0.0,0.0,0.0,1000000.0,0.02,0
5.4034256406320536,5.400366691437104,1.0313072177926799,0.0,0.0,0.0,1000000.0,0.02,0
3.260063649229502,0.11063943768957815,-0.37671006048644085,0.0,0.0,0.0,1000000.0,0.02,0
-2.1646183189153403,2.369734775934698,0.5440405527075942,0.0,0.0,0.0,1000000.0,0.02,0
-1.3697590100260506,-0.8508135515178075,-0.08083953127405774,0.0,0.0,0.0,1000000.0,0.02,0
-12.136453755713143,-10.464277814094977,-0.7886481628004374,0.0,0.0,0.0,1000000.0,0.02,0
-9.719771401780857,-4.806616338688326,-1.8382629845592895,0.0,0.0,0.0,1000000.0,0.02,0
-8.333182100811008,4.501749041916113,0.49416244225214534,0.0,0.0,0.0,1000000.0,0.02,0
-7.331582552902325,-1.3735009793517148,0.05861280571116101,0.0,0.0,0.0,1000000.0,0.02,0
-10.604475889173074,9.971808096123336,-1.8216257972434091,0.0,0.0,0.0,1000000.0,0.02,0
-6.244716123139,-4.861921494186766,-0.8142432365765186,0.0,0.0,0.0,1000000.0,0.02,0
2.766373941230058,1.06644255581181,-1.538753808518904,0.0,0.0,0.0,1000000.0,0.02,0
1.4847968376596592,-2.1189430459014664,0.3951174719574668,0.0,0.0,0.0,1000000.0,0.02,0
-2.0734716607614487,-0.4779166857141814,-1.6967428808956617,0.0,0.0,0.0,1000000.0,0.02,0
-2.6969914690401073,-13.92486904843764,-1.0364394386995723,0.0,0.0,0.0,1000000.0,0.02,0
1.675372475207713,-1.128580878878437,-0.0855993969236204,0.0,0.0,0.0,1000000.0,0.02,0
6.121799082879791,-0.7228458378088266,0.18788715640936982,0.0,0.0,0.0,1000000.0,0.02,0
9.527717790768078,5.213343794951713,-0.8362800663597412,0.0,0.0,0.0,1000000.0,0.02,0
-26.983523681316278,12.238740687539579,0.3765725529233679,0.0,0.0,0.0,1000000.0,0.02,0
2.8301811557580647,3.154859235126782,1.0848024791919633,0.0,0.0,0.0,1000000.0,0.02,0
1.3437633927273163,0.4176798377904322,0.186684442003898,0.0,0.0,0.0,1000000.0,0.02,0
-4.850563186669982,-0.9131806274277642,0.09096434371241546,0.0,0.0,0.0,1000000.0,0.02,0
-4.744017435859108,-5.699032701339958,0.4596947767272166,0.0,0.0,0.0,1000000.0,0.02,0
0.7581276604436984,-0.1042516015384731,-1.1905971958796933,0.0,0.0,0.0,1000000.0,0.02,0
-2.7678959216234786,3.0316104628411513,0.1871311082480318,0.0,0.0,0.0,1000000.0,0.02,0
-1.5533788585720059,-12.51034433754893,0.07478730734046479,0.0,0.0,0.0,1000000.0,0.02,0
-12.209243433572293,12.72266141220068,0.6248071878343309,0.0,0.0,0.0,1000000.0,0.02,0
-17.491581076438614,7.59498267862377,0.04645766282596764,0.0,0.0,0.0,1000000.0,0.02,0
-9.180475071329276,-15.441874843692343,1.3702487721762067,0.0,0.0,0.0,1000000.0,0.02,0
4.8813541716887725,-7.472229063024001,0.7566099420043075,0.0,0.0,0.0,1000000.0,0.02,0
-4.87060696205704,-3.2265323116890015,-1.1531111577114705,0.0,0.0,0.0,1000000.0,0.02,0
1.7780673875241753,-8.49359604540345,-0.09384158234916562,0.0,0.0,0.0,1000000.0,0.02,0
-6.52956482425239,2.2586415397643576,1.2280905255301793,0.0,0.0,0.0,1000000.0,0.02,0
-7.572913810121233,8.087227700383362,-0.9889336240365365,0.0,0.0,0.0,1000000.0,0.02,0
5.106879733286658,0.10117557771072891,-0.11555887051190883,0.0,0.0,0.0,1000000.0,0.02,0
-1.3877382305837176,-0.343510688482693,0.7785177983561491,0.0,0.0,0.0,1000000.0,0.02,0
2.3548787198711207,8.297181906750481,1.002966938165403,0.0,0.0,0.0,1000000.0,0.02,0
0.3387827624241291,-2.750816458200501,-1.390140219682542,0.0,0.0,0.0,1000000.0,0.02,0
-3.109213525288418,0.9687280218959805,0.7540947430548703,0.0,0.0,0.0,1000000.0,0.02,0
5.508426508412818,-1.2601495171210864,1.3510579598076013,0.0,0.0,0.0,1000000.0,0.02,0
1.2597213949445252,-3.6692822782109147,0.6497345553321026,0.0,0.0,0.0,1000000.0,0.02,0
-16.723438997666157,0.26129848616795465,-0.6035663993064402,0.0,0.0,0.0,1000000.0,0.02,0
0.0015014380343875168,-8.442725472849839,1.9451750369438203,0.0,0.0,0.0,1000000.0,0.02,0
-0.023374132434287292,-3.431050364496917,0.8993596103283075,0.0,0.0,0.0,1000000.0,0.02,0
0.16097916818485605,-0.06447333938211311,1.2067594196258797,0.0,0.0,0.0,1000000.0,0.02,0
-0.7300433553535434,0.07540638475741061,-1.395709565486496,0.0,0.0,0.0,1000000.0,0.02,0
-0.17466831004898256,9.58143129954086,-0.4861289554470023,0.0,0.0,0.0,1000000.0,0.02,0
2.473472033109594,0.7001922206562331,-0.2672831254395813,0.0,0.0,0.0,1000000.0,0.02,0
-0.3867308627766451,15.569950342392831,-1.0624604472061465,0.0,0.0,0.0,1000000.0,0.02,0
3.193481745801132,23.34081817095401,-0.7186055178262167,0.0,0.0,0.0,1000000.0,0.02,0
2.4997839267794433,-1.8687876067528701,-0.2708406258410383,0.0,0.0,0.0,1000000.0,0.02,0
-7.359883831589757,3.7177907543819795,-0.036885162573383035,0.0,0.0,0.0,1000000.0,0.02,0
4.455092304209019,6.666540882954703,-1.7605437871670286,0.0,0.0,0.0,1000000.0,0.02,0
6.028288656109922,-1.705208926949429,0.9350626906245685,0.0,0.0,0.0,1000000.0,0.02,0
-0.6541831526603462,-4.3088225634325905,-0.11098389492901717,0.0,0.0,0.0,1000000.0,0.02,0
-4.068983279867618,-9.367191225902841,-0.14242216303046984,0.0,0.0,0.0,1000000.0,0.02,0
7.398259717852998,-4.823592411704542,-0.20989964959535,0.0,0.0,0.0,1000000.0,0.02,0
18.934711786057267,1.0437266232766433,1.2392565930567434,0.0,0.0,0.0,1000000.0,0.02,0
-4.8639492769931705,4.055035101415812,1.073368906339537,0.0,0.0,0.0,1000000.0,0.02,0
-6.7392864312444845,-4.019314757633327,-1.6647940540481763,0.0,0.0,0.0,1000000.0,0.02,0
10.167868009495338,6.742713980183341,0.7048080809309667,0.0,0.0,0.0,1000000.0,0.02,0
2.428037331726465,-20.388053920595837,-1.5485907953727978,0.0,0.0,0.0,1000000.0,0.02,0
4.431503055493981,-2.1536831065274886,-0.402685544469751,0.0,0.0,0.0,1000000.0,0.02,0
-0.2921441035658523,1.8095100603555503,0.22776232808162167,0.0,0.0,0.0,1000000.0,0.02,0
-0.34858334714903144,2.2620764817985095,-1.006944852043282,0.0,0.0,0.0,1000000.0,0.02,0
-3.728732330961222,12.59970075123245,1.2957679066711911,0.0,0.0,0.0,1000000.0,0.02,0
2.6845459452806577,5.043901069509174,1.8985601497804838,0.0,0.0,0.0,1000000.0,0.02,0
8.839433645392079,-4.2344844313185055,-0.14932634398069933,0.0,0.0,0.0,1000000.0,0.02,0
-14.152529739091866,22.043153386793843,-0.2030366109236006,0.0,0.0,0.0,1000000.0,0.02,0
4.604519590614197,2.1755080698986955,-0.4700172043020361,0.0,0.0,0.0,1000000.0,0.02,0
-23.983265347703277,-6.931210912703817,1.0256642587650093,0.0,0.0,0.0,1000000.0,0.02,0
-1.5075064063109662,-3.779999092280696,-0.12639288425278572,0.0,0.0,0.0,1000000.0,0.02,0
-4.667053282599441,7.774464606770667,0.13770815972173267,0.0,0.0,0.0,1000000.0,0.02,0
3.4641120131164373,15.60310068153551,0.738251662121848,0.0,0.0,0.0,1000000.0,0.02,0
1.456350705051804,-16.87578748417399,-0.6500360898981592,0.0,0.0,0.0,1000000.0,0.02,0
-1.7303937679149841,0.23446252943035917,-0.32745527090255067,0.0,0.0,0.0,1000000.0,0.02,0
-5.057975003542758,3.9560857965882636,0.41636291153608607,0.0,0.0,0.0,1000000.0,0.02,0
-0.7682560224213808,3.984765452369527,0.8973647604326924,0.0,0.0,0.0,1000000.0,0.02,0
-4.733907100867178,2.4161905633851664,-0.25443767660433636,0.0,0.0,0.0,1000000.0,0.02,0
-3.6217496022790976,1.4356339057690368,-0.8205499185506522,0.0,0.0,0.0,1000000.0,0.02,0
-11.672414518278762,-3.4328046852751313,1.5945345487892197,0.0,0.0,0.0,1000000.0,0.02,0
-14.027586858983748,5.2951969686170415,0.43664093670443105,0.0,0.0,0.0,1000000.0,0.02,0
19.075261749933908,-16.168750005795783,0.04187461180888352,0.0,0.0,0.0,1000000.0,0.02,0
-11.387671078362853,-21.57699987434179,-0.7758837355840447,0.0,0.0,0.0,1000000.0,0.02,0
15.076342498736024,-1.2102350570185825,0.03691942896494815,0.0,0.0,0.0,1000000.0,0.02,0
-11.860253001171209,-17.12660561466677,-1.5190364904867275,0.0,0.0,0.0,1000000.0,0.02,0
6.924291721915558,12.043267191019293,0.07277009845787052,0.0,0.0,0.0,1000000.0,0.02,0
-0.1933229374313902,0.345629095577569,-1.213513134415476,0.0,0.0,0.0,1000000.0,0.02,0
0.4581189324098296,1.8814567167072977,-1.4236071506552284,0.0,0.0,0.0,1000000.0,0.02,0
2.603575234855991,-2.7193315544324994,0.7107240922490359,0.0,0.0,0.0,1000000.0,0.02,0
1.3413629106732163,-8.98609995772896,0.25681305156681056,0.0,0.0,0.0,1000000.0,0.02,0
7.424526838666306,-4.614407927825628,-0.6468880730755542,0.0,0.0,0.0,1000000.0,0.02,0
4.192197160184013,-6.70111507638192,1.1190774137968775,0.0,0.0,0.0,1000000.0,0.02,0
9.936888879256475,0.5216701873556072,1.895358770126414,0.0,0.0,0.0,1000000.0,0.02,0
-9.751615229770872,-2.6732714735646694,-0.15366745644518254,0.0,0.0,0.0,1000000.0,0.02,0
2.284542818603194,-1.3754858223618622,1.6093225833890532,0.0,0.0,0.0,1000000.0,0.02,0
0.7252422112919774,-0.7227609877759765,-0.6968633420452344,0.0,0.0,0.0,1000000.0,0.02,0
-7.943777226934345,9.92363346236435,0.8349985579491381,0.0,0.0,0.0,1000000.0,0.02,0
-22.036183284580215,9.272630972467665,1.0808957842002318,0.0,0.0,0.0,1000000.0,0.02,0
0.9856748576003839,-0.42094103294668045,0.5145663779864202,0.0,0.0,0.0,1000000.0,0.02,0
-0.932763634146173,-12.014683904297808,-0.925319658291353,0.0,0.0,0.0,1000000.0,0.02,0
-12.203752065687,5.442578135091392,1.7402707735473752,0.0,0.0,0.0,1000000.0,0.02,0
-10.7733314430656,-11.318147849785987,-1.975835911097076,0.0,0.0,0.0,1000000.0,0.02,0
3.503032373653001,1.065612509026728,-1.6786406166309185,0.0,0.0,0.0,1000000.0,0.02,0
-0.3944218809656496,-0.0805170136359483,0.3499241661870176,0.0,0.0,0.0,1000000.0,0.02,0
-0.4190206045603508,0.09972684186653565,0.08447501291646198,0.0,0.0,0.0,1000000.0,0.02,0
2.4218525876090826,10.744196430095496,-0.4610200839594114,0.0,0.0,0.0,1000000.0,0.02,0
-1.452497958592113,-0.6732175259235651,-1.0019004444868553,0.0,0.0,0.0,1000000.0,0.02,0
-1.2479455134214537,1.6583683635398574,-0.60223937957063,0.0,0.0,0.0,1000000.0,0.02,0
6.901536165842935,-8.626772724093142,0.4924172784885421,0.0,0.0,0.0,1000000.0,0.02,0
5.106661233889513,-6.022590539417683,-1.357868286159273,0.0,0.0,0.0,1000000.0,0.02,0
2.3633333579769165,5.924197406608843,1.2453846346341875,0.0,0.0,0.0,1000000.0,0.02,0
1.3582108656680627,-1.1309052879139776,1.6111392123944723,0.0,0.0,0.0,1000000.0,0.02,0
-1.235777824394944,-15.73056737060057,-0.7533763296186002,0.0,0.0,0.0,1000000.0,0.02,0
10.377101693609035,-2.1119736833215104,-1.4166396887164732,0.0,0.0,0.0,1000000.0,0.02,0
18.303857136273802,-14.478723844300607,-1.158530403457231,0.0,0.0,0.0,1000000.0,0.02,0
4.489248455994293,0.7573271335819967,-0.739427606360838,0.0,0.0,0.0,1000000.0,0.02,0
5.356600258250724,-6.404284524310516,-1.1665978953118206,0.0,0.0,0.0,1000000.0,0.02,0
3.5344569644479735,-5.702797177966672,0.15810699491337132,0.0,0.0,0.0,1000000.0,0.02,0
7.484390191023421,6.197401227907433,1.0132333095120005,0.0,0.0,0.0,1000000.0,0.02,0
-1.6563015193021895,-3.5194875349407004,-0.49025903036564955,0.0,0.0,0.0,1000000.0,0.02,0
-1.771912845082649,4.639344949517494,0.4497987464831885,0.0,0.0,0.0,1000000.0,0.02,0
1.1109004196720946,4.65366356738214,-1.8346174332261205,0.0,0.0,0.0,1000000.0,0.02,0
4.321615986520599,0.5175191854907928,-1.1401993143917482,0.0,0.0,0.0,1000000.0,0.02,0
-0.05465528553636795,0.43960628142983965,0.04767996537163022,0.0,0.0,0.0,1000000.0,0.02,0
11.622167257354189,8.551542390064364,0.19337672733756683,0.0,0.0,0.0,1000000.0,0.02,0
0.02284183503757427,-0.0006751398864044756,0.27534832894045635,0.0,0.0,0.0,1000000.0,0.02,0
0.484002380079997,-3.3975004044345907,-0.24993417865189205,0.0,0.0,0.0,1000000.0,0.02,0
2.409753309381873,12.625613606458339,0.15929881779900779,0.0,0.0,0.0,1000000.0,0.02,0
0.1995485784629143,-1.4745449338461776,-1.6166258065427526,0.0,0.0,0.0,1000000.0,0.02,0
-0.33195360414793423,0.30165217999888,-0.6467316560886873,0.0,0.0,0.0,1000000.0,0.02,0
-6.61196550273688,3.003535053769761,1.2540103192245216,0.0,0.0,0.0,1000000.0,0.02,0
1.3162574017635922,-0.06576406840141244,-0.4819893366500798,0.0,0.0,0.0,1000000.0,0.02,0
-11.171893785732342,-0.3290493487016966,-1.3109483192231997,0.0,0.0,0.0,1000000.0,0.02,0
-1.8400815863782858,0.9718638681015107,0.1347166463792142,0.0,0.0,0.0,1000000.0,0.02,0
-3.591371669230707,13.260467582466731,0.1211306730504198,0.0,0.0,0.0,1000000.0,0.02,0
-2.0424889277150977,-9.13513267068309,0.3582277516322563,0.0,0.0,0.0,1000000.0,0.02,0
12.338416282329826,16.916806987359465,-1.5297703484383236,0.0,0.0,0.0,1000000.0,0.02,0
-5.375453012546268,-6.47137813365452,-0.09751643666540133,0.0,0.0,0.0,1000000.0,0.02,0
0.6027844609388902,9.657966814711731,0.14647070235975956,0.0,0.0,0.0,1000000.0,0.02,0
-6.009464859318566,4.6404762639613,1.2741360970614144,0.0,0.0,0.0,1000000.0,0.02,0
6.7300389794467455,7.5654095796604075,1.883765079447465,0.0,0.0,0.0,1000000.0,0.02,0
1.6748814124946125,-0.06681768179183023,-0.49864696720810997,0.0,0.0,0.0,1000000.0,0.02,0
0.3665208476319339,0.0035154369392536265,0.5320737666685487,0.0,0.0,0.0,1000000.0,0.02,0
-1.2756158469047951,1.1678747810779209,0.3514412510126821,0.0,0.0,0.0,1000000.0,0.02,0
-1.4751579133092791,-1.9030808181717134,-0.3181223608049839,0.0,0.0,0.0,1000000.0,0.02,0
-14.856487293040997,-19.174338501592903,-0.6050548813658709,0.0,0.0,0.0,1000000.0,0.02,0
-0.7108165604677117,-0.35768900092834394,-1.6318601724504056,0.0,0.0,0.0,1000000.0,0.02,0
-0.7959121208950406,-0.8111423602424925,0.23310288370407584,0.0,0.0,0.0,1000000.0,0.02,0
-4.478466180845412,0.4717219653303219,0.021124691410937757,0.0,0.0,0.0,1000000.0,0.02,0
2.2972710962376395,-2.9315857649299684,0.38392732119153283,0.0,0.0,0.0,1000000.0,0.02,0
8.36918039300464,6.636321930513757,-1.7830176585888946,0.0,0.0,0.0,1000000.0,0.02,0
-0.30689737143441004,-2.187466506014399,1.9074561452299816,0.0,0.0,0.0,1000000.0,0.02,0
0.5029807475933801,1.2311013922591862,0.011949609676017658,0.0,0.0,0.0,1000000.0,0.02,0
8.38493636812158,12.391783712826925,-1.0056393193358018,0.0,0.0,0.0,1000000.0,0.02,0
0.6063845987782559,-2.621279713068014,-1.1703073054726705,0.0,0.0,0.0,1000000.0,0.02,0
5.832343744180702,-1.1737170634079102,0.2835144455946752,0.0,0.0,0.0,1000000.0,0.02,0
-9.138686975150899,-17.56775033653752,-0.003022988917558145,0.0,0.0,0.0,1000000.0,0.02,0
0.7028690041872715,1.5590847225465896,0.14954880280409633,0.0,0.0,0.0,1000000.0,0.02,0
2.4080522696667885,3.7428205114395166,0.6467904374526547,0.0,0.0,0.0,1000000.0,0.02,0
3.002863485361178,7.445111838923284,-0.8323946476956401,0.0,0.0,0.0,1000000.0,0.02,0
-5.922699168542436,-4.638256157976337,0.42588867993898827,0.0,0.0,0.0,1000000.0,0.02,0
7.8332041632460925,14.288236028318074,-0.47893971061130536,0.0,0.0,0.0,1000000.0,0.02,0
3.8975833222365597,-0.6646616339061274,1.613905935107245,0.0,0.0,0.0,1000000.0,0.02,0
-2.133657259410796,8.872305654999924,1.5193596657391186,0.0,0.0,0.0,1000000.0,0.02,0
-8.358510835907367,-0.5997040728938751,-1.1261600463081587,0.0,0.0,0.0,1000000.0,0.02,0
-0.4670226967041664,0.8494138220203953,0.6296298311832071,0.0,0.0,0.0,1000000.0,0.02,0
-3.457036236031636,13.04742416141884,-0.14102150938624547,0.0,0.0,0.0,1000000.0,0.02,0
-4.858917022533832,-1.344579026198677,0.9159797922387662,0.0,0.0,0.0,1000000.0,0.02,0
11.86736092736321,-9.20684139435279,-0.14826287096185808,0.0,0.0,0.0,1000000.0,0.02,0
2.9698081616063448,2.9187738803656194,-0.7094631631600077,0.0,0.0,0.0,1000000.0,0.02,0
1.9078902751220417,-0.12965330759649688,-0.2799790681447183,0.0,0.0,0.0,1000000.0,0.02,0
4.254679335364666,4.349712971216293,-0.18503490911797904,0.0,0.0,0.0,1000000.0,0.02,0
7.780293813000131,3.3790244214943623,0.41665639973322666,0.0,0.0,0.0,1000000.0,0.02,0
4.127410176133815,-3.828866123850466,-0.7265815700710254,0.0,0.0,0.0,1000000.0,0.02,0
-2.999055857155517,16.43019279161263,-1.2403904715101444,0.0,0.0,0.0,1000000.0,0.02,0
1.2561187122582327,2.215777140274723,0.15020188881479424,0.0,0.0,0.0,1000000.0,0.02,0
8.979957078640398,12.367558779697966,0.12376565198259026,0.0,0.0,0.0,1000000.0,0.02,0
-12.54594956949166,-13.211613156706226,0.7311430438890163,0.0,0.0,0.0,1000000.0,0.02,0
0.29766834094941563,8.052031727831178,0.23061004990876732,0.0,0.0,0.0,1000000.0,0.02,0
7.2912603878343845,-0.03044766884361439,1.1561806478994612,0.0,0.0,0.0,1000000.0,0.02,0
16.202208989413567,2.9153149132377765,-0.192371442079045,0.0,0.0,0.0,1000000.0,0.02,0
-15.29368655642609,4.648832278197284,1.008910016047846,0.0,0.0,0.0,1000000.0,0.02,0
-1.8048484347772387,-0.37636530508123706,-1.4799620358658618,0.0,0.0,0.0,1000000.0,0.02,0
-1.2527014815542477,-1.0288126761038876,-1.047032209820439,0.0,0.0,0.0,1000000.0,0.02,0
-4.006040408658778,-2.8447889305183347,0.32970760390853826,0.0,0.0,0.0,1000000.0,0.02,0
2.3358407432889337,0.13202344272374106,0.2926766004753718,0.0,0.0,0.0,1000000.0,0.02,0
0.1578183452024597,-1.8540250230699988,-0.047511136960474154,0.0,0.0,0.0,1000000.0,0.02,0
5.378479270480643,5.678388495287777,1.3523437478179074,0.0,0.0,0.0,1000000.0,0.02,0
13.78599501225332,9.34640882218496,-0.9396468981945922,0.0,0.0,0.0,1000000.0,0.02,0
1.9109919953162673,10.18641928026083,-0.139765747501591,0.0,0.0,0.0,1000000.0,0.02,0
7.4616319026602,7.967169697884515,-1.0953423206654769,0.0,0.0,0.0,1000000.0,0.02,0
-3.5123140428313557,8.544695162444027,0.9161805002198848,0.0,0.0,0.0,1000000.0,0.02,0
-0.22586735698109323,5.556713821780914,-1.2470741111151193,0.0,0.0,0.0,1000000.0,0.02,0
-0.09511829651092783,-1.5953467248846918,-1.3483576242289486,0.0,0.0,0.0,1000000.0,0.02,0
0.38699316973212133,-1.5007762651488306,-0.14773652571556184,0.0,0.0,0.0,1000000.0,0.02,0
7.298271346405966,-5.153891758677474,0.5775115201873726,0.0,0.0,0.0,1000000.0,0.02,0
-14.018835119341206,3.7452881877590616,-0.5434213940430279,0.0,0.0,0.0,1000000.0,0.02,0
2.3763290253100444,-12.2758857528071,0.7410283333337819,0.0,0.0,0.0,1000000.0,0.02,0
6.04351202752123,8.375647856510751,-0.3058413219258789,0.0,0.0,0.0,1000000.0,0.02,0
2.2305245614650184,2.325498411679142,-1.974830559850008,0.0,0.0,0.0,1000000.0,0.02,0
-12.422882683254212,3.278937886816441,0.764042276487876,0.0,0.0,0.0,1000000.0,0.02,0
-5.157607474932037,-12.689292835230816,0.10928556456659688,0.0,0.0,0.0,1000000.0,0.02,0
7.6318383159629395,-11.810642933412637,-0.5987235357836331,0.0,0.0,0.0,1000000.0,0.02,0
-3.3046223191554764,4.186300491181437,-1.1707552493746265,0.0,0.0,0.0,1000000.0,0.02,0
-0.24105631049560772,0.0679816340836485,-0.8379759380229626,0.0,0.0,0.0,1000000.0,0.02,0
1.2716985933298368,12.028687909519563,0.5279588198687124,0.0,0.0,0.0,1000000.0,0.02,0
0.6669602018466825,7.037118656652168,0.2421040126911933,0.0,0.0,0.0,1000000.0,0.02,0
4.248426777159496,-1.0920236378473445,-0.4233224899605519,0.0,0.0,0.0,1000000.0,0.02,0
0.1593141723538768,-6.504390180963411,-0.12834416842197705,0.0,0.0,0.0,1000000.0,0.02,0
-0.46046557367552443,5.796937187337646,-0.6115186576061475,0.0,0.0,0.0,1000000.0,0.02,0
-13.060109237111504,-0.27393918049744287,-0.8798873003552403,0.0,0.0,0.0,1000000.0,0.02,0
-15.288526765434193,0.7981704048691635,0.07572600763651138,0.0,0.0,0.0,1000000.0,0.02,0
-3.8147968511834316,8.175645776273985,-1.487726012659616,0.0,0.0,0.0,1000000.0,0.02,0
-8.032723899149893,-16.729644236524745,-0.04249982091354276,0.0,0.0,0.0,1000000.0,0.02,0
1.059843414173497,0.7677138635715409,-0.79075318158612,0.0,0.0,0.0,1000000.0,0.02,0
16.580300518853473,8.26090252708841,-0.028964930522651144,0.0,0.0,0.0,1000000.0,0.02,0
-3.8776883231333863,6.849421848964987,1.3410186884237447,0.0,0.0,0.0,1000000.0,0.02,0
-0.06537916809697726,3.606203747239345,-1.5526924183655897,0.0,0.0,0.0,1000000.0,0.02,0
-5.335521018132877,-17.382325578724537,-0.9262593610935523,0.0,0.0,0.0,1000000.0,0.02,0
-3.653772703245501,-19.17570964207792,-0.9656273027275537,0.0,0.0,0.0,1000000.0,0.02,0
-9.484555216616732,4.707027688963413,0.30396573770452306,0.0,0.0,0.0,1000000.0,0.02,0
-0.48257729378847036,-8.086439224036386,1.1166617269494798,0.0,0.0,0.0,1000000.0,0.02,0
0.8178739972096517,-1.8641117890623735,0.2543047461348209,0.0,0.0,0.0,1000000.0,0.02,0
3.55484119154943,4.718207510431995,1.5456321177113592,0.0,0.0,0.0,1000000.0,0.02,0
-16.363645927300237,9.42119534194622,-0.8234549407329865,0.0,0.0,0.0,1000000.0,0.02,0
-0.2033455239686819,-0.036196504553928754,-0.6961002063124786,0.0,0.0,0.0,1000000.0,0.02,0
2.104629714076459,-2.7260836722455117,0.2975482354921457,0.0,0.0,0.0,1000000.0,0.02,0
0.15108913262215187,-0.2604541025627653,-1.716790504339416,0.0,0.0,0.0,1000000.0,0.02,0
-0.02868843920693474,0.47957389092270586,-1.221679994209146,0.0,0.0,0.0,1000000.0,0.02,0
12.588717317118878,-24.374256511524656,0.7482924655774843,0.0,0.0,0.0,1000000.0,0.02,0
-1.6845003101973992,2.4315165967390877,-0.4536386508664165,0.0,0.0,0.0,1000000.0,0.02,0
-0.9968613680999173,0.7098761266722222,1.0008483001215245,0.0,0.0,0.0,1000000.0,0.02,0
2.3279447830613353,-7.834698342395033,-0.09379603038695894,0.0,0.0,0.0,1000000.0,0.02,0
8.82136939927065,23.503235825562463,-1.268702277531939,0.0,0.0,0.0,1000000.0,0.02,0
-1.9572127759520384,-1.6999064035329456,0.7226963096689509,0.0,0.0,0.0,1000000.0,0.02,0
12.770969208132641,3.9521869915851537,0.26459979686255775,0.0,0.0,0.0,1000000.0,0.02,0
-6.140246792120301,-1.8592955981263701,-1.8848709194600248,0.0,0.0,0.0,1000000.0,0.02,0
0.2811624623871048,-2.579779221303675,0.8397674352944193,0.0,0.0,0.0,1000000.0,0.02,0
0.014258459359777018,-5.3695653484905215,0.5430027381149127,0.0,0.0,0.0,1000000.0,0.02,0
8.663876044731039,2.636457086909189,0.6115854660206024,0.0,0.0,0.0,1000000.0,0.02,0
-5.826728025966591,12.57371763825016,-1.2166960406599836,0.0,0.0,0.0,1000000.0,0.02,0
-3.274458536179802,1.277223022720798,0.8566675222359184,0.0,0.0,0.0,1000000.0,0.02,0
